city_name,subdivision_id,house_number,street,lat,lon,source
Pittsburgh,,4671,Oak Ave,40.486938621924836,-79.99592845060002,OSM
Pittsburgh,,1063,Maple Dr,40.4507199407934,-80.03062963485752,OSM
Pittsburgh,,9632,Park Ave,40.392421820113064,-79.98086777712712,OSM
Pittsburgh,,514,Maple Dr,40.460492419944586,-79.99965023832287,OSM
Pittsburgh,,8771,Washington Blvd,40.422653120538904,-80.0217062235274,OSM
Pittsburgh,,9029,Park Ave,40.44964284194801,-80.03251278859818,OSM
Pittsburgh,,380,Maple Dr,40.43313862791635,-79.97412689362685,OSM
Pittsburgh,,330,Oak Ave,40.42626010757821,-80.0390285881182,OSM
Pittsburgh,,8478,Maple Dr,40.46985953651103,-79.95431649553235,OSM
Pittsburgh,,800,Main St,40.45920920787376,-79.95995534900287,OSM
Pittsburgh,,6414,Oak Ave,40.473276127044834,-79.99120844963207,OSM
Pittsburgh,,6689,Washington Blvd,40.39938438161573,-80.02300812941893,OSM
Pittsburgh,,6852,Oak Ave,40.46752073658776,-79.97304663585213,OSM
Pittsburgh,,6342,Elm St,40.490092430471044,-80.03462660168132,OSM
Pittsburgh,,1675,Oak Ave,40.46631375842966,-79.95702583068314,OSM
Pittsburgh,,4409,Elm St,40.44949874079089,-80.01722549720479,OSM
Pittsburgh,,5094,Elm St,40.391822248852066,-79.96764211869548,OSM
Pittsburgh,,4969,Washington Blvd,40.43963533293973,-79.95170507731305,OSM
Pittsburgh,,19,Maple Dr,40.40218922776433,-80.0399381989192,OSM
Pittsburgh,,564,Main St,40.42259849524333,-80.01684001985652,OSM
Pittsburgh,,1142,Washington Blvd,40.408425676353325,-80.01054551541391,OSM
Pittsburgh,,884,Park Ave,40.39505963800326,-79.97975742201993,OSM
Pittsburgh,,5409,Main St,40.41204178451276,-80.03711230738635,OSM
Pittsburgh,,9524,Oak Ave,40.47195231133838,-80.02613467948882,OSM
Pittsburgh,,1181,Washington Blvd,40.40287785366582,-79.9903879627345,OSM
Pittsburgh,,7335,Main St,40.48610357802142,-80.00978061797029,OSM
Pittsburgh,,15,Maple Dr,40.42623247591349,-79.94660671787388,OSM
Pittsburgh,,5793,Main St,40.48706587503671,-79.99342797490253,OSM
Pittsburgh,,3846,Maple Dr,40.45092234877624,-80.02783250158124,OSM
Pittsburgh,,5632,Washington Blvd,40.44056184552271,-80.02419210418802,OSM
Pittsburgh,,9679,Washington Blvd,40.398534337586746,-80.00907709053723,OSM
Pittsburgh,,2866,Elm St,40.47404872395873,-79.96598915854148,OSM
Pittsburgh,,8938,Maple Dr,40.44059160248186,-80.0076668253256,OSM
Pittsburgh,,1771,Washington Blvd,40.47856030344702,-79.95343862450281,OSM
Pittsburgh,,9463,Elm St,40.482589612007246,-80.04067272679292,OSM
Pittsburgh,,9419,Elm St,40.415933860314716,-79.96999089255435,OSM
Pittsburgh,,4005,Maple Dr,40.393926842807986,-79.9504370996625,OSM
Pittsburgh,,3217,Main St,40.41232224657396,-79.96694154954088,OSM
Pittsburgh,,79,Oak Ave,40.43937156545359,-80.01280426314881,OSM
Pittsburgh,,3913,Maple Dr,40.48991839204348,-80.01043372150696,OSM
Pittsburgh,,7901,Oak Ave,40.434167640950065,-80.00356506940145,OSM
Pittsburgh,,6658,Oak Ave,40.44095846651615,-79.95157283490622,OSM
Pittsburgh,,8363,Main St,40.476039990997286,-80.02113895012113,OSM
Pittsburgh,,3766,Main St,40.39522260929409,-80.03537574030955,OSM
Pittsburgh,,378,Main St,40.43476553374949,-80.02216521446393,OSM
Pittsburgh,,12,Main St,40.40768749900783,-79.95167911272414,OSM
Pittsburgh,,4479,Oak Ave,40.445514360464216,-80.00594740024985,OSM
Pittsburgh,,5554,Washington Blvd,40.40497971043343,-79.98570209639625,OSM
Pittsburgh,,5673,Washington Blvd,40.44085665973814,-79.96695673666053,OSM
Pittsburgh,,1357,Washington Blvd,40.44042914500307,-79.98885270867899,OSM
Pittsburgh,,6624,Oak Ave,40.48581586506082,-80.0064728846208,OSM
Pittsburgh,,6612,Oak Ave,40.40273356823664,-80.03284449027593,OSM
Pittsburgh,,9330,Washington Blvd,40.473440060246595,-79.95227404840197,OSM
Pittsburgh,,2903,Oak Ave,40.48913792032523,-79.96123853213214,OSM
Pittsburgh,,4602,Elm St,40.48244498193448,-80.00619846290402,OSM
Pittsburgh,,1828,Main St,40.45883665840939,-79.96026072499235,OSM
Pittsburgh,,8660,Park Ave,40.405797731627885,-80.01942639379415,OSM
Pittsburgh,,9818,Main St,40.39599457661333,-79.94969598530719,OSM
Pittsburgh,,2434,Park Ave,40.465347074960405,-79.95590599542997,OSM
Pittsburgh,,7881,Elm St,40.484327583712165,-79.96660973721353,OSM
Pittsburgh,,2231,Washington Blvd,40.45602348137624,-80.01009631019176,OSM
Pittsburgh,,6661,Washington Blvd,40.43212425707367,-79.95063187868726,OSM
Pittsburgh,,8308,Washington Blvd,40.39851917264023,-80.02601209038863,OSM
Pittsburgh,,453,Elm St,40.42614730369826,-79.9804226497476,OSM
Pittsburgh,,9471,Washington Blvd,40.40728977370442,-80.00405829988749,OSM
Pittsburgh,,692,Elm St,40.40703085868663,-80.02566878214647,OSM
Pittsburgh,,7388,Washington Blvd,40.45043641021645,-79.9814915215994,OSM
Pittsburgh,,3778,Park Ave,40.48329175265229,-79.9551002222916,OSM
Pittsburgh,,7893,Park Ave,40.477628395574214,-79.99619539765544,OSM
Pittsburgh,,5243,Elm St,40.45892028440857,-79.94985233272678,OSM
Pittsburgh,,8764,Main St,40.47904290662532,-80.04271244263214,OSM
Pittsburgh,,5851,Park Ave,40.47728927759109,-79.98176025232941,OSM
Pittsburgh,,2687,Elm St,40.47696003784264,-79.98648382212139,OSM
Pittsburgh,,6057,Elm St,40.451577504153526,-79.99368673042854,OSM
Pittsburgh,,7567,Maple Dr,40.411104727049015,-80.00572455098997,OSM
Pittsburgh,,6323,Washington Blvd,40.47245209242993,-79.9945217929375,OSM
Pittsburgh,,7470,Main St,40.44772892350314,-80.0370841759288,OSM
Pittsburgh,,6770,Washington Blvd,40.4793664831941,-79.99638036845941,OSM
Pittsburgh,,1224,Main St,40.47560737181349,-79.99339513270617,OSM
Pittsburgh,,4769,Park Ave,40.434376395731014,-80.03156638358772,OSM
Pittsburgh,,1342,Oak Ave,40.46762976534189,-79.97113405651426,OSM
Pittsburgh,,4960,Park Ave,40.41403607128021,-79.99543111036245,OSM
Pittsburgh,,5289,Main St,40.39321825705467,-80.00538415240875,OSM
Pittsburgh,,2028,Main St,40.43240647672186,-80.02947969090849,OSM
Pittsburgh,,8490,Park Ave,40.427241433944126,-80.03710150972019,OSM
Pittsburgh,,8974,Park Ave,40.40218123887036,-80.02568908079802,OSM
Pittsburgh,,2903,Park Ave,40.46497247889806,-79.99291689535322,OSM
Pittsburgh,,3048,Maple Dr,40.44493474350685,-79.9941460578138,OSM
Pittsburgh,,187,Elm St,40.394963760438046,-79.96503125175862,OSM
Pittsburgh,,8973,Maple Dr,40.47656311660274,-79.98961542053486,OSM
Pittsburgh,,6055,Elm St,40.429371755834445,-79.95864872460405,OSM
Pittsburgh,,3586,Washington Blvd,40.45733308882292,-79.95047049826402,OSM
Pittsburgh,,1909,Maple Dr,40.466087113304994,-79.9698711612544,OSM
Pittsburgh,,6954,Main St,40.45714503968531,-79.95822991773649,OSM
Pittsburgh,,911,Maple Dr,40.40728100138046,-79.95901683881762,OSM
Pittsburgh,,5488,Main St,40.409313403119086,-79.9974025027171,OSM
Pittsburgh,,4383,Oak Ave,40.397445991683476,-80.00354646616654,OSM
Pittsburgh,,1823,Park Ave,40.40050699069624,-79.98862100651839,OSM
Pittsburgh,,4052,Washington Blvd,40.46869002180228,-79.98950570771137,OSM
Pittsburgh,,3096,Park Ave,40.456580486781675,-79.96949745338384,OSM
Pittsburgh,,5043,Main St,40.40857052714166,-80.015997621371,OSM
Pittsburgh,,445,Washington Blvd,40.45557065594862,-80.04381089842634,OSM
Pittsburgh,,5643,Park Ave,40.47992657361951,-79.98839804531754,OSM
Pittsburgh,,8051,Washington Blvd,40.44186565762179,-79.95650628797094,OSM
Pittsburgh,,5696,Elm St,40.41694156460052,-79.99336119116343,OSM
Pittsburgh,,6638,Elm St,40.39203646901529,-79.99032274863238,OSM
Pittsburgh,,5063,Oak Ave,40.40862557096804,-80.03297895616639,OSM
Pittsburgh,,3208,Main St,40.45604765884199,-80.0255153302489,OSM
Pittsburgh,,3341,Main St,40.45122600971465,-79.95760596783619,OSM
Pittsburgh,,8944,Washington Blvd,40.43864151859264,-80.03890720127713,OSM
Pittsburgh,,6871,Washington Blvd,40.43916522766136,-79.9659397668223,OSM
Pittsburgh,,1451,Oak Ave,40.464897307916054,-80.03008360803503,OSM
Pittsburgh,,9121,Oak Ave,40.461447936520116,-79.94981361261542,OSM
Pittsburgh,,6261,Main St,40.46568385243007,-80.00313937244583,OSM
Pittsburgh,,9612,Maple Dr,40.43649111114422,-79.95091158745146,OSM
Pittsburgh,,732,Maple Dr,40.405397131707694,-79.99340544800599,OSM
Pittsburgh,,5968,Park Ave,40.45825809805495,-79.98596149672484,OSM
Pittsburgh,,7675,Oak Ave,40.483547319885794,-79.95643583294215,OSM
Pittsburgh,,6639,Main St,40.39725694115792,-79.95941654075219,OSM
Pittsburgh,,7778,Maple Dr,40.41908285710149,-80.02942115318405,OSM
Pittsburgh,,1719,Maple Dr,40.49036252409052,-80.04328958222413,OSM
Pittsburgh,,8394,Washington Blvd,40.45872399365163,-80.0314827044385,OSM
Pittsburgh,,2007,Park Ave,40.412717049658056,-80.0238418937505,OSM
Pittsburgh,,4121,Washington Blvd,40.42422426547679,-80.01747203077505,OSM
Pittsburgh,,4773,Elm St,40.41953984079545,-79.98494169781686,OSM
Pittsburgh,,4377,Maple Dr,40.45404847329355,-80.04372843124044,OSM
Pittsburgh,,1685,Maple Dr,40.4360856234994,-80.01480357530767,OSM
Pittsburgh,,4666,Maple Dr,40.479749970241535,-79.99289634258379,OSM
Pittsburgh,,6418,Park Ave,40.390647988777474,-80.02986774062155,OSM
Pittsburgh,,4224,Oak Ave,40.45251891608263,-79.9677996617255,OSM
Pittsburgh,,8712,Maple Dr,40.44240110099586,-79.95402137766011,OSM
Pittsburgh,,4386,Washington Blvd,40.480998293284486,-79.9676674784109,OSM
Pittsburgh,,9651,Washington Blvd,40.416258211168454,-80.01538987090618,OSM
Pittsburgh,,4057,Washington Blvd,40.47331866690982,-80.00603251266074,OSM
Pittsburgh,,2651,Washington Blvd,40.47903028871567,-80.00100629158538,OSM
Pittsburgh,,2987,Elm St,40.39389179991524,-79.95607120007944,OSM
Pittsburgh,,1212,Park Ave,40.48903100909772,-79.95230585454766,OSM
Pittsburgh,,6874,Park Ave,40.437061603255316,-79.96961513142848,OSM
Pittsburgh,,8379,Main St,40.46355468822493,-80.02260204001963,OSM
Pittsburgh,,8887,Elm St,40.39695775611935,-80.01405362695165,OSM
Pittsburgh,,2426,Elm St,40.430764488472775,-79.96038873544624,OSM
Pittsburgh,,1301,Oak Ave,40.39433464828285,-79.97412876777096,OSM
Pittsburgh,,8051,Park Ave,40.44562896105983,-79.95862073002394,OSM
Pittsburgh,,8275,Washington Blvd,40.46826458538868,-80.0055242124505,OSM
Pittsburgh,,3815,Main St,40.49052279667142,-80.04123510352312,OSM
Pittsburgh,,5075,Elm St,40.44094808348599,-79.96853573484117,OSM
Pittsburgh,,7333,Washington Blvd,40.40434996287516,-80.01666428684665,OSM
Pittsburgh,,539,Park Ave,40.44910255929216,-79.97111946770143,OSM
Pittsburgh,,845,Park Ave,40.41512190409775,-80.02257311839352,OSM
Pittsburgh,,7048,Elm St,40.4472379137533,-79.96671946948382,OSM
Pittsburgh,,4720,Park Ave,40.407578637562096,-79.9832443384377,OSM
Pittsburgh,,9889,Park Ave,40.429517264965035,-79.95569582275566,OSM
Pittsburgh,,7461,Washington Blvd,40.43898146946786,-80.00363776103667,OSM
Pittsburgh,,380,Elm St,40.4639900901538,-79.97390468994355,OSM
Pittsburgh,,9240,Park Ave,40.44637524031029,-79.99753523054704,OSM
Pittsburgh,,4922,Elm St,40.4126107511853,-79.96464878930337,OSM
Pittsburgh,,7555,Main St,40.48947984641291,-80.03857134961696,OSM
Pittsburgh,,5488,Oak Ave,40.44841867126673,-80.02557230373986,OSM
Pittsburgh,,4551,Maple Dr,40.489728189115105,-80.02380967755745,OSM
Pittsburgh,,2001,Park Ave,40.42550980620656,-79.94670163944046,OSM
Pittsburgh,,6575,Park Ave,40.487595658246406,-79.98391072565201,OSM
Pittsburgh,,8445,Maple Dr,40.40994940953453,-80.03249953415764,OSM
Pittsburgh,,733,Oak Ave,40.39730881768231,-79.98590838812886,OSM
Pittsburgh,,7367,Elm St,40.47064171075334,-79.9913784986987,OSM
Pittsburgh,,8073,Maple Dr,40.43725137009868,-80.01477302370482,OSM
Pittsburgh,,2273,Main St,40.39575711337524,-79.98722708650529,OSM
Pittsburgh,,1572,Washington Blvd,40.46428891880115,-79.99710166683064,OSM
Pittsburgh,,4369,Park Ave,40.39646297883323,-80.0065494426032,OSM
Pittsburgh,,6391,Main St,40.43926430882604,-79.99595043964636,OSM
Pittsburgh,,3336,Oak Ave,40.4351311968199,-79.97499210426054,OSM
Pittsburgh,,741,Main St,40.442671980436366,-79.97746598767995,OSM
Pittsburgh,,2089,Elm St,40.431516003074854,-80.00328464068676,OSM
Pittsburgh,,6470,Elm St,40.42126679920108,-79.94990076667189,OSM
Pittsburgh,,5742,Elm St,40.421406846585576,-80.03775491023652,OSM
Pittsburgh,,6506,Maple Dr,40.442128686268575,-79.94818004008755,OSM
Pittsburgh,,6322,Oak Ave,40.41077389962481,-79.96564048866291,OSM
Pittsburgh,,6462,Elm St,40.48301719167519,-80.0155810284435,OSM
Pittsburgh,,4841,Elm St,40.40694694976871,-80.01131204569124,OSM
Pittsburgh,,6565,Oak Ave,40.479903272338944,-79.96818975041492,OSM
Pittsburgh,,5948,Oak Ave,40.476237458233,-79.97405111367287,OSM
Pittsburgh,,3721,Elm St,40.456708476174164,-80.03536772579544,OSM
Pittsburgh,,720,Maple Dr,40.48332151908735,-80.04306679577752,OSM
Pittsburgh,,1002,Washington Blvd,40.41396959964607,-79.98663974578746,OSM
Pittsburgh,,2161,Oak Ave,40.48429321868561,-79.9516798727986,OSM
Pittsburgh,,2346,Main St,40.488646050820044,-79.98569021463297,OSM
Pittsburgh,,8785,Park Ave,40.43952059190711,-80.03955151967362,OSM
Pittsburgh,,902,Park Ave,40.43803728794946,-79.97455760796237,OSM
Pittsburgh,,7984,Main St,40.403645720829765,-80.03913828871654,OSM
Pittsburgh,,7118,Maple Dr,40.46587206693845,-80.0203577418565,OSM
Pittsburgh,,5663,Park Ave,40.43243228351297,-80.02800014822985,OSM
Pittsburgh,,5941,Washington Blvd,40.44237928277446,-80.03362600798565,OSM
Pittsburgh,,4376,Elm St,40.482244401310325,-79.99032012052682,OSM
Pittsburgh,,7913,Elm St,40.40602965587356,-79.97114060516368,OSM
Pittsburgh,,2351,Oak Ave,40.46838051978056,-79.98650593789766,OSM
Pittsburgh,,5763,Washington Blvd,40.40404852251271,-79.95115421323285,OSM
Pittsburgh,,4940,Elm St,40.45934946964023,-79.96134696952086,OSM
Pittsburgh,,7924,Oak Ave,40.489257704935724,-80.01923782448216,OSM
Pittsburgh,,8047,Elm St,40.48596449398113,-80.0027114770608,OSM
Pittsburgh,,8979,Elm St,40.46543477909351,-80.01028895984093,OSM
Pittsburgh,,3735,Maple Dr,40.42344817818495,-79.9993494989862,OSM
Pittsburgh,,2403,Washington Blvd,40.489885212582415,-79.98367152977686,OSM
Pittsburgh,,4267,Elm St,40.437490695604474,-80.04494623874076,OSM
Pittsburgh,,8124,Maple Dr,40.42400907829817,-79.97757654863574,OSM
Pittsburgh,,1470,Washington Blvd,40.442377313240335,-80.04349351397741,OSM
Pittsburgh,,1874,Main St,40.463969632545485,-80.00802952738414,OSM
Pittsburgh,,4381,Maple Dr,40.39401834687259,-80.02384707006148,OSM
Pittsburgh,,2964,Park Ave,40.42664252766736,-79.95284517789214,OSM
Pittsburgh,,7631,Maple Dr,40.44123821732396,-80.02484707168193,OSM
Pittsburgh,,5348,Park Ave,40.4801879036926,-80.03699052502633,OSM
Pittsburgh,,468,Maple Dr,40.47607748139348,-80.03305569893251,OSM
Pittsburgh,,8177,Park Ave,40.464346554709785,-80.00109192764364,OSM
Pittsburgh,,307,Oak Ave,40.48360099742547,-79.95825050619885,OSM
Pittsburgh,,4508,Oak Ave,40.40317790886967,-79.94973630513708,OSM
Pittsburgh,,6021,Oak Ave,40.44384571899035,-80.03432868287328,OSM
Pittsburgh,,6073,Maple Dr,40.42759231345016,-79.99394179166522,OSM
Pittsburgh,,2720,Oak Ave,40.470242786502475,-79.95031962788278,OSM
Pittsburgh,,9591,Park Ave,40.45549898389929,-80.00308321010614,OSM
Pittsburgh,,8257,Oak Ave,40.460998015992665,-80.03265809768948,OSM
Pittsburgh,,291,Elm St,40.393408312375826,-80.04537582861711,OSM
Pittsburgh,,4711,Washington Blvd,40.39796947835393,-80.04182890236653,OSM
Pittsburgh,,4709,Oak Ave,40.41670261619272,-79.98849509563568,OSM
Pittsburgh,,8885,Washington Blvd,40.42402553887775,-80.00639369427866,OSM
Pittsburgh,,4546,Park Ave,40.41333226252036,-80.01936038913753,OSM
Pittsburgh,,4742,Park Ave,40.41575251979883,-79.99559728092846,OSM
Pittsburgh,,3490,Oak Ave,40.42679478279881,-80.04543178538147,OSM
Pittsburgh,,7338,Washington Blvd,40.392484792175786,-79.99236462356635,OSM
Pittsburgh,,410,Main St,40.441627924633444,-80.00870139217714,OSM
Pittsburgh,,5652,Washington Blvd,40.464768451595745,-80.00315239860682,OSM
Pittsburgh,,5926,Park Ave,40.417704373188094,-80.00649779750334,OSM
Pittsburgh,,611,Washington Blvd,40.44145011788184,-79.99908254691391,OSM
Pittsburgh,,4080,Oak Ave,40.48008660374784,-80.02815593971346,OSM
Pittsburgh,,6497,Park Ave,40.472166619565684,-79.95992334698592,OSM
Pittsburgh,,4095,Main St,40.41148382892878,-79.95750133005927,OSM
Pittsburgh,,6463,Main St,40.433417628563106,-80.01057937272897,OSM
Pittsburgh,,1063,Oak Ave,40.42202206898899,-80.01852463658268,OSM
Pittsburgh,,4088,Park Ave,40.46627675790507,-79.97454661409773,OSM
Pittsburgh,,8960,Main St,40.47564316737238,-80.01174605250647,OSM
Pittsburgh,,1291,Maple Dr,40.44892051433166,-79.96622830936673,OSM
Pittsburgh,,137,Maple Dr,40.40541960650676,-80.03948748469317,OSM
Pittsburgh,,1608,Maple Dr,40.40253192040366,-79.96674875104992,OSM
Pittsburgh,,3801,Main St,40.42476847396739,-79.99894435419324,OSM
Pittsburgh,,584,Park Ave,40.49041894332581,-80.00368962449383,OSM
Pittsburgh,,4923,Maple Dr,40.46678368538223,-80.02451713088743,OSM
Pittsburgh,,8336,Maple Dr,40.451899582286224,-80.03343804680954,OSM
Pittsburgh,,9628,Oak Ave,40.39838755730553,-80.01311305579705,OSM
Pittsburgh,,711,Oak Ave,40.43095813708783,-80.00602696507417,OSM
Pittsburgh,,7437,Washington Blvd,40.39346217490368,-79.95951238356415,OSM
Pittsburgh,,5405,Oak Ave,40.47620168548097,-79.9847002373019,OSM
Pittsburgh,,6359,Washington Blvd,40.45617557572656,-79.99032785415633,OSM
Pittsburgh,,9947,Maple Dr,40.442763128443886,-79.95605363522262,OSM
Pittsburgh,,9940,Maple Dr,40.46673216773828,-79.97220223749225,OSM
Pittsburgh,,2442,Oak Ave,40.408249825831,-79.98716415249233,OSM
Pittsburgh,,9224,Maple Dr,40.475567633182536,-79.9703569677216,OSM
Pittsburgh,,3057,Elm St,40.44767527662147,-79.9606172078011,OSM
Pittsburgh,,435,Park Ave,40.4632524031085,-80.03214821417535,OSM
Pittsburgh,,5509,Washington Blvd,40.431999670957055,-79.95628055002622,OSM
Pittsburgh,,2303,Elm St,40.478663955574724,-80.00468473853938,OSM
Pittsburgh,,368,Park Ave,40.48336570646376,-80.00908162942508,OSM
Pittsburgh,,8665,Elm St,40.44493820022699,-80.01989581890678,OSM
Pittsburgh,,2468,Washington Blvd,40.48425755174984,-79.99154487835166,OSM
Pittsburgh,,9003,Elm St,40.427260621020835,-79.95713384635269,OSM
Pittsburgh,,7977,Main St,40.45936776820621,-80.01850132259361,OSM
Pittsburgh,,3337,Maple Dr,40.46180743401444,-80.00605044114465,OSM
Pittsburgh,,2424,Elm St,40.41203834285393,-79.96639864795705,OSM
Pittsburgh,,6064,Maple Dr,40.45841137808336,-80.02179242508866,OSM
Pittsburgh,,2287,Elm St,40.44224383795491,-79.94653435958278,OSM
Pittsburgh,,179,Park Ave,40.46890260742979,-79.95334334157705,OSM
Pittsburgh,,2077,Maple Dr,40.4661414724319,-80.02654654422818,OSM
Pittsburgh,,6220,Park Ave,40.44592332524581,-79.98040080246302,OSM
Pittsburgh,,3796,Park Ave,40.403908224133374,-79.9703634966684,OSM
Pittsburgh,,293,Washington Blvd,40.42103834986717,-79.95778485457039,OSM
Pittsburgh,,7111,Park Ave,40.4513714312215,-80.02810821942137,OSM
Pittsburgh,,9691,Park Ave,40.48615739914146,-79.94715078978776,OSM
Pittsburgh,,1172,Maple Dr,40.41018963717288,-80.02406743760432,OSM
Pittsburgh,,8901,Main St,40.445137380367406,-80.04281091474942,OSM
Pittsburgh,,7604,Oak Ave,40.41087447900699,-79.98322846650137,OSM
Pittsburgh,,4224,Elm St,40.42592677823526,-79.96217187988536,OSM
Pittsburgh,,393,Oak Ave,40.42576007474159,-79.96517257795611,OSM
Pittsburgh,,6974,Oak Ave,40.41825380745745,-79.9690947034062,OSM
Pittsburgh,,6705,Main St,40.41215470402324,-80.02279761994541,OSM
Pittsburgh,,5308,Maple Dr,40.446302733330455,-79.94739656125518,OSM
Pittsburgh,,5883,Maple Dr,40.46459603246964,-80.01121798128702,OSM
Pittsburgh,,5105,Park Ave,40.434375318502056,-79.97550093773324,OSM
Pittsburgh,,2481,Park Ave,40.40598028341463,-80.0342887260584,OSM
Pittsburgh,,5585,Washington Blvd,40.482586792295145,-79.95175834336806,OSM
Pittsburgh,,6015,Elm St,40.46769282708461,-80.00774329712924,OSM
Pittsburgh,,988,Washington Blvd,40.394336740175646,-80.03525986902228,OSM
Pittsburgh,,5514,Washington Blvd,40.449482367372276,-79.98041956221411,OSM
Pittsburgh,,5748,Washington Blvd,40.43712340774582,-79.95959580499913,OSM
Pittsburgh,,4972,Main St,40.43479355333127,-79.95707341835923,OSM
Pittsburgh,,7761,Main St,40.39644372764854,-79.97866037904106,OSM
Pittsburgh,,4797,Washington Blvd,40.430962738300224,-79.99914601882725,OSM
Pittsburgh,,7887,Park Ave,40.39647690540466,-79.99247178519303,OSM
Pittsburgh,,8122,Washington Blvd,40.406504459191495,-80.0349365581344,OSM
Pittsburgh,,9407,Maple Dr,40.49019940740134,-79.96868738291802,OSM
Pittsburgh,,5213,Elm St,40.39388916437987,-79.97964849335727,OSM
Pittsburgh,,3719,Elm St,40.47032386782853,-79.97561274491018,OSM
Pittsburgh,,4926,Park Ave,40.46681910249594,-79.94927732531741,OSM
Pittsburgh,,1195,Main St,40.461457063967394,-80.04361441615507,OSM
Pittsburgh,,5663,Elm St,40.43737166970124,-80.01802322567363,OSM
Pittsburgh,,4403,Park Ave,40.43480876808673,-80.02694322363803,OSM
Pittsburgh,,3662,Washington Blvd,40.41224113359148,-80.04403483205816,OSM
Pittsburgh,,7466,Main St,40.398425254980594,-79.94976081826512,OSM
Pittsburgh,,8203,Elm St,40.43409351603457,-79.98818702591466,OSM
Pittsburgh,,6637,Oak Ave,40.423122896546985,-80.00285949144022,OSM
Pittsburgh,,1047,Park Ave,40.41972041113591,-80.04559259255772,OSM
Pittsburgh,,3680,Elm St,40.48466674702303,-80.04514311248782,OSM
Pittsburgh,,9837,Maple Dr,40.42215261961039,-80.04335258903059,OSM
Pittsburgh,,7987,Washington Blvd,40.48180903393067,-79.98734822974731,OSM
Pittsburgh,,1612,Elm St,40.47333916596296,-79.969225398877,OSM
Pittsburgh,,7825,Oak Ave,40.46361576487563,-79.99399118204641,OSM
Pittsburgh,,5000,Main St,40.400891284988404,-80.02484605935219,OSM
Pittsburgh,,2814,Washington Blvd,40.48503235038811,-80.00592949274437,OSM
Pittsburgh,,1222,Washington Blvd,40.44295043609777,-80.01612948300094,OSM
Pittsburgh,,2665,Elm St,40.397701634476576,-80.02847669570914,OSM
Pittsburgh,,8638,Oak Ave,40.409414907706264,-80.039540506162,OSM
Pittsburgh,,5382,Maple Dr,40.46477922445246,-80.04188535568373,OSM
Pittsburgh,,7183,Maple Dr,40.43195930254367,-79.94813071208988,OSM
Pittsburgh,,6990,Elm St,40.48896106326345,-79.94776216415875,OSM
Pittsburgh,,4400,Washington Blvd,40.4685861058769,-79.99782396547843,OSM
Pittsburgh,,4508,Oak Ave,40.402393059655274,-79.96222018339601,OSM
Pittsburgh,,2577,Park Ave,40.45060311456217,-80.04257517839743,OSM
Pittsburgh,,9892,Park Ave,40.48892109407962,-80.02372911904854,OSM
Pittsburgh,,4295,Washington Blvd,40.45357377417857,-79.97114736800164,OSM
Pittsburgh,,99,Elm St,40.42588712249375,-79.97589007679281,OSM
Pittsburgh,,1861,Oak Ave,40.44423576856584,-79.96955540481913,OSM
Pittsburgh,,3492,Oak Ave,40.39492777765898,-80.00098080749433,OSM
Pittsburgh,,9849,Elm St,40.43998435089907,-79.98317230377461,OSM
Pittsburgh,,8270,Washington Blvd,40.47775768695451,-79.99870865052284,OSM
Pittsburgh,,5146,Oak Ave,40.40655352646577,-79.99298179690673,OSM
Pittsburgh,,3276,Oak Ave,40.41056953090494,-80.04229859169627,OSM
Pittsburgh,,4442,Main St,40.48282188497602,-79.96753799301203,OSM
Pittsburgh,,1206,Washington Blvd,40.43846073340314,-80.02593421959214,OSM
Pittsburgh,,1056,Main St,40.444226890246576,-79.9929485744849,OSM
Pittsburgh,,3995,Maple Dr,40.47724835883452,-80.01094727542501,OSM
Pittsburgh,,340,Oak Ave,40.3962988804283,-79.98353656691908,OSM
Pittsburgh,,3503,Main St,40.41816592357751,-80.04308968026405,OSM
Pittsburgh,,2960,Oak Ave,40.42064380720063,-79.97745432757533,OSM
Pittsburgh,,6502,Oak Ave,40.41025171810456,-80.03596962084387,OSM
Pittsburgh,,7963,Main St,40.43340090832503,-80.01563613557394,OSM
Pittsburgh,,5028,Washington Blvd,40.4866063601013,-79.9607787511922,OSM
Pittsburgh,,3106,Oak Ave,40.46249719404052,-79.99310666841868,OSM
Pittsburgh,,5139,Park Ave,40.44699577703486,-79.98793502386226,OSM
Pittsburgh,,3730,Oak Ave,40.42745820283966,-80.04285461359974,OSM
Pittsburgh,,136,Main St,40.48575452771547,-79.95710603560092,OSM
Pittsburgh,,831,Elm St,40.42323731106694,-79.95961116125659,OSM
Pittsburgh,,4694,Maple Dr,40.4110370131424,-79.98234459716726,OSM
Pittsburgh,,3553,Park Ave,40.41958231400426,-80.01813386565252,OSM
Pittsburgh,,4622,Main St,40.43287439104095,-79.99547431460567,OSM
Pittsburgh,,5701,Washington Blvd,40.431751464570716,-80.00146280866748,OSM
Pittsburgh,,6388,Elm St,40.39448734181232,-80.02333010525959,OSM
Pittsburgh,,5410,Maple Dr,40.43977676278988,-80.01960683238683,OSM
Pittsburgh,,3129,Park Ave,40.4535068762466,-79.98775067004344,OSM
Pittsburgh,,9513,Main St,40.46965613548788,-79.95412730308615,OSM
Pittsburgh,,2514,Elm St,40.436737666004774,-79.99414407230822,OSM
Pittsburgh,,6404,Park Ave,40.43930415991929,-80.04218696931457,OSM
Pittsburgh,,1684,Elm St,40.42531091601234,-80.04007401153531,OSM
Pittsburgh,,4794,Maple Dr,40.40532501234064,-80.02578358683347,OSM
Pittsburgh,,2440,Park Ave,40.48687388773532,-79.96345646882826,OSM
Pittsburgh,,184,Maple Dr,40.42844875436449,-80.01726887140934,OSM
Pittsburgh,,1928,Oak Ave,40.47631726724308,-80.02249791165971,OSM
Pittsburgh,,6,Washington Blvd,40.40032059162551,-80.03124331171236,OSM
Pittsburgh,,62,Oak Ave,40.45796192031423,-79.98563155893407,OSM
Pittsburgh,,610,Washington Blvd,40.39874051847591,-80.03399447057956,OSM
Pittsburgh,,6710,Maple Dr,40.40940063314037,-79.96181844657814,OSM
Pittsburgh,,1062,Washington Blvd,40.42875208541541,-79.98818013354106,OSM
Pittsburgh,,7228,Washington Blvd,40.449820133616974,-79.98481160783469,OSM
Pittsburgh,,2196,Washington Blvd,40.48011896268282,-79.94973483942968,OSM
Pittsburgh,,6814,Elm St,40.43293382816327,-79.98962962601827,OSM
Pittsburgh,,753,Park Ave,40.40030466273244,-80.02165502171212,OSM
Pittsburgh,,4268,Main St,40.42818108696877,-79.9598514289907,OSM
Pittsburgh,,3222,Maple Dr,40.48600615692571,-79.96405028270577,OSM
Pittsburgh,,7564,Maple Dr,40.444452172211555,-79.96803115719365,OSM
Pittsburgh,,4452,Main St,40.410331999665864,-80.01861970526622,OSM
Pittsburgh,,1054,Oak Ave,40.394171608794494,-80.02141836563472,OSM
Pittsburgh,,8015,Maple Dr,40.41473529530493,-79.98494025117627,OSM
Pittsburgh,,776,Oak Ave,40.43903676564739,-79.95553639652482,OSM
Pittsburgh,,6189,Park Ave,40.4015143594556,-79.9758862222895,OSM
Pittsburgh,,5023,Park Ave,40.45884451522575,-80.04347396944887,OSM
Pittsburgh,,2919,Main St,40.39734659253811,-80.04143930607495,OSM
Pittsburgh,,6860,Washington Blvd,40.43469943156888,-79.9771600025523,OSM
Pittsburgh,,4289,Main St,40.48968412493957,-79.97314146915971,OSM
Pittsburgh,,2033,Oak Ave,40.48552320240659,-80.00856098574609,OSM
Pittsburgh,,1722,Main St,40.439940164654445,-79.98292310515569,OSM
Pittsburgh,,8168,Elm St,40.431056800975156,-79.96839326361383,OSM
Pittsburgh,,6705,Main St,40.41155106990034,-79.99235301610575,OSM
Pittsburgh,,3650,Maple Dr,40.41605978413822,-79.99188237419096,OSM
Pittsburgh,,8787,Elm St,40.42338011154315,-79.99311800487125,OSM
Pittsburgh,,5099,Main St,40.43566077599991,-79.9699574417084,OSM
Pittsburgh,,8447,Oak Ave,40.48904524006951,-79.99263672223341,OSM
Pittsburgh,,1462,Maple Dr,40.48357013897253,-79.9633540752753,OSM
Pittsburgh,,3254,Park Ave,40.421265160356235,-79.97407234875986,OSM
Pittsburgh,,690,Maple Dr,40.393002355744116,-80.00587131705386,OSM
Pittsburgh,,829,Elm St,40.48496612081004,-79.95531477596595,OSM
Pittsburgh,,2828,Elm St,40.438207088493336,-79.97133956795955,OSM
Pittsburgh,,2533,Washington Blvd,40.463891401453786,-80.03302443122854,OSM
Pittsburgh,,2519,Washington Blvd,40.451283727068834,-80.04483140900413,OSM
Pittsburgh,,8642,Oak Ave,40.44773235874211,-80.03665344319313,OSM
Pittsburgh,,3302,Park Ave,40.4643379112636,-80.00716260071775,OSM
Pittsburgh,,1117,Park Ave,40.464424764279016,-80.03337291945223,OSM
Pittsburgh,,7511,Park Ave,40.39756800629385,-79.97609437468694,OSM
Pittsburgh,,5517,Elm St,40.397889721182935,-79.94986085487369,OSM
Pittsburgh,,4161,Main St,40.45479262786352,-79.98269365282404,OSM
Pittsburgh,,7050,Maple Dr,40.40654010597826,-79.97953315281035,OSM
Pittsburgh,,9462,Maple Dr,40.4702378495106,-80.00457310491686,OSM
Pittsburgh,,620,Oak Ave,40.48176725933496,-79.98878943141237,OSM
Pittsburgh,,3992,Main St,40.39980964435316,-79.99290687371231,OSM
Pittsburgh,,8566,Main St,40.46066068735165,-80.0079104724436,OSM
Pittsburgh,,8423,Elm St,40.448847405258526,-79.97313805021463,OSM
Pittsburgh,,7766,Maple Dr,40.474521336920546,-80.01540273356599,OSM
Pittsburgh,,3927,Maple Dr,40.411144499498526,-79.95383314970955,OSM
Pittsburgh,,1857,Main St,40.43671643024651,-79.9669047294101,OSM
Pittsburgh,,1134,Maple Dr,40.44221632419924,-79.9644466842901,OSM
Pittsburgh,,5491,Washington Blvd,40.444552396084156,-79.99689348308925,OSM
Pittsburgh,,7547,Maple Dr,40.40698245728478,-80.02968368326721,OSM
Pittsburgh,,7293,Park Ave,40.472003240535734,-80.01354901328828,OSM
Pittsburgh,,6642,Main St,40.45987998779226,-79.96640770682632,OSM
Pittsburgh,,7270,Washington Blvd,40.44121976061336,-79.97566854782929,OSM
Pittsburgh,,3918,Washington Blvd,40.4639893659606,-80.0102836466169,OSM
Pittsburgh,,2011,Oak Ave,40.455232229558696,-79.98413246003047,OSM
Pittsburgh,,459,Maple Dr,40.423186255623754,-79.9751151558209,OSM
Pittsburgh,,7107,Washington Blvd,40.47690120479902,-79.99785255261412,OSM
Pittsburgh,,9383,Washington Blvd,40.43730190630478,-79.95725955170191,OSM
Pittsburgh,,5143,Washington Blvd,40.480196567117055,-79.96490243872123,OSM
Pittsburgh,,4894,Park Ave,40.47581550061066,-79.98883002858851,OSM
Pittsburgh,,5003,Washington Blvd,40.43934926654494,-79.95967932868419,OSM
Pittsburgh,,9191,Oak Ave,40.467584507375655,-80.03278449869435,OSM
Pittsburgh,,2151,Washington Blvd,40.40803614358897,-79.95225883518212,OSM
Pittsburgh,,3191,Main St,40.4218276681276,-80.01661399425164,OSM
Pittsburgh,,1524,Main St,40.40646957219468,-79.96433944751699,OSM
Pittsburgh,,1399,Oak Ave,40.44710993297138,-80.0128185347036,OSM
Pittsburgh,,2885,Washington Blvd,40.410179518995584,-79.95463265066599,OSM
Pittsburgh,,1324,Maple Dr,40.41685417734429,-80.02106625744784,OSM
Pittsburgh,,7899,Park Ave,40.39397552729812,-80.02171901060808,OSM
Pittsburgh,,3781,Park Ave,40.40663751608,-80.0021076694978,OSM
Pittsburgh,,8678,Park Ave,40.48932263025205,-79.99028063500906,OSM
Pittsburgh,,8289,Washington Blvd,40.472296563919514,-80.02020863078151,OSM
Pittsburgh,,4300,Oak Ave,40.40973048390063,-79.95870814310848,OSM
Pittsburgh,,7495,Oak Ave,40.47816830376389,-79.9667989615914,OSM
Pittsburgh,,8014,Elm St,40.48940153549812,-79.9510308415272,OSM
Pittsburgh,,4965,Main St,40.40831040894801,-80.03286592608332,OSM
Pittsburgh,,5547,Elm St,40.46485998901047,-79.97330034236292,OSM
Pittsburgh,,7986,Elm St,40.45710417066904,-80.0151823346548,OSM
Pittsburgh,,4360,Maple Dr,40.47790163631347,-79.99578412745616,OSM
Pittsburgh,,3998,Oak Ave,40.42425414018838,-79.9703327455582,OSM
Pittsburgh,,8439,Maple Dr,40.4374913858181,-79.96294169579359,OSM
Pittsburgh,,962,Park Ave,40.440968856024256,-79.9599533128243,OSM
Pittsburgh,,495,Oak Ave,40.44168765498911,-80.02407351717393,OSM
Pittsburgh,,9537,Washington Blvd,40.414144080188485,-80.00058437724245,OSM
Pittsburgh,,6972,Main St,40.465804383911454,-79.96792053761614,OSM
Pittsburgh,,654,Main St,40.451920804226916,-80.02245154822621,OSM
Pittsburgh,,4640,Park Ave,40.435337329012555,-80.01984105270871,OSM
Pittsburgh,,3180,Main St,40.42981161703371,-80.02735888893376,OSM
Pittsburgh,,5071,Oak Ave,40.47367084460115,-79.96487874202437,OSM
Pittsburgh,,7835,Main St,40.40672815856926,-79.95252096413984,OSM
Pittsburgh,,2187,Park Ave,40.41350762082189,-79.9895431245031,OSM
Pittsburgh,,9918,Washington Blvd,40.46899482700416,-79.95869980351303,OSM
Pittsburgh,,6165,Maple Dr,40.41297872925414,-79.97808344929106,OSM
Pittsburgh,,1642,Oak Ave,40.40250417557009,-79.98665750958577,OSM
Pittsburgh,,3677,Main St,40.4560695491431,-79.9695132657559,OSM
Pittsburgh,,3703,Elm St,40.41117157464339,-79.98891029323977,OSM
Pittsburgh,,8004,Washington Blvd,40.48864989268692,-79.95646130252045,OSM
Pittsburgh,,7473,Park Ave,40.442245801123725,-79.96681583085122,OSM
Pittsburgh,,3822,Washington Blvd,40.443506176047514,-80.01999795519485,OSM
Pittsburgh,,9950,Park Ave,40.401363602980176,-80.04398330968027,OSM
Pittsburgh,,2154,Elm St,40.42571364378416,-79.96932201712936,OSM
Pittsburgh,,5107,Park Ave,40.44385758789972,-79.97289383778826,OSM
Pittsburgh,,4309,Elm St,40.45624566107598,-79.99763810464734,OSM
Pittsburgh,,9083,Main St,40.406517708136896,-80.04016607334592,OSM
Pittsburgh,,6396,Park Ave,40.485572372222336,-79.9702459402124,OSM
Pittsburgh,,969,Elm St,40.400801253670906,-80.03668794384427,OSM
Pittsburgh,,7065,Oak Ave,40.469367071912366,-80.02710720157967,OSM
Pittsburgh,,6660,Elm St,40.39461784211634,-80.02162667688278,OSM
Pittsburgh,,3461,Oak Ave,40.466501703118,-79.9688769570161,OSM
Pittsburgh,,4250,Main St,40.41396077224336,-80.0269528034766,OSM
Pittsburgh,,6289,Elm St,40.42836362489214,-80.0393638272792,OSM
Pittsburgh,,645,Oak Ave,40.47801773719539,-80.04060527483297,OSM
Pittsburgh,,7509,Washington Blvd,40.48582623877492,-79.95041990176466,OSM
Pittsburgh,,6808,Main St,40.46419011599742,-79.9997305609391,OSM
Pittsburgh,,1523,Elm St,40.40082841761168,-80.00877585212247,OSM
Pittsburgh,,6716,Main St,40.42200222903067,-79.9684963788523,OSM
Pittsburgh,,6696,Main St,40.41744918420975,-79.964007819828,OSM
Pittsburgh,,8128,Maple Dr,40.423988873556496,-80.030806443078,OSM
Pittsburgh,,5750,Elm St,40.420846295158334,-79.97263721590411,OSM
Pittsburgh,,2022,Oak Ave,40.483426220102395,-79.95601964588232,OSM
Pittsburgh,,227,Washington Blvd,40.46647050591897,-80.00547842029084,OSM
Pittsburgh,,547,Washington Blvd,40.46685238548784,-79.95077999423913,OSM
Pittsburgh,,8362,Maple Dr,40.48313158359163,-79.95706692208732,OSM
Pittsburgh,,5167,Main St,40.47654299271303,-80.04261618878336,OSM
Pittsburgh,,4683,Washington Blvd,40.48215672684144,-79.95510297102187,OSM
Pittsburgh,,5341,Park Ave,40.43479539292143,-79.98794882172699,OSM
Pittsburgh,,8841,Washington Blvd,40.41048357650632,-79.97700284382043,OSM
Pittsburgh,,466,Main St,40.43269400425981,-79.9836664330048,OSM
Pittsburgh,,8926,Oak Ave,40.471082481819494,-79.97929281844927,OSM
Pittsburgh,,1033,Park Ave,40.40430037286247,-80.0073426470554,OSM
Pittsburgh,,7346,Park Ave,40.43114123777267,-80.01512728907133,OSM
Pittsburgh,,4498,Elm St,40.45508920120977,-79.95928827217237,OSM
Pittsburgh,,3480,Washington Blvd,40.46462984510587,-79.96955661204423,OSM
Pittsburgh,,5039,Elm St,40.39863228307505,-79.98417525124364,OSM
Pittsburgh,,1952,Washington Blvd,40.44790756745594,-80.0195198753816,OSM
Pittsburgh,,7494,Elm St,40.4158712631993,-79.94842993322227,OSM
Pittsburgh,,7460,Washington Blvd,40.39354662711648,-79.98412088292561,OSM
Pittsburgh,,3534,Maple Dr,40.43302218241326,-80.00525259142736,OSM
Pittsburgh,,1743,Main St,40.47635026308867,-79.96167900016466,OSM
Pittsburgh,,7642,Park Ave,40.4570286547516,-79.99473458407957,OSM
Pittsburgh,,2012,Park Ave,40.40542068296296,-79.97265540775952,OSM
Pittsburgh,,225,Elm St,40.47775454912121,-79.95673326886575,OSM
Pittsburgh,,1710,Maple Dr,40.39952519090241,-80.02109144428317,OSM
Pittsburgh,,3791,Elm St,40.400203598847504,-80.03680346717339,OSM
Pittsburgh,,9156,Main St,40.39867721924194,-80.04375723242455,OSM
Pittsburgh,,7594,Maple Dr,40.416129546341246,-79.9986602919351,OSM
Pittsburgh,,1376,Maple Dr,40.47767907874781,-79.97315310385488,OSM
Pittsburgh,,9043,Elm St,40.43858248330272,-80.0251924009624,OSM
Pittsburgh,,2064,Elm St,40.44939117839081,-79.96528557551038,OSM
Pittsburgh,,3864,Park Ave,40.41448396592992,-79.98337205204078,OSM
Pittsburgh,,5356,Maple Dr,40.3938315407476,-80.0420732255141,OSM
Pittsburgh,,4292,Oak Ave,40.44834479130311,-80.04370860858768,OSM
Pittsburgh,,2465,Maple Dr,40.39634261864939,-80.00517263919622,OSM
Pittsburgh,,831,Washington Blvd,40.48963008888431,-79.96721312129537,OSM
Pittsburgh,,382,Maple Dr,40.44755972518866,-80.00169481428928,OSM
Pittsburgh,,2821,Maple Dr,40.44387987464628,-79.98139455598668,OSM
Pittsburgh,,9092,Maple Dr,40.47187919872328,-80.012977829338,OSM
Pittsburgh,,2039,Maple Dr,40.48824377838983,-80.01962503810877,OSM
Pittsburgh,,3228,Main St,40.45718706161454,-79.97591341751195,OSM
Pittsburgh,,9457,Maple Dr,40.48065107387952,-79.96557179849881,OSM
Pittsburgh,,6617,Elm St,40.40631258961388,-79.9769468625064,OSM
Pittsburgh,,3601,Maple Dr,40.44977337563402,-79.98996493846613,OSM
Pittsburgh,,4071,Washington Blvd,40.403194876072625,-79.98567310803598,OSM
Pittsburgh,,3711,Elm St,40.48806261008122,-79.99314486361055,OSM
Pittsburgh,,9491,Park Ave,40.43636667833816,-80.01654312455244,OSM
Pittsburgh,,9380,Elm St,40.42935813703106,-79.99829499871981,OSM
Pittsburgh,,1334,Park Ave,40.43549069275552,-79.96307588155109,OSM
Pittsburgh,,1803,Maple Dr,40.47852346443868,-79.99399887498026,OSM
Pittsburgh,,2083,Oak Ave,40.48776839538136,-80.01820075374017,OSM
Pittsburgh,,7656,Elm St,40.404640444281775,-80.02906327865736,OSM
Pittsburgh,,3619,Oak Ave,40.41305426127735,-80.01234423239838,OSM
Pittsburgh,,7823,Park Ave,40.45000696573368,-79.98516869401385,OSM
Pittsburgh,,6060,Main St,40.453383069455235,-79.99540724892198,OSM
Pittsburgh,,9584,Oak Ave,40.393328978492555,-79.98123017105236,OSM
Pittsburgh,,6824,Oak Ave,40.42209761611379,-80.01351586756397,OSM
Pittsburgh,,8381,Oak Ave,40.446973899097074,-79.97788438408102,OSM
Pittsburgh,,2185,Maple Dr,40.425445295583415,-80.017796618327,OSM
Pittsburgh,,1588,Elm St,40.39752284859484,-80.00639504933037,OSM
Pittsburgh,,6189,Maple Dr,40.43745587819965,-80.01390749129796,OSM
Pittsburgh,,6589,Main St,40.45978742685475,-80.00702567710057,OSM
Pittsburgh,,9843,Elm St,40.44321187126542,-79.95855132058709,OSM
Pittsburgh,,1434,Park Ave,40.40444751791838,-80.0057088586857,OSM
Pittsburgh,,6063,Washington Blvd,40.47668372877031,-80.03366875585562,OSM
Pittsburgh,,1448,Oak Ave,40.46089715354148,-79.954840827712,OSM
Pittsburgh,,7185,Maple Dr,40.406507871613805,-79.97060682530591,OSM
Pittsburgh,,8031,Oak Ave,40.45305979607278,-80.02478678040079,OSM
Pittsburgh,,4703,Park Ave,40.44139133663278,-79.96226321140345,OSM
Pittsburgh,,9934,Park Ave,40.430451477568056,-79.99224981391637,OSM
Pittsburgh,,7201,Oak Ave,40.48979469117494,-79.9804136159027,OSM
Pittsburgh,,2642,Main St,40.40375719243694,-79.97100687683272,OSM
Pittsburgh,,1677,Main St,40.46917594914448,-80.03476057724929,OSM
Pittsburgh,,9189,Park Ave,40.46069353387974,-79.94893521723996,OSM
Pittsburgh,,5792,Park Ave,40.42447631839491,-79.96491323423058,OSM
Pittsburgh,,5871,Oak Ave,40.439108671542634,-80.0102680505767,OSM
Pittsburgh,,2121,Maple Dr,40.39739725846011,-79.96234870878001,OSM
Pittsburgh,,6080,Washington Blvd,40.42755669626262,-80.00837643079815,OSM
Pittsburgh,,80,Elm St,40.46070678888477,-79.97931921371777,OSM
Pittsburgh,,3856,Oak Ave,40.460639742106174,-79.95153389935116,OSM
Pittsburgh,,8777,Elm St,40.43175750167624,-79.98653887312733,OSM
Pittsburgh,,5341,Elm St,40.46708221257678,-79.9763941025173,OSM
Pittsburgh,,859,Main St,40.482955175166445,-80.00438878238492,OSM
Pittsburgh,,334,Maple Dr,40.430815104977945,-79.99951793803909,OSM
Pittsburgh,,2236,Park Ave,40.48270689857421,-79.9918529593071,OSM
Pittsburgh,,7178,Park Ave,40.40905503777934,-79.96731781949407,OSM
Pittsburgh,,5798,Oak Ave,40.43442622364118,-79.99035159961988,OSM
Pittsburgh,,9516,Washington Blvd,40.48927387576736,-80.03109442162292,OSM
Pittsburgh,,8698,Elm St,40.47678617455873,-80.02315714554712,OSM
Pittsburgh,,3654,Washington Blvd,40.4347822141269,-80.02117704531764,OSM
Pittsburgh,,5442,Main St,40.399987190193876,-79.98226363403266,OSM
Pittsburgh,,4725,Washington Blvd,40.41653138597425,-80.01287661199049,OSM
Pittsburgh,,4698,Main St,40.44517592040236,-80.01531191778976,OSM
Pittsburgh,,9017,Washington Blvd,40.440297833132576,-79.95483392877357,OSM
Pittsburgh,,1461,Park Ave,40.45834176076368,-79.95037548706487,OSM
Pittsburgh,,8394,Maple Dr,40.487692196355354,-79.95520876800165,OSM
Pittsburgh,,5608,Park Ave,40.46830475896203,-80.00009479590794,OSM
Pittsburgh,,9487,Main St,40.40537932411105,-80.04184149838706,OSM
Pittsburgh,,1728,Washington Blvd,40.47528317321761,-80.01166897634913,OSM
Pittsburgh,,4893,Park Ave,40.41773971917013,-79.99660820322748,OSM
Pittsburgh,,8137,Park Ave,40.40823569723699,-80.02941716491864,OSM
Pittsburgh,,3799,Main St,40.42702316311212,-80.03241924108262,OSM
Pittsburgh,,38,Oak Ave,40.41310516666975,-79.9643526995852,OSM
Pittsburgh,,2449,Elm St,40.48329749125891,-79.97661166729657,OSM
Pittsburgh,,4786,Oak Ave,40.46063848829406,-80.0194659701891,OSM
Pittsburgh,,690,Oak Ave,40.436872253726875,-79.95570147840958,OSM
Pittsburgh,,6366,Washington Blvd,40.4112945501854,-80.03581928577242,OSM
Pittsburgh,,5749,Main St,40.415123098915046,-80.01770545237667,OSM
Pittsburgh,,2925,Maple Dr,40.47844619623303,-80.02288817043976,OSM
Pittsburgh,,4270,Maple Dr,40.48979739388674,-79.9481824457877,OSM
Pittsburgh,,4679,Main St,40.44106391330984,-79.9459725762286,OSM
Pittsburgh,,6188,Maple Dr,40.47661039497148,-80.00577868205332,OSM
Pittsburgh,,2715,Park Ave,40.432143585122255,-79.99839265604109,OSM
Pittsburgh,,1916,Maple Dr,40.44934703848564,-80.0019220912123,OSM
Pittsburgh,,9873,Park Ave,40.40259807280807,-80.00469460012941,OSM
Pittsburgh,,8240,Maple Dr,40.46172742700723,-79.94730281054434,OSM
Pittsburgh,,1924,Park Ave,40.46193314772958,-80.02849676509378,OSM
Pittsburgh,,2145,Maple Dr,40.48554656331298,-79.96395937385492,OSM
Pittsburgh,,6872,Main St,40.47493691802931,-80.02461777926796,OSM
Pittsburgh,,6190,Park Ave,40.43506932847262,-80.03591348888325,OSM
Pittsburgh,,397,Main St,40.44067884464169,-79.98917047974238,OSM
Pittsburgh,,5079,Elm St,40.456206001201664,-79.97099793023479,OSM
Pittsburgh,,6211,Maple Dr,40.42760832760566,-79.96259288723091,OSM
Pittsburgh,,7529,Maple Dr,40.480687538934,-79.96940390173427,OSM
Pittsburgh,,9266,Main St,40.3987160189457,-79.97294068791429,OSM
Pittsburgh,,653,Maple Dr,40.480439556330126,-79.96620400002423,OSM
Pittsburgh,,8424,Elm St,40.45649846091702,-80.03339300558754,OSM
Pittsburgh,,7247,Elm St,40.43599797649682,-80.00530941331161,OSM
Pittsburgh,,2175,Washington Blvd,40.45236243016388,-79.97319041297455,OSM
Pittsburgh,,600,Maple Dr,40.488671056022746,-79.96797375956656,OSM
Pittsburgh,,5639,Park Ave,40.48743361285009,-79.95458778795344,OSM
Pittsburgh,,7870,Washington Blvd,40.4557979259668,-80.00287459904337,OSM
Pittsburgh,,5923,Washington Blvd,40.453827691113915,-80.01881514781326,OSM
Pittsburgh,,7742,Oak Ave,40.4118909593276,-79.96950732448833,OSM
Pittsburgh,,1780,Oak Ave,40.42808161363999,-80.00491740236464,OSM
Pittsburgh,,6447,Elm St,40.4590717110663,-79.9500656148916,OSM
Pittsburgh,,8008,Elm St,40.485384681912954,-80.04533362955088,OSM
Pittsburgh,,4506,Maple Dr,40.48158691277136,-79.98943048269057,OSM
Pittsburgh,,3879,Main St,40.412570918128644,-79.95527673252559,OSM
Pittsburgh,,7376,Maple Dr,40.45301856589295,-80.04288064548636,OSM
Pittsburgh,,239,Park Ave,40.42135977081744,-80.00885977267731,OSM
Pittsburgh,,7536,Park Ave,40.43758508963298,-80.00002924447271,OSM
Pittsburgh,,4166,Park Ave,40.445475714912746,-79.9855073445545,OSM
Pittsburgh,,6297,Maple Dr,40.4337105847515,-80.04311405699475,OSM
Pittsburgh,,6639,Oak Ave,40.47323348679487,-79.99006752815353,OSM
Pittsburgh,,204,Maple Dr,40.41827701984781,-79.96703064562172,OSM
Pittsburgh,,104,Main St,40.4191520352371,-79.97147696127082,OSM
Pittsburgh,,8095,Elm St,40.479069266434266,-79.9482268902862,OSM
Pittsburgh,,2841,Main St,40.432243457035845,-79.97648457660179,OSM
Pittsburgh,,2480,Elm St,40.4715872288837,-80.04497457753817,OSM
Pittsburgh,,6395,Washington Blvd,40.409038632653804,-80.04529936809934,OSM
Pittsburgh,,4753,Maple Dr,40.41011146727309,-79.97899479031436,OSM
Pittsburgh,,5671,Main St,40.40261133543937,-79.95524150199097,OSM
Pittsburgh,,4388,Oak Ave,40.40399938804658,-80.02422277335067,OSM
Pittsburgh,,1810,Oak Ave,40.39607937560344,-79.95857200127041,OSM
Pittsburgh,,470,Park Ave,40.39763422399696,-79.96651837804427,OSM
Pittsburgh,,7601,Maple Dr,40.470974358866265,-80.01330139577895,OSM
Pittsburgh,,4761,Main St,40.47432615810529,-80.02355904588116,OSM
Pittsburgh,,3987,Oak Ave,40.41056930328513,-80.02571424737909,OSM
Pittsburgh,,665,Washington Blvd,40.444936592865396,-80.02768216164613,OSM
Pittsburgh,,8231,Oak Ave,40.48576324806282,-79.96724638745735,OSM
Pittsburgh,,366,Oak Ave,40.48487904858725,-80.03588664888964,OSM
Pittsburgh,,2981,Oak Ave,40.48939603350482,-80.03611575153724,OSM
Pittsburgh,,2338,Park Ave,40.40574865386155,-80.01282473294114,OSM
Pittsburgh,,6041,Washington Blvd,40.39329989225138,-80.00229071026033,OSM
Pittsburgh,,3669,Washington Blvd,40.485511037193824,-80.01580164784922,OSM
Pittsburgh,,8257,Main St,40.49006676921669,-80.02200186736634,OSM
Pittsburgh,,5141,Main St,40.39704233396836,-80.00610733696807,OSM
Pittsburgh,,419,Elm St,40.44780357187771,-79.99656272493857,OSM
Pittsburgh,,6085,Maple Dr,40.48912521351567,-79.99938865540533,OSM
Pittsburgh,,1742,Washington Blvd,40.41694581887084,-79.9622219754261,OSM
Pittsburgh,,1041,Main St,40.4463149472112,-79.95226779989076,OSM
Pittsburgh,,3343,Oak Ave,40.40146045305012,-79.98882369880101,OSM
Pittsburgh,,1845,Main St,40.457410773402664,-80.01994084055252,OSM
Pittsburgh,,9656,Maple Dr,40.47504496052324,-80.0324951231297,OSM
Pittsburgh,,2078,Main St,40.47760480355963,-80.03678012339572,OSM
Pittsburgh,,1808,Maple Dr,40.40486360588091,-79.97183543119124,OSM
Pittsburgh,,4536,Oak Ave,40.410906672919495,-80.02765720356528,OSM
Pittsburgh,,7127,Washington Blvd,40.480392825551064,-80.01119192948883,OSM
Pittsburgh,,228,Maple Dr,40.41892381648288,-80.00216199676284,OSM
Pittsburgh,,5860,Main St,40.41796339269704,-79.96065865498004,OSM
Pittsburgh,,4579,Main St,40.440994965685654,-79.98714582257988,OSM
Pittsburgh,,9787,Maple Dr,40.427343498276606,-79.9472602463711,OSM
Pittsburgh,,382,Maple Dr,40.47643894355291,-80.02968825649243,OSM
Pittsburgh,,2540,Oak Ave,40.45409488473146,-79.99375286819843,OSM
Pittsburgh,,5185,Elm St,40.469043634540704,-79.95741773979816,OSM
Pittsburgh,,729,Oak Ave,40.465185699872485,-80.02395765005745,OSM
Pittsburgh,,1639,Elm St,40.48941122614046,-79.98822744327767,OSM
Pittsburgh,,2522,Maple Dr,40.41236864071301,-79.9465826438009,OSM
Pittsburgh,,7527,Park Ave,40.471910595616684,-79.99625018195233,OSM
Pittsburgh,,32,Elm St,40.41385816358372,-80.0176730980428,OSM
Pittsburgh,,7062,Park Ave,40.4436518820944,-80.02513184829176,OSM
Pittsburgh,,9255,Oak Ave,40.42587020685291,-79.96421349469679,OSM
Pittsburgh,,8560,Oak Ave,40.44223544403017,-79.96889037202081,OSM
Pittsburgh,,7198,Elm St,40.43008684279712,-79.9500213587924,OSM
Pittsburgh,,4385,Main St,40.43633993209097,-79.98326924166227,OSM
Pittsburgh,,2122,Park Ave,40.443181602680205,-79.98759834528589,OSM
Pittsburgh,,180,Oak Ave,40.448139634150024,-80.02022703663154,OSM
Pittsburgh,,5632,Main St,40.439970397304975,-80.02584703070632,OSM
Pittsburgh,,254,Elm St,40.435553201636516,-80.0307577628728,OSM
Pittsburgh,,5847,Washington Blvd,40.46378722568204,-80.04039294489134,OSM
Pittsburgh,,7039,Washington Blvd,40.39363064429033,-80.01203624531274,OSM
Pittsburgh,,4510,Oak Ave,40.48119313693953,-80.01140201529142,OSM
Pittsburgh,,8419,Maple Dr,40.48225661292466,-80.03686094677535,OSM
Pittsburgh,,3864,Park Ave,40.402069116219465,-79.95863993881618,OSM
Pittsburgh,,2260,Main St,40.46743192599288,-79.96055334162078,OSM
Pittsburgh,,8788,Oak Ave,40.434227293723545,-80.03753583598727,OSM
Pittsburgh,,4225,Washington Blvd,40.42752552723035,-80.02135258381041,OSM
Pittsburgh,,3951,Oak Ave,40.441979378392,-80.03999153856185,OSM
Pittsburgh,,7604,Elm St,40.43003874333344,-79.96916619837474,OSM
Pittsburgh,,395,Main St,40.45153950343425,-79.99354559638357,OSM
Pittsburgh,,3080,Washington Blvd,40.39637386296806,-80.02202174927628,OSM
Pittsburgh,,380,Washington Blvd,40.48697942759835,-79.97610134345426,OSM
Pittsburgh,,9388,Elm St,40.40010614214631,-80.0284158285434,OSM
Pittsburgh,,16,Elm St,40.411153883675134,-80.002938912349,OSM
Pittsburgh,,6243,Oak Ave,40.41238112807155,-80.0422942534158,OSM
Pittsburgh,,8944,Washington Blvd,40.41252254357637,-79.97983452570104,OSM
Pittsburgh,,1936,Maple Dr,40.401458253933626,-80.01476289004636,OSM
Pittsburgh,,5463,Washington Blvd,40.393894488498496,-80.0169771020612,OSM
Pittsburgh,,3386,Oak Ave,40.43965411397431,-80.02605371867963,OSM
Pittsburgh,,8720,Main St,40.39399376015651,-79.967608805544,OSM
Pittsburgh,,7829,Park Ave,40.40357365486583,-79.97562308781903,OSM
Pittsburgh,,1135,Park Ave,40.474716409787604,-79.9930684094505,OSM
Pittsburgh,,7849,Oak Ave,40.42043184076082,-79.97105768336584,OSM
Pittsburgh,,9930,Washington Blvd,40.398626414685786,-79.96118540456666,OSM
Pittsburgh,,7507,Park Ave,40.40319912651887,-79.98623079960711,OSM
Pittsburgh,,2288,Elm St,40.43996804406618,-79.96320161757589,OSM
Pittsburgh,,9342,Park Ave,40.48795581223536,-79.99398144420891,OSM
Pittsburgh,,8758,Elm St,40.39607413626172,-79.96597355810316,OSM
Pittsburgh,,5239,Main St,40.471653113752886,-79.96965052218995,OSM
Pittsburgh,,4252,Elm St,40.41961192791711,-79.96386097857085,OSM
Pittsburgh,,620,Elm St,40.47899994112961,-79.99930701112457,OSM
Pittsburgh,,3992,Park Ave,40.42454406337574,-79.99368189315634,OSM
Pittsburgh,,2949,Maple Dr,40.40088530501294,-79.98868772881131,OSM
Pittsburgh,,8354,Elm St,40.42914069844471,-79.96635103347214,OSM
Pittsburgh,,3768,Main St,40.41305751263845,-80.00859866568688,OSM
Pittsburgh,,4875,Maple Dr,40.413694070257094,-80.0051368664508,OSM
Pittsburgh,,492,Park Ave,40.43833986087094,-80.0131362517934,OSM
Pittsburgh,,3540,Washington Blvd,40.466347232820105,-80.0408833232745,OSM
Pittsburgh,,245,Maple Dr,40.46012104000299,-79.9663534114495,OSM
Pittsburgh,,6795,Elm St,40.4648378253839,-80.01404310646437,OSM
Pittsburgh,,2455,Main St,40.45917632753858,-80.04533089417636,OSM
Pittsburgh,,1514,Park Ave,40.45975121819958,-79.98046194347684,OSM
Pittsburgh,,29,Elm St,40.41057977654832,-79.98045244122498,OSM
Pittsburgh,,8871,Elm St,40.41357691159023,-79.96322031488143,OSM
Pittsburgh,,7416,Oak Ave,40.4260389674248,-80.03454204393393,OSM
Pittsburgh,,7443,Elm St,40.480985661044635,-79.97477979999937,OSM
Pittsburgh,,5121,Elm St,40.4010334928271,-80.03647449654802,OSM
Pittsburgh,,2257,Park Ave,40.485502630065334,-80.02055295672903,OSM
Pittsburgh,,1284,Main St,40.45588871190094,-79.94950186707315,OSM
Pittsburgh,,2752,Maple Dr,40.43404530061292,-79.99117755648888,OSM
Pittsburgh,,69,Park Ave,40.470356060760004,-80.01361909146563,OSM
Pittsburgh,,756,Park Ave,40.39304444697615,-80.03348801998047,OSM
Pittsburgh,,1478,Maple Dr,40.42244613791067,-80.02204199463058,OSM
Pittsburgh,,6856,Park Ave,40.396414779789694,-79.9560618491506,OSM
Pittsburgh,,6049,Washington Blvd,40.41636046764024,-79.95906612324825,OSM
Pittsburgh,,5054,Park Ave,40.46276015802448,-80.04533055110903,OSM
Pittsburgh,,2019,Park Ave,40.396087376262884,-79.95831870683077,OSM
Pittsburgh,,2265,Maple Dr,40.47069544298172,-80.03273348766416,OSM
Pittsburgh,,9579,Main St,40.437554679352594,-79.97994755769089,OSM
Pittsburgh,,8076,Maple Dr,40.4677215134262,-80.02306015365069,OSM
Pittsburgh,,6887,Oak Ave,40.402895723139714,-80.04455331230764,OSM
Pittsburgh,,7848,Maple Dr,40.42763585230313,-80.00293701466755,OSM
Pittsburgh,,2618,Maple Dr,40.430457254278956,-79.95315933475428,OSM
Pittsburgh,,5859,Main St,40.42029249690148,-80.02886493292816,OSM
Pittsburgh,,4790,Maple Dr,40.396991966451445,-80.02657259155683,OSM
Pittsburgh,,8911,Washington Blvd,40.43282994918634,-80.00024736031916,OSM
Pittsburgh,,6709,Washington Blvd,40.41258849261763,-80.00239531359138,OSM
Pittsburgh,,2918,Main St,40.455496361378515,-80.00656588463258,OSM
Pittsburgh,,8671,Park Ave,40.450302276470005,-80.01089520406184,OSM
Pittsburgh,,7867,Oak Ave,40.45345760911212,-79.95137072430872,OSM
Pittsburgh,,5433,Washington Blvd,40.39979016575451,-79.95672366210479,OSM
Pittsburgh,,8754,Oak Ave,40.43668746467951,-79.94917633804852,OSM
Pittsburgh,,6411,Washington Blvd,40.46003557239257,-80.00316122085846,OSM
Pittsburgh,,2332,Washington Blvd,40.42371297457718,-79.98118070700104,OSM
Pittsburgh,,7997,Main St,40.46295772333963,-80.04413338980311,OSM
Pittsburgh,,200,Elm St,40.40671210068412,-79.94664590390452,OSM
Pittsburgh,,1154,Main St,40.43128267111157,-80.02465832666684,OSM
Pittsburgh,,4384,Oak Ave,40.42186154338834,-80.02977688946744,OSM
Pittsburgh,,7454,Elm St,40.467989174975,-79.96611455642268,OSM
Pittsburgh,,7670,Main St,40.444062438226155,-79.99551527344231,OSM
Pittsburgh,,8016,Elm St,40.39714585107728,-80.04370394652888,OSM
Pittsburgh,,4717,Park Ave,40.484049481688736,-80.02998461273086,OSM
Pittsburgh,,9127,Park Ave,40.40558915830004,-79.96858678158624,OSM
Pittsburgh,,5500,Park Ave,40.47108345853422,-80.0394866016801,OSM
Pittsburgh,,3733,Maple Dr,40.39142812279756,-79.98790840059775,OSM
Pittsburgh,,282,Washington Blvd,40.44696521955509,-79.97384453912449,OSM
Pittsburgh,,7390,Elm St,40.448746882835806,-80.01229866533384,OSM
Pittsburgh,,160,Oak Ave,40.48115057725812,-79.95193898947316,OSM
Pittsburgh,,5648,Elm St,40.414196691653,-80.03515926249158,OSM
Pittsburgh,,1320,Elm St,40.45196578981701,-79.97986130454174,OSM
Pittsburgh,,9392,Oak Ave,40.41586903856753,-79.99033442634152,OSM
Pittsburgh,,3868,Washington Blvd,40.44412855952828,-79.99785316106662,OSM
Pittsburgh,,6247,Elm St,40.44905536304956,-79.94918683553277,OSM
Pittsburgh,,3319,Maple Dr,40.47127814367012,-79.98805278970784,OSM
Pittsburgh,,4888,Elm St,40.45329927576455,-79.97384130380334,OSM
Pittsburgh,,4004,Park Ave,40.41856037494175,-79.97492545337431,OSM
Pittsburgh,,9927,Oak Ave,40.40311702392958,-80.03732796666965,OSM
Pittsburgh,,4615,Washington Blvd,40.44976523470819,-79.9836949529034,OSM
Pittsburgh,,5428,Washington Blvd,40.45747778927513,-80.01984966634213,OSM
Pittsburgh,,8685,Maple Dr,40.45543784033718,-80.02545331677155,OSM
Pittsburgh,,3501,Elm St,40.47988145509203,-79.97843899412939,OSM
Pittsburgh,,4607,Elm St,40.431421472086484,-79.97917687518172,OSM
Pittsburgh,,399,Park Ave,40.483981412801526,-80.04062284024667,OSM
Pittsburgh,,5383,Park Ave,40.3915447665002,-79.99592475306021,OSM
Pittsburgh,,7664,Oak Ave,40.42198714365334,-80.01774008083659,OSM
Pittsburgh,,9919,Washington Blvd,40.40952689951838,-80.04409335472798,OSM
Pittsburgh,,1587,Washington Blvd,40.48828030722306,-79.96506299268349,OSM
Pittsburgh,,9378,Elm St,40.44799859119066,-79.97120293796783,OSM
Pittsburgh,,9745,Elm St,40.438357654488016,-80.04520535608157,OSM
Pittsburgh,,9465,Washington Blvd,40.40467513172279,-80.01812547208452,OSM
Pittsburgh,,6047,Park Ave,40.46381889052234,-79.99086167844622,OSM
Pittsburgh,,7508,Main St,40.4728802965378,-80.00056897897701,OSM
Pittsburgh,,4252,Oak Ave,40.391426023216724,-80.00859811834084,OSM
Pittsburgh,,2370,Main St,40.45683194487951,-79.97304285509688,OSM
Pittsburgh,,9191,Park Ave,40.4256070854463,-79.99078879460212,OSM
Pittsburgh,,2494,Main St,40.454337318129646,-79.9711239860882,OSM
Pittsburgh,,5717,Oak Ave,40.461559929907565,-79.96521746667706,OSM
Pittsburgh,,5243,Oak Ave,40.44471336882256,-79.99939842020491,OSM
Pittsburgh,,7164,Main St,40.44029357541565,-79.99850605038323,OSM
Pittsburgh,,2606,Elm St,40.48193833609681,-79.98033127128605,OSM
Pittsburgh,,6664,Washington Blvd,40.421981997061216,-79.97114158676948,OSM
Pittsburgh,,6240,Elm St,40.450041814674314,-79.94892683918906,OSM
Pittsburgh,,8452,Oak Ave,40.401589604585716,-79.96878706149637,OSM
Pittsburgh,,8988,Park Ave,40.455450983360194,-80.00106766897473,OSM
Pittsburgh,,3802,Maple Dr,40.42965410249506,-80.00519076162746,OSM
Pittsburgh,,280,Main St,40.47582693658288,-79.99188374245126,OSM
Pittsburgh,,1538,Main St,40.479121322227115,-79.99766333372116,OSM
Pittsburgh,,7434,Elm St,40.4458817303156,-79.94607877588736,OSM
Pittsburgh,,1389,Maple Dr,40.43481047154807,-80.04179669023813,OSM
Pittsburgh,,7222,Elm St,40.4550209304586,-80.00380347370931,OSM
Pittsburgh,,6787,Main St,40.44604119682951,-80.00951883366875,OSM
Pittsburgh,,502,Main St,40.40859966095481,-80.0240876128627,OSM
Pittsburgh,,2008,Park Ave,40.486611292669245,-79.96722189438589,OSM
Pittsburgh,,2477,Oak Ave,40.449205638095684,-79.99543689764646,OSM
Pittsburgh,,7274,Washington Blvd,40.48989865703461,-79.97425282907125,OSM
Pittsburgh,,2516,Main St,40.47628490344528,-80.01739191559658,OSM
Pittsburgh,,8696,Park Ave,40.423725062997605,-80.00638555924294,OSM
Pittsburgh,,6827,Elm St,40.44073889700465,-79.9578549656745,OSM
Pittsburgh,,9826,Park Ave,40.4151444754321,-80.0347842997959,OSM
Pittsburgh,,6926,Oak Ave,40.427348907695986,-79.95004061833365,OSM
Pittsburgh,,6909,Park Ave,40.47058462918752,-80.0342953903144,OSM
Pittsburgh,,2017,Elm St,40.42064395120136,-80.0374505632541,OSM
Pittsburgh,,5972,Oak Ave,40.46402429354289,-79.9519046357089,OSM
Pittsburgh,,8353,Oak Ave,40.48806614663815,-79.98396836559907,OSM
Pittsburgh,,116,Main St,40.420234650446474,-80.04485075740644,OSM
Pittsburgh,,7730,Elm St,40.41779113005113,-80.01193259703197,OSM
Pittsburgh,,8872,Oak Ave,40.41924496728682,-80.01269412986181,OSM
Pittsburgh,,9970,Elm St,40.478913414720886,-80.01834077395678,OSM
Pittsburgh,,9668,Park Ave,40.42922737078661,-80.02538962248842,OSM
Pittsburgh,,3553,Maple Dr,40.4404293365765,-80.03635424364172,OSM
Pittsburgh,,7425,Park Ave,40.41999738211611,-80.01075603340006,OSM
Pittsburgh,,9395,Oak Ave,40.43016856141841,-79.94715159159637,OSM
Pittsburgh,,9599,Oak Ave,40.42176451481927,-79.97355127112506,OSM
Pittsburgh,,8807,Elm St,40.45114887117743,-79.983553419154,OSM
Pittsburgh,,9299,Main St,40.47660346994137,-79.95343972172802,OSM
Pittsburgh,,3587,Elm St,40.39209693687455,-80.02865284464798,OSM
Pittsburgh,,7985,Washington Blvd,40.443876912211735,-80.03489592766117,OSM
Pittsburgh,,2492,Elm St,40.482812714423474,-80.00834787592456,OSM
Pittsburgh,,2341,Oak Ave,40.47947480562419,-79.99253671195243,OSM
Pittsburgh,,15,Main St,40.415808221081974,-80.00312539173744,OSM
Pittsburgh,,3416,Elm St,40.4123869809802,-80.01390417806303,OSM
Pittsburgh,,4411,Washington Blvd,40.41278481973835,-79.97324495946377,OSM
Pittsburgh,,38,Maple Dr,40.40157029560728,-79.99292720999365,OSM
Pittsburgh,,9399,Washington Blvd,40.44316783657312,-80.04076095233631,OSM
Pittsburgh,,520,Main St,40.475387257464384,-79.97673810619094,OSM
Pittsburgh,,4027,Elm St,40.44441023583856,-79.9979330117134,OSM
Pittsburgh,,2574,Washington Blvd,40.46944789218937,-79.98492107095845,OSM
Pittsburgh,,8264,Oak Ave,40.46950510500537,-79.99833597693714,OSM
Pittsburgh,,1194,Main St,40.48162201815201,-79.99153465868197,OSM
Pittsburgh,,8760,Oak Ave,40.431675930378965,-80.02771269773525,OSM
Pittsburgh,,4965,Washington Blvd,40.470324202996046,-79.96840935565965,OSM
Pittsburgh,,8755,Elm St,40.44182389676682,-79.95590065314369,OSM
Pittsburgh,,984,Main St,40.440114276220214,-79.98593894135306,OSM
Pittsburgh,,2425,Maple Dr,40.4108525086047,-79.97042988405711,OSM
Pittsburgh,,6573,Maple Dr,40.40559188328081,-79.97756856221123,OSM
Pittsburgh,,9706,Park Ave,40.446759476026195,-80.02075339197529,OSM
Pittsburgh,,5910,Maple Dr,40.4140608652114,-79.98922218068074,OSM
Pittsburgh,,940,Maple Dr,40.41877141510943,-80.04317694853768,OSM
Pittsburgh,,9798,Park Ave,40.40222657584534,-80.02931350727094,OSM
Pittsburgh,,2593,Washington Blvd,40.454591184911656,-79.96385733139611,OSM
Pittsburgh,,3257,Maple Dr,40.44844717571944,-80.04140796296453,OSM
Pittsburgh,,7378,Maple Dr,40.450113839098044,-80.04439245571753,OSM
Pittsburgh,,8396,Elm St,40.43335925469386,-79.97954325779413,OSM
Pittsburgh,,4577,Washington Blvd,40.460296174282284,-79.97182104333716,OSM
Pittsburgh,,7082,Washington Blvd,40.45022307527583,-79.95333505814118,OSM
Pittsburgh,,905,Park Ave,40.45962427494902,-80.01655129744852,OSM
Pittsburgh,,1468,Park Ave,40.42414544106581,-80.02020096901603,OSM
Pittsburgh,,8831,Main St,40.45762111606779,-80.00478206152616,OSM
Pittsburgh,,5888,Washington Blvd,40.420449879487286,-79.98419630015594,OSM
Pittsburgh,,6361,Maple Dr,40.417466956930944,-80.04235131235284,OSM
Pittsburgh,,7016,Elm St,40.4446492923565,-80.04400440521816,OSM
Pittsburgh,,8551,Oak Ave,40.42483484213136,-79.9854274320376,OSM
Pittsburgh,,588,Oak Ave,40.43880155104255,-80.01677064221293,OSM
Pittsburgh,,2219,Elm St,40.404625830773455,-79.98529004522003,OSM
Pittsburgh,,2397,Main St,40.44093623373568,-79.95437549736806,OSM
Pittsburgh,,9382,Oak Ave,40.39234892389537,-80.02942215895938,OSM
Pittsburgh,,6846,Oak Ave,40.407620411987224,-80.0135967635488,OSM
Pittsburgh,,6571,Main St,40.46603921902367,-79.97524807070229,OSM
Pittsburgh,,2115,Oak Ave,40.444028678469266,-80.00191585413674,OSM
Pittsburgh,,1400,Park Ave,40.48347310210959,-79.96623431777518,OSM
Pittsburgh,,3416,Park Ave,40.478876889206084,-79.96337786013375,OSM
Pittsburgh,,2037,Maple Dr,40.4694210941208,-80.01522210337772,OSM
Pittsburgh,,3626,Oak Ave,40.40413535526168,-80.01800540021858,OSM
Pittsburgh,,3562,Washington Blvd,40.42345788730487,-80.03261260373687,OSM
Pittsburgh,,2857,Maple Dr,40.47058765966639,-79.95101662100116,OSM
Pittsburgh,,5026,Maple Dr,40.45115265865761,-79.98119394268424,OSM
Pittsburgh,,9238,Park Ave,40.45650482729662,-80.01748898074847,OSM
Pittsburgh,,630,Washington Blvd,40.43692701136564,-80.03977966886163,OSM
Pittsburgh,,1045,Oak Ave,40.48152041923665,-79.9840079880446,OSM
Pittsburgh,,3073,Oak Ave,40.403581174556976,-79.97591523321252,OSM
Pittsburgh,,2661,Elm St,40.43490474852627,-79.95518101085565,OSM
Pittsburgh,,2685,Washington Blvd,40.39748827117613,-79.95311517980605,OSM
Pittsburgh,,2649,Maple Dr,40.47188943509796,-80.02917856643217,OSM
Pittsburgh,,5043,Maple Dr,40.484521284633665,-80.00829292330319,OSM
Pittsburgh,,623,Washington Blvd,40.474738399083314,-79.9833628126603,OSM
Pittsburgh,,3887,Main St,40.41166273377428,-79.96110012240956,OSM
Pittsburgh,,5309,Maple Dr,40.46968275713192,-80.02210695347172,OSM
Pittsburgh,,1659,Main St,40.46477960162004,-80.00468551820258,OSM
Pittsburgh,,8333,Elm St,40.403028118585794,-80.03105975092305,OSM
Pittsburgh,,6754,Park Ave,40.46375542882752,-80.03988485102079,OSM
Pittsburgh,,7705,Washington Blvd,40.46589376349584,-80.01975466954535,OSM
Pittsburgh,,5400,Maple Dr,40.395346299705004,-80.0141942683059,OSM
Pittsburgh,,6192,Elm St,40.405970172541224,-79.9637135821952,OSM
Pittsburgh,,5653,Maple Dr,40.39933983696336,-79.97589776271603,OSM
Pittsburgh,,3476,Elm St,40.44187800450187,-79.99301698788965,OSM
Pittsburgh,,3630,Washington Blvd,40.401426724736375,-79.95108270817369,OSM
Pittsburgh,,4514,Oak Ave,40.409434133153326,-80.01468591033544,OSM
Pittsburgh,,7126,Park Ave,40.45454209605731,-79.98370947034546,OSM
Pittsburgh,,4141,Elm St,40.48652328429841,-79.99418700158405,OSM
Pittsburgh,,6404,Elm St,40.487391221475946,-79.95041891216373,OSM
Pittsburgh,,428,Elm St,40.46978705623613,-80.01690319737658,OSM
Pittsburgh,,8449,Elm St,40.42109866523337,-79.96901531879384,OSM
Pittsburgh,,1247,Oak Ave,40.408328359728586,-79.9491369195707,OSM
Pittsburgh,,5126,Oak Ave,40.452598017317605,-79.97337773975114,OSM
Pittsburgh,,3835,Oak Ave,40.42159750163208,-79.96540476914225,OSM
Pittsburgh,,4636,Maple Dr,40.40167576305187,-80.03307301607144,OSM
Pittsburgh,,5514,Oak Ave,40.40655941736103,-79.9835452897429,OSM
Pittsburgh,,1121,Elm St,40.4134884164787,-79.94910462071606,OSM
Pittsburgh,,3528,Washington Blvd,40.487473305697705,-80.04295326301711,OSM
Pittsburgh,,3808,Maple Dr,40.489802700183674,-80.02838229265836,OSM
Pittsburgh,,9088,Oak Ave,40.437351418365914,-79.99973155096006,OSM
Pittsburgh,,3885,Washington Blvd,40.47869514839615,-79.96144331798358,OSM
Pittsburgh,,7042,Oak Ave,40.43766332593341,-79.97711137134773,OSM
Pittsburgh,,3496,Main St,40.41779037339596,-80.00517285051811,OSM
Pittsburgh,,7487,Washington Blvd,40.43008661528875,-79.97177221114471,OSM
Pittsburgh,,4310,Maple Dr,40.456821960503405,-79.94886069345469,OSM
Pittsburgh,,9561,Maple Dr,40.47820825709186,-79.96682400951771,OSM
Pittsburgh,,2244,Main St,40.49014263197796,-79.9616664323584,OSM
Pittsburgh,,7998,Maple Dr,40.47355172412812,-80.02226305947612,OSM
Pittsburgh,,9934,Oak Ave,40.443136730730906,-79.94650671918315,OSM
Pittsburgh,,1030,Park Ave,40.448161717433045,-80.01832017568654,OSM
Pittsburgh,,6985,Elm St,40.403574168838766,-80.01331275480388,OSM
Pittsburgh,,423,Main St,40.413934822235326,-79.9651006306663,OSM
Pittsburgh,,9420,Elm St,40.46948149976921,-79.9706237107695,OSM
Pittsburgh,,4593,Maple Dr,40.479030326527905,-79.97208549081607,OSM
Pittsburgh,,3776,Washington Blvd,40.453504903988346,-79.98853582844347,OSM
Pittsburgh,,7777,Maple Dr,40.42613772528162,-79.99499932073732,OSM
Pittsburgh,,6888,Main St,40.47271443057249,-79.97370825846448,OSM
Pittsburgh,,7067,Park Ave,40.42435981528569,-80.03723182751347,OSM
Pittsburgh,,3386,Oak Ave,40.45898074509296,-79.97542611706407,OSM
Pittsburgh,,9915,Elm St,40.44029534666535,-80.03177353754418,OSM
Pittsburgh,,2812,Park Ave,40.4110731673253,-80.02287970620999,OSM
Pittsburgh,,2584,Main St,40.44709155200859,-79.96270272514663,OSM
Pittsburgh,,9650,Park Ave,40.48163380295197,-79.97779634307408,OSM
Pittsburgh,,7924,Elm St,40.470585624774806,-79.94643495249116,OSM
Pittsburgh,,4715,Main St,40.429125742618496,-80.04471208792327,OSM
Pittsburgh,,3510,Main St,40.47473517852479,-80.0401331805621,OSM
Pittsburgh,,2988,Park Ave,40.45338635595501,-79.95927774063314,OSM
Pittsburgh,,3128,Washington Blvd,40.40172753954576,-79.97810323871452,OSM
Pittsburgh,,3481,Oak Ave,40.41511238905361,-79.97959136109031,OSM
Pittsburgh,,9699,Maple Dr,40.469200705416625,-80.00248768534087,OSM
Pittsburgh,,6376,Maple Dr,40.42316215443144,-79.99448976592917,OSM
Pittsburgh,,307,Elm St,40.407516878182435,-79.98603658869753,OSM
Pittsburgh,,9310,Maple Dr,40.46680819390839,-80.03102267988065,OSM
Pittsburgh,,6121,Washington Blvd,40.445468147966935,-79.98118478326307,OSM
Pittsburgh,,6960,Main St,40.40597362371096,-80.02900015015105,OSM
Pittsburgh,,4197,Park Ave,40.438384433305195,-79.97540639839218,OSM
Pittsburgh,,1180,Park Ave,40.47384126807512,-80.03056680358502,OSM
Pittsburgh,,1910,Elm St,40.444031583820674,-80.03880864341508,OSM
Pittsburgh,,89,Washington Blvd,40.42923296723429,-80.0049151740516,OSM
Pittsburgh,,975,Maple Dr,40.483836458771066,-79.95158252556065,OSM
Pittsburgh,,3207,Washington Blvd,40.454565288692486,-80.02398923613103,OSM
Pittsburgh,,7441,Park Ave,40.40590919704662,-80.01513137432518,OSM
Pittsburgh,,7772,Oak Ave,40.407623940955546,-79.98362247030839,OSM
Pittsburgh,,5546,Oak Ave,40.44353636053273,-80.00326623813812,OSM
Pittsburgh,,6694,Elm St,40.392989300135,-79.98649605423147,OSM
Pittsburgh,,3204,Elm St,40.4905785520933,-79.99481966759579,OSM
Pittsburgh,,1246,Park Ave,40.45122031222913,-79.98974575734889,OSM
Pittsburgh,,9345,Oak Ave,40.48032452730402,-79.96368622366249,OSM
Pittsburgh,,5855,Oak Ave,40.41885451568276,-80.0262263001804,OSM
Pittsburgh,,3233,Washington Blvd,40.443025873568835,-80.0378686667496,OSM
Pittsburgh,,2808,Maple Dr,40.477347449150265,-79.9905894673231,OSM
Pittsburgh,,8018,Maple Dr,40.48736038018712,-80.02421792564131,OSM
Pittsburgh,,8997,Washington Blvd,40.46906112170657,-79.9841607568948,OSM
Pittsburgh,,9015,Maple Dr,40.403019628086156,-80.00504738872007,OSM
Pittsburgh,,1653,Maple Dr,40.41978532787661,-79.97310071574732,OSM
Pittsburgh,,807,Washington Blvd,40.41707784307942,-80.01662108828921,OSM
Pittsburgh,,9976,Park Ave,40.46662425801323,-79.97276349199069,OSM
Pittsburgh,,4002,Maple Dr,40.45546632989866,-80.02651885289919,OSM
Pittsburgh,,8649,Main St,40.40995279007164,-79.95755101655107,OSM
Pittsburgh,,9733,Oak Ave,40.438439545089636,-80.03035085745151,OSM
Pittsburgh,,9589,Oak Ave,40.43383882284705,-80.016606383698,OSM
Pittsburgh,,4987,Main St,40.40359204328589,-80.03199301107549,OSM
Pittsburgh,,794,Maple Dr,40.45261905073044,-79.95574167326065,OSM
Pittsburgh,,1158,Main St,40.40071735359732,-79.98926885665358,OSM
Pittsburgh,,8162,Washington Blvd,40.461192521187726,-80.00527472009587,OSM
Pittsburgh,,609,Washington Blvd,40.438505058514444,-79.98745216810892,OSM
Pittsburgh,,1842,Washington Blvd,40.42880764787234,-80.023679230157,OSM
Pittsburgh,,5780,Main St,40.41155287700546,-79.97678507517955,OSM
Pittsburgh,,449,Oak Ave,40.39459275729338,-80.00236421032966,OSM
Pittsburgh,,7954,Main St,40.419916744699954,-80.03758548605661,OSM
Pittsburgh,,3428,Oak Ave,40.39943585933348,-79.97390274485227,OSM
Pittsburgh,,2839,Oak Ave,40.4211136958542,-80.03385052257933,OSM
Pittsburgh,,4873,Elm St,40.44889331470524,-80.01074273042985,OSM
Pittsburgh,,9810,Maple Dr,40.471818684116805,-79.99192301438704,OSM
Pittsburgh,,5963,Maple Dr,40.46950261708374,-80.009983062912,OSM
Pittsburgh,,2066,Elm St,40.461839732352956,-80.02130385584425,OSM
Pittsburgh,,5864,Oak Ave,40.473300916206156,-80.00542918715207,OSM
Pittsburgh,,4055,Elm St,40.42806245814562,-79.98428010732827,OSM
Pittsburgh,,8075,Maple Dr,40.45921093423619,-79.99058667534835,OSM
Pittsburgh,,170,Elm St,40.424734747389046,-80.0396847711268,OSM
Pittsburgh,,2580,Elm St,40.46028448659718,-79.98652087566141,OSM
Pittsburgh,,7380,Main St,40.45806430785158,-79.98973133890223,OSM
Pittsburgh,,1188,Oak Ave,40.42567532355057,-79.94663360753457,OSM
Pittsburgh,,8780,Oak Ave,40.43517526514734,-80.01364294839873,OSM
Pittsburgh,,5649,Park Ave,40.42615671327667,-79.95766636000309,OSM
Pittsburgh,,785,Park Ave,40.48219345975965,-79.95909999701097,OSM
Pittsburgh,,3231,Maple Dr,40.409939442508964,-79.96557686571444,OSM
Pittsburgh,,6621,Oak Ave,40.44474393237927,-80.03739937760444,OSM
Pittsburgh,,3353,Elm St,40.39853435482873,-79.99928633912124,OSM
Pittsburgh,,7021,Oak Ave,40.40500209266008,-79.98441126632927,OSM
Pittsburgh,,9214,Oak Ave,40.43993548680717,-79.97746050024698,OSM
Pittsburgh,,3404,Oak Ave,40.405108973664824,-79.98331558703256,OSM
Pittsburgh,,7297,Washington Blvd,40.43626632600143,-80.04411696160376,OSM
Pittsburgh,,3046,Oak Ave,40.44285258681222,-80.01371041946048,OSM
Pittsburgh,,3817,Park Ave,40.45974611899267,-80.02372697095934,OSM
Pittsburgh,,7983,Washington Blvd,40.415661433447525,-80.03607633580123,OSM
Pittsburgh,,8788,Maple Dr,40.48238005905838,-80.00757667157701,OSM
Pittsburgh,,6905,Oak Ave,40.403919933467286,-79.97106821773197,OSM
Pittsburgh,,4794,Oak Ave,40.43671160170207,-80.04020183395087,OSM
Pittsburgh,,2214,Park Ave,40.4816290895936,-79.99011378487572,OSM
Pittsburgh,,4940,Park Ave,40.43137390691145,-79.97197063001191,OSM
Pittsburgh,,6633,Park Ave,40.429481822425736,-80.03945880858274,OSM
Pittsburgh,,955,Park Ave,40.47116494285117,-79.97539802961538,OSM
Pittsburgh,,7758,Oak Ave,40.411144107641704,-80.00054333815312,OSM
Pittsburgh,,4110,Elm St,40.47854398139093,-80.03746338569631,OSM
Pittsburgh,,7086,Maple Dr,40.457640218057875,-79.95942031611845,OSM
Pittsburgh,,4294,Park Ave,40.46243919674692,-79.9806947336969,OSM
Pittsburgh,,7770,Park Ave,40.43443209550965,-80.00340889592677,OSM
Pittsburgh,,5916,Washington Blvd,40.43102490414745,-79.98023986668477,OSM
Pittsburgh,,8754,Maple Dr,40.40391593389042,-80.00365543957136,OSM
Pittsburgh,,4466,Elm St,40.41929267819042,-80.03047236801035,OSM
Pittsburgh,,3021,Elm St,40.47048945755098,-79.94817273466357,OSM
Pittsburgh,,8851,Oak Ave,40.465774030683264,-79.94740540707957,OSM
Pittsburgh,,2204,Park Ave,40.3974632218692,-79.99250342469253,OSM
Pittsburgh,,976,Main St,40.43505454579619,-79.97537808186492,OSM
Pittsburgh,,9175,Main St,40.42662944806877,-79.9728604255825,OSM
Pittsburgh,,5361,Elm St,40.45623297275459,-79.94913724793251,OSM
Pittsburgh,,1382,Main St,40.41382192807764,-79.98539398322647,OSM
Pittsburgh,,2240,Park Ave,40.48235378216619,-80.01007190219882,OSM
Pittsburgh,,3808,Elm St,40.423563636413284,-79.9617137764048,OSM
Pittsburgh,,8427,Main St,40.449196794717004,-80.02744057555157,OSM
Pittsburgh,,4076,Washington Blvd,40.48932969904364,-80.0208402210606,OSM
Pittsburgh,,5230,Maple Dr,40.48317906730327,-79.99369290521884,OSM
Pittsburgh,,6809,Elm St,40.46216318435476,-80.01826518734288,OSM
Pittsburgh,,31,Main St,40.43305912141997,-80.03616540928726,OSM
Pittsburgh,,3618,Main St,40.40776384407944,-79.97323929972168,OSM
Pittsburgh,,8322,Elm St,40.47940732104234,-80.00631457596559,OSM
Pittsburgh,,7087,Washington Blvd,40.403801266136426,-80.00252229063724,OSM
Pittsburgh,,5059,Maple Dr,40.44317122097849,-80.04523713628357,OSM
Pittsburgh,,2637,Maple Dr,40.47165387861197,-80.02907879799488,OSM
Pittsburgh,,2607,Maple Dr,40.40200835652914,-79.99304966420864,OSM
Pittsburgh,,1261,Maple Dr,40.445542412984544,-79.99577374466463,OSM
Pittsburgh,,3156,Oak Ave,40.39941927740463,-79.96461377610021,OSM
Pittsburgh,,8188,Maple Dr,40.39784635969565,-79.94830206229335,OSM
Pittsburgh,,1505,Main St,40.42491526175106,-79.99910820155382,OSM
Pittsburgh,,5034,Oak Ave,40.3996047750849,-79.94800317416112,OSM
Pittsburgh,,6160,Park Ave,40.456709173280835,-80.02961609448771,OSM
Pittsburgh,,9833,Oak Ave,40.41792148281225,-79.97290307297583,OSM
Pittsburgh,,1158,Elm St,40.444804684855164,-79.98293560667085,OSM
Pittsburgh,,3127,Maple Dr,40.425097009212884,-79.98501751012806,OSM
Pittsburgh,,6017,Washington Blvd,40.44197190456961,-80.04022413485258,OSM
Pittsburgh,,886,Park Ave,40.42091894227728,-80.00281880156601,OSM
Pittsburgh,,3605,Main St,40.43115123930849,-79.95852996199781,OSM
Pittsburgh,,9299,Washington Blvd,40.40181463455916,-80.0265744387483,OSM
Pittsburgh,,1198,Elm St,40.40768688660067,-79.98909032587308,OSM
Pittsburgh,,8615,Park Ave,40.46787747097509,-80.01111146831781,OSM
Pittsburgh,,2350,Main St,40.421776853190885,-80.03899682142467,OSM
Pittsburgh,,3769,Park Ave,40.4143542165495,-79.98068808021081,OSM
Pittsburgh,,8903,Park Ave,40.48424283432752,-80.04128029491716,OSM
Pittsburgh,,9451,Elm St,40.47313717319174,-79.98451956983068,OSM
Pittsburgh,,1506,Washington Blvd,40.422841735994716,-80.0130263492484,OSM
Pittsburgh,,5100,Oak Ave,40.48688391494604,-79.966157519093,OSM
Pittsburgh,,2245,Main St,40.48850634997325,-80.04531664364227,OSM
Pittsburgh,,724,Elm St,40.469664269367925,-79.952662224099,OSM
Pittsburgh,,9885,Main St,40.42374808430592,-80.04151053929824,OSM
Pittsburgh,,7041,Oak Ave,40.40465437818784,-79.95836307021568,OSM
Pittsburgh,,7932,Elm St,40.45589480238922,-79.97200440360473,OSM
Pittsburgh,,1339,Oak Ave,40.458792245388196,-80.01950393357325,OSM
Pittsburgh,,4292,Park Ave,40.41389644341952,-79.99903264039486,OSM
Pittsburgh,,1738,Washington Blvd,40.47031124476688,-80.03065739546706,OSM
Pittsburgh,,4799,Main St,40.39521999828992,-79.96556146052008,OSM
Pittsburgh,,2572,Elm St,40.435803527583346,-79.99183137397674,OSM
Pittsburgh,,2584,Main St,40.41094152275975,-79.978450112097,OSM
Pittsburgh,,7623,Maple Dr,40.44960695298061,-80.0217586561404,OSM
Pittsburgh,,6766,Maple Dr,40.39638308061238,-80.01719988319763,OSM
Pittsburgh,,9050,Washington Blvd,40.439429509727574,-79.96308172210279,OSM
Pittsburgh,,4643,Maple Dr,40.46332854038744,-79.95373331310618,OSM
Pittsburgh,,6709,Maple Dr,40.40387537859461,-80.01005339227602,OSM
Pittsburgh,,7994,Oak Ave,40.46418256812823,-80.02082807693229,OSM
Pittsburgh,,6246,Elm St,40.48183251402256,-80.04162477118129,OSM
Pittsburgh,,1814,Park Ave,40.39363365353991,-79.96228221483686,OSM
Pittsburgh,,3606,Main St,40.481547275169206,-80.02796284347872,OSM
Pittsburgh,,2966,Oak Ave,40.4108604808379,-80.00568164891536,OSM
Pittsburgh,,35,Maple Dr,40.48700725753335,-79.98966624946341,OSM
Pittsburgh,,2463,Elm St,40.478578946724134,-79.95589461069487,OSM
Pittsburgh,,8269,Maple Dr,40.47553803402151,-79.96364840655205,OSM
Pittsburgh,,7531,Washington Blvd,40.42057992202868,-79.9499224128729,OSM
Pittsburgh,,7381,Washington Blvd,40.47406354928625,-79.94778517153695,OSM
Pittsburgh,,9101,Washington Blvd,40.40842309813452,-79.98757566659177,OSM
Pittsburgh,,5944,Oak Ave,40.39257888208908,-79.97655921101189,OSM
Pittsburgh,,1740,Main St,40.41218704612616,-80.02237295721629,OSM
Pittsburgh,,8377,Elm St,40.44899527892076,-80.02056811930856,OSM
Pittsburgh,,3491,Washington Blvd,40.43332658224233,-80.01405032226056,OSM
Pittsburgh,,2036,Park Ave,40.47509920170845,-79.97982260660254,OSM
Pittsburgh,,2044,Washington Blvd,40.460128759453404,-79.99004352094667,OSM
Pittsburgh,,8623,Main St,40.462112871684354,-80.01962049769853,OSM
Pittsburgh,,8061,Elm St,40.42171169873128,-79.96502527591268,OSM
Pittsburgh,,8967,Oak Ave,40.406700063909625,-80.01839595336142,OSM
Pittsburgh,,9967,Oak Ave,40.40149738261077,-79.95527082694734,OSM
Pittsburgh,,1158,Elm St,40.40387692397221,-80.0278525095217,OSM
Pittsburgh,,5693,Oak Ave,40.42850794901216,-79.96885047837537,OSM
Pittsburgh,,9867,Maple Dr,40.49023700159392,-79.94749596968917,OSM
Pittsburgh,,9297,Park Ave,40.45491490013322,-79.95977766134828,OSM
Pittsburgh,,2487,Elm St,40.45309304579645,-79.99809183484503,OSM
Pittsburgh,,8712,Washington Blvd,40.40970230755645,-80.03803056793005,OSM
Pittsburgh,,3177,Oak Ave,40.48508806369136,-79.95185918082163,OSM
Pittsburgh,,2431,Oak Ave,40.393241553263096,-80.00686773003727,OSM
Pittsburgh,,1221,Park Ave,40.45866287175834,-80.03469534035955,OSM
Pittsburgh,,5505,Park Ave,40.45852646791971,-79.97144399571768,OSM
Pittsburgh,,8799,Elm St,40.40061791130197,-79.99421729772303,OSM
Pittsburgh,,4420,Park Ave,40.41722388726439,-79.94662423657614,OSM
Pittsburgh,,6473,Park Ave,40.39908392091981,-79.99600776381095,OSM
Pittsburgh,,6379,Oak Ave,40.474579102253074,-80.0042101862912,OSM
Pittsburgh,,7360,Maple Dr,40.47727899557283,-79.98335440150122,OSM
Pittsburgh,,2078,Oak Ave,40.42999263196196,-79.96005686750014,OSM
Pittsburgh,,6005,Oak Ave,40.48918818587668,-80.00420820811509,OSM
Pittsburgh,,5314,Maple Dr,40.44760637803219,-80.00354615057522,OSM
Pittsburgh,,5890,Elm St,40.48391331178971,-79.99753261471479,OSM
Pittsburgh,,5140,Elm St,40.415318994031445,-79.96268659156817,OSM
Pittsburgh,,9695,Maple Dr,40.47093607138475,-79.9589291186048,OSM
Pittsburgh,,4091,Washington Blvd,40.45414602280032,-79.98787813790508,OSM
Pittsburgh,,1420,Main St,40.45160383718816,-79.99210286240952,OSM
Pittsburgh,,6157,Main St,40.440773344089784,-79.97149518228149,OSM
Pittsburgh,,5601,Washington Blvd,40.445594283286646,-79.96099169707382,OSM
Pittsburgh,,2025,Main St,40.395500210318296,-79.98258644087427,OSM
Pittsburgh,,9251,Maple Dr,40.48373223408765,-80.02709218236804,OSM
Pittsburgh,,5400,Park Ave,40.42411311119598,-80.02039574228323,OSM
Pittsburgh,,9026,Washington Blvd,40.475197026942936,-79.96840657260437,OSM
Pittsburgh,,7753,Main St,40.434442590526544,-79.97215962099223,OSM
Pittsburgh,,2385,Park Ave,40.477220550888006,-80.02993085430607,OSM
Pittsburgh,,2588,Park Ave,40.393283048798764,-80.00012193754446,OSM
Pittsburgh,,1957,Oak Ave,40.44285973339595,-79.98800311356925,OSM
Pittsburgh,,4934,Washington Blvd,40.42948482275685,-79.95305927214946,OSM
Pittsburgh,,221,Oak Ave,40.44862671858229,-80.02969047313704,OSM
Pittsburgh,,3844,Maple Dr,40.40262671738844,-80.01704581623714,OSM
Pittsburgh,,55,Maple Dr,40.490022739521805,-80.01291859436277,OSM
Pittsburgh,,9696,Park Ave,40.40670225833235,-79.95068346585917,OSM
Pittsburgh,,2118,Maple Dr,40.48457168809151,-80.01615021328489,OSM
Pittsburgh,,1086,Park Ave,40.40093312248279,-80.03748014976712,OSM
Pittsburgh,,443,Maple Dr,40.4366255545561,-79.95668030657401,OSM
Pittsburgh,,9740,Main St,40.42474719554073,-79.98970921753511,OSM
Pittsburgh,,6904,Park Ave,40.39834211954658,-80.02722555270316,OSM
Pittsburgh,,8747,Maple Dr,40.400766505487205,-80.03332356129025,OSM
Pittsburgh,,410,Main St,40.474140540316746,-79.97636794434752,OSM
Pittsburgh,,4606,Oak Ave,40.43265957236366,-80.0267459829567,OSM
Pittsburgh,,8126,Main St,40.48416390552374,-80.01925528332092,OSM
Pittsburgh,,8629,Elm St,40.43048090269072,-79.99506978468985,OSM
Pittsburgh,,248,Maple Dr,40.48592281400519,-80.04006870300722,OSM
Pittsburgh,,7659,Elm St,40.394196144200635,-79.97171356536336,OSM
Pittsburgh,,8771,Main St,40.43158018130402,-80.04180984587941,OSM
Pittsburgh,,1988,Oak Ave,40.443739056212664,-79.96252387667646,OSM
Pittsburgh,,4659,Main St,40.39535788924803,-79.99052307090427,OSM
Pittsburgh,,4149,Washington Blvd,40.47050215749129,-80.02261426078803,OSM
Pittsburgh,,7267,Park Ave,40.45378449600101,-79.96431746881956,OSM
Pittsburgh,,5712,Oak Ave,40.44243229661036,-79.97662119512786,OSM
Pittsburgh,,5668,Maple Dr,40.42235412215594,-79.96372389173807,OSM
Pittsburgh,,6740,Main St,40.430849754831904,-79.96334028676878,OSM
Pittsburgh,,9568,Park Ave,40.39775999727826,-80.03159833933042,OSM
Pittsburgh,,5562,Washington Blvd,40.47082663268848,-79.99617739037919,OSM
Pittsburgh,,8987,Park Ave,40.47270230632111,-80.01346898559186,OSM
Pittsburgh,,7431,Washington Blvd,40.43082474644202,-79.97624971768991,OSM
Pittsburgh,,5086,Oak Ave,40.44317842520924,-79.94772753200368,OSM
Pittsburgh,,5145,Oak Ave,40.4797023288137,-80.01816199340213,OSM
Pittsburgh,,5956,Oak Ave,40.47373073465815,-79.97019269199592,OSM
Pittsburgh,,4967,Maple Dr,40.42782962903848,-80.0237640361556,OSM
Pittsburgh,,9196,Main St,40.436303840697796,-80.0147838521977,OSM
Pittsburgh,,4293,Maple Dr,40.44506277039848,-80.04160043180862,OSM
Pittsburgh,,729,Park Ave,40.45223694625814,-80.03863585668792,OSM
Pittsburgh,,6256,Main St,40.43247907420097,-79.96868236678576,OSM
Pittsburgh,,3373,Oak Ave,40.47070114164116,-79.97220232806929,OSM
Pittsburgh,,9831,Washington Blvd,40.4053583271413,-80.00975281593223,OSM
Pittsburgh,,3878,Oak Ave,40.42819165892915,-79.9531658805058,OSM
Pittsburgh,,263,Park Ave,40.47004395071929,-80.02419309853414,OSM
Pittsburgh,,1648,Washington Blvd,40.41576996127965,-80.0092739109338,OSM
Pittsburgh,,2079,Maple Dr,40.41742007262279,-80.04522162368835,OSM
Pittsburgh,,8138,Oak Ave,40.46991208635563,-80.00511437304078,OSM
Pittsburgh,,9821,Oak Ave,40.40969563464158,-79.98439505354752,OSM
Pittsburgh,,7780,Park Ave,40.414697943773625,-79.99658988484497,OSM
Pittsburgh,,1441,Park Ave,40.41965513785916,-79.98259991304361,OSM
Pittsburgh,,640,Washington Blvd,40.488225501711085,-80.04412209016073,OSM
Pittsburgh,,2897,Main St,40.43213530115711,-79.9479243411094,OSM
Pittsburgh,,7874,Oak Ave,40.429071892602764,-79.98717214769582,OSM
Pittsburgh,,2743,Maple Dr,40.45476150895733,-79.9786259072628,OSM
Pittsburgh,,2772,Oak Ave,40.4011252331951,-80.02612187252181,OSM
Pittsburgh,,6125,Washington Blvd,40.406467072428846,-80.01943475807155,OSM
Pittsburgh,,4170,Washington Blvd,40.4724865677734,-79.98544893848245,OSM
Pittsburgh,,7308,Maple Dr,40.43801831351071,-79.99168742150358,OSM
Pittsburgh,,2684,Elm St,40.40369863048415,-80.03053659472955,OSM
Pittsburgh,,5594,Main St,40.4499045167459,-80.00146277384434,OSM
Pittsburgh,,8223,Washington Blvd,40.466206310140144,-79.99384127882993,OSM
Pittsburgh,,7855,Oak Ave,40.43652938827854,-79.95132732203768,OSM
Pittsburgh,,3783,Washington Blvd,40.48985872639302,-80.04423706492169,OSM
Pittsburgh,,7448,Elm St,40.44776615154872,-79.99900680326543,OSM
Pittsburgh,,7129,Washington Blvd,40.39916951011993,-80.02337254902227,OSM
Pittsburgh,,5976,Park Ave,40.4350359254422,-80.00990706069564,OSM
Pittsburgh,,4268,Oak Ave,40.46082716115231,-80.02277842129843,OSM
Pittsburgh,,3069,Washington Blvd,40.45591556322449,-79.96289529282728,OSM
Pittsburgh,,5670,Main St,40.43776313659771,-79.96349063556073,OSM
Pittsburgh,,8248,Park Ave,40.467572706146434,-79.95565127940192,OSM
Pittsburgh,,8116,Park Ave,40.4867496742554,-79.95453148672215,OSM
Pittsburgh,,185,Washington Blvd,40.39587852970652,-79.95864263880728,OSM
Pittsburgh,,2344,Park Ave,40.48931704138456,-79.99011074140768,OSM
Pittsburgh,,1591,Main St,40.43613661931609,-80.02841246599543,OSM
Pittsburgh,,563,Washington Blvd,40.418500052535194,-79.96801514545298,OSM
Pittsburgh,,5412,Maple Dr,40.463843822458,-79.97775501555397,OSM
Pittsburgh,,6621,Main St,40.478282969905194,-80.0144550995644,OSM
Pittsburgh,,1753,Park Ave,40.42024914437775,-79.95471242275332,OSM
Pittsburgh,,1639,Main St,40.41237491402811,-80.0452100256417,OSM
Pittsburgh,,5869,Main St,40.43798016306725,-80.01097787555409,OSM
Pittsburgh,,3894,Washington Blvd,40.459473871483276,-80.04524261067071,OSM
Pittsburgh,,2375,Main St,40.48778118035532,-80.00364204260676,OSM
Pittsburgh,,6240,Washington Blvd,40.41309129409109,-80.0207877957312,OSM
Pittsburgh,,684,Main St,40.43261656677225,-80.03014729158004,OSM
Pittsburgh,,2800,Main St,40.4227039014512,-80.01915799471678,OSM
Pittsburgh,,5661,Maple Dr,40.39438546517978,-79.97647687760075,OSM
Pittsburgh,,6512,Park Ave,40.45221194765716,-80.03193604010796,OSM
Pittsburgh,,8733,Washington Blvd,40.45153794978972,-79.96813769804083,OSM
Pittsburgh,,4646,Washington Blvd,40.48640683364948,-79.9704368766671,OSM
Pittsburgh,,703,Park Ave,40.47349612765836,-79.94768624558905,OSM
Pittsburgh,,1095,Elm St,40.47510199944738,-80.03596688666642,OSM
Pittsburgh,,8920,Park Ave,40.463908191533264,-80.01398462433639,OSM
Pittsburgh,,2140,Elm St,40.463110796717,-79.95922998421516,OSM
Pittsburgh,,8860,Park Ave,40.42183086808889,-79.99278988722754,OSM
Pittsburgh,,7591,Elm St,40.42554249458129,-79.94825103858511,OSM
Pittsburgh,,5836,Maple Dr,40.42751925746017,-80.0349616463581,OSM
Pittsburgh,,4757,Park Ave,40.406482031694644,-79.97876366406904,OSM
Pittsburgh,,3980,Maple Dr,40.44511247348136,-80.02073089018391,OSM
Pittsburgh,,8370,Maple Dr,40.4813231316404,-80.00915378416565,OSM
Pittsburgh,,6536,Main St,40.4273193474827,-80.0273595960587,OSM
Pittsburgh,,5361,Elm St,40.46864327893702,-80.00158236979367,OSM
Pittsburgh,,1411,Oak Ave,40.46641654099751,-80.00578258910748,OSM
Pittsburgh,,4818,Elm St,40.428201622918166,-79.96473964076908,OSM
Pittsburgh,,5016,Park Ave,40.48536159463317,-79.95476404427866,OSM
Pittsburgh,,2789,Elm St,40.45919425590417,-79.9784149838139,OSM
Pittsburgh,,5614,Main St,40.40488920623153,-80.04509485827825,OSM
Pittsburgh,,4370,Park Ave,40.483724118035965,-80.02442526639328,OSM
Pittsburgh,,3001,Main St,40.44608628058744,-79.98684879332755,OSM
Pittsburgh,,9077,Maple Dr,40.410379215875174,-80.01536357900751,OSM
Pittsburgh,,5660,Oak Ave,40.391699433712255,-80.01158677576437,OSM
Pittsburgh,,6676,Washington Blvd,40.41070335541514,-79.95938761108795,OSM
Pittsburgh,,6363,Maple Dr,40.42473319773081,-80.03902022392988,OSM
Pittsburgh,,5199,Main St,40.46010256599196,-80.00924694126817,OSM
Pittsburgh,,8462,Park Ave,40.39313459990905,-79.97275580805282,OSM
Pittsburgh,,6251,Park Ave,40.45497684025055,-80.04090790571176,OSM
Pittsburgh,,7483,Oak Ave,40.42362977762217,-80.04167007346358,OSM
Pittsburgh,,322,Main St,40.4190251164785,-80.03055574670088,OSM
Pittsburgh,,1256,Elm St,40.41356391185869,-80.03278308534875,OSM
Pittsburgh,,5407,Oak Ave,40.48427224965159,-80.01382949016667,OSM
Philadelphia,,9045,Park Ave,39.92068799590968,-75.16103509569143,OSM
Philadelphia,,3114,Main St,39.96335459447186,-75.20281753358549,OSM
Philadelphia,,5236,Washington Blvd,39.98603253936053,-75.17147825873332,OSM
Philadelphia,,8517,Elm St,39.95742976862404,-75.17245725790826,OSM
Philadelphia,,5005,Washington Blvd,39.92423420818029,-75.20115868712585,OSM
Philadelphia,,9002,Oak Ave,39.942241751136606,-75.20356819902024,OSM
Philadelphia,,3714,Maple Dr,39.955510589266325,-75.19755268714098,OSM
Philadelphia,,8481,Main St,39.92365209813937,-75.20678165217461,OSM
Philadelphia,,5232,Main St,39.94151824815984,-75.14030039801649,OSM
Philadelphia,,1606,Elm St,39.92975353290749,-75.13330796834803,OSM
Philadelphia,,290,Main St,39.92813917322049,-75.1756638632432,OSM
Philadelphia,,9814,Main St,39.98753399576725,-75.14326382952606,OSM
Philadelphia,,3705,Washington Blvd,39.90518780043327,-75.15899036652358,OSM
Philadelphia,,7998,Oak Ave,39.98016680252721,-75.15435888696884,OSM
Philadelphia,,5671,Washington Blvd,39.9041512807047,-75.12422616656478,OSM
Philadelphia,,1223,Washington Blvd,39.97970134935976,-75.19793246996362,OSM
Philadelphia,,9347,Main St,39.97079155885552,-75.13673013339692,OSM
Philadelphia,,4126,Elm St,39.93977041897807,-75.18046307919313,OSM
Philadelphia,,8600,Oak Ave,39.92128278037567,-75.18576299267286,OSM
Philadelphia,,5025,Main St,39.93681127581789,-75.2044605155833,OSM
Philadelphia,,9634,Main St,39.96588248626503,-75.1750390280658,OSM
Philadelphia,,8689,Park Ave,39.920744012151886,-75.11841830470865,OSM
Philadelphia,,1962,Park Ave,39.943050398249554,-75.14447984085167,OSM
Philadelphia,,1620,Elm St,40.00128285060633,-75.14394900145238,OSM
Philadelphia,,9842,Maple Dr,39.915294801830576,-75.15252570791849,OSM
Philadelphia,,6437,Oak Ave,39.94068803001654,-75.15333987231543,OSM
Philadelphia,,785,Park Ave,39.988782305648364,-75.20867547306335,OSM
Philadelphia,,7093,Oak Ave,39.90459270028052,-75.18054559240734,OSM
Philadelphia,,1959,Washington Blvd,39.993204177418455,-75.21437101660617,OSM
Philadelphia,,9669,Maple Dr,39.97773301156793,-75.18747193560091,OSM
Philadelphia,,4359,Elm St,39.98651972599779,-75.14614551563719,OSM
Philadelphia,,7430,Maple Dr,39.96280169192077,-75.1171126245962,OSM
Philadelphia,,3077,Park Ave,39.91640004087886,-75.13842004442516,OSM
Philadelphia,,5607,Park Ave,39.99615657856118,-75.1305777598944,OSM
Philadelphia,,6289,Park Ave,39.941425334287736,-75.11966529836509,OSM
Philadelphia,,6550,Washington Blvd,39.9346737455127,-75.2067720955155,OSM
Philadelphia,,3188,Maple Dr,39.9084904702295,-75.15228547734607,OSM
Philadelphia,,8908,Park Ave,40.00076284012036,-75.15889044652953,OSM
Philadelphia,,9782,Park Ave,39.935250595117715,-75.21200761287031,OSM
Philadelphia,,1186,Maple Dr,39.94237396756568,-75.1810387789842,OSM
Philadelphia,,6916,Washington Blvd,39.998430183543384,-75.16751157198082,OSM
Philadelphia,,1668,Park Ave,39.94610288905554,-75.11799007092296,OSM
Philadelphia,,8695,Maple Dr,39.934787166901444,-75.15164557629785,OSM
Philadelphia,,3186,Oak Ave,39.96166026882688,-75.1460440776133,OSM
Philadelphia,,1145,Maple Dr,40.002264211636295,-75.20138011293062,OSM
Philadelphia,,5386,Main St,39.98319558610066,-75.12147043989769,OSM
Philadelphia,,8600,Main St,39.93745767350137,-75.12479438607446,OSM
Philadelphia,,8757,Washington Blvd,39.95133964641087,-75.16837014351823,OSM
Philadelphia,,6167,Park Ave,39.94767180425565,-75.12843545933934,OSM
Philadelphia,,3693,Park Ave,39.93417928928044,-75.15675126203725,OSM
Philadelphia,,9742,Washington Blvd,39.963176845296886,-75.17849484015886,OSM
Philadelphia,,3536,Maple Dr,39.96866426052356,-75.14820503142478,OSM
Philadelphia,,6379,Oak Ave,39.9982756410172,-75.13095059639755,OSM
Philadelphia,,755,Main St,39.908265768155466,-75.21134083349686,OSM
Philadelphia,,3618,Park Ave,39.941347486158115,-75.21329129930787,OSM
Philadelphia,,8816,Oak Ave,39.956966352444496,-75.19790188676545,OSM
Philadelphia,,1152,Main St,39.90580689230567,-75.17574964914907,OSM
Philadelphia,,7571,Elm St,39.91373091865333,-75.19143489424661,OSM
Philadelphia,,828,Main St,39.986075339202245,-75.17180969119607,OSM
Philadelphia,,5857,Elm St,39.96297604584371,-75.15884118701014,OSM
Philadelphia,,8434,Park Ave,39.933342424041264,-75.12247875675995,OSM
Philadelphia,,5462,Main St,39.92287270456774,-75.20826083199843,OSM
Philadelphia,,9378,Main St,39.90850426381837,-75.12636289687448,OSM
Philadelphia,,1080,Park Ave,39.97852021315756,-75.16951933886503,OSM
Philadelphia,,4311,Maple Dr,39.99144093859046,-75.20980017282602,OSM
Philadelphia,,6889,Main St,39.93583238637021,-75.20567476263344,OSM
Philadelphia,,6676,Washington Blvd,39.98669531977507,-75.13003047741022,OSM
Philadelphia,,8348,Park Ave,39.98927720990099,-75.18802947285201,OSM
Philadelphia,,4378,Oak Ave,39.915314125008926,-75.18187663593633,OSM
Philadelphia,,2307,Maple Dr,39.93322469065891,-75.13550506202495,OSM
Philadelphia,,4303,Main St,39.93191238700665,-75.1260670306842,OSM
Philadelphia,,989,Maple Dr,39.935318533413174,-75.18852082403012,OSM
Philadelphia,,3590,Park Ave,40.0021747059317,-75.17570690954801,OSM
Philadelphia,,5171,Elm St,39.952263102096516,-75.1556274646121,OSM
Philadelphia,,2717,Elm St,39.91057591229244,-75.20914958641919,OSM
Philadelphia,,3621,Washington Blvd,39.91262845313405,-75.1886131378432,OSM
Philadelphia,,1379,Elm St,39.90815224605718,-75.15519023511285,OSM
Philadelphia,,6422,Main St,39.928835362162395,-75.12948742907807,OSM
Philadelphia,,3548,Elm St,39.916034661436285,-75.20080895971451,OSM
Philadelphia,,3259,Park Ave,39.918365007806784,-75.15533510019195,OSM
Philadelphia,,9585,Main St,39.96460827319134,-75.11961953085279,OSM
Philadelphia,,2604,Main St,39.933610135198755,-75.1549408534663,OSM
Philadelphia,,9627,Park Ave,39.94210528893064,-75.1386222196612,OSM
Philadelphia,,1936,Washington Blvd,39.98130469564946,-75.12818500357974,OSM
Philadelphia,,7932,Maple Dr,39.980109218788066,-75.20438103437036,OSM
Philadelphia,,5153,Main St,39.91780118867218,-75.18552127150463,OSM
Philadelphia,,51,Maple Dr,39.960592212725004,-75.18640820726705,OSM
Philadelphia,,9630,Maple Dr,39.98559447477372,-75.18385822208316,OSM
Philadelphia,,9046,Maple Dr,39.94725426875717,-75.21373611949872,OSM
Philadelphia,,9124,Oak Ave,39.90651394330798,-75.20345509746346,OSM
Philadelphia,,9180,Main St,39.942323530135994,-75.17047182356005,OSM
Philadelphia,,3074,Park Ave,39.970478605676426,-75.1803801664691,OSM
Philadelphia,,691,Washington Blvd,39.9881912725149,-75.18478324629768,OSM
Philadelphia,,6791,Maple Dr,39.92532968605858,-75.18958529490946,OSM
Philadelphia,,2456,Maple Dr,39.991056506377845,-75.12346544337656,OSM
Philadelphia,,6155,Elm St,39.92589585506048,-75.11825156220048,OSM
Philadelphia,,6354,Elm St,39.934427173748695,-75.16783019590335,OSM
Philadelphia,,9614,Washington Blvd,39.991360608522996,-75.13739976998603,OSM
Philadelphia,,9963,Oak Ave,39.91647039517155,-75.14354855719176,OSM
Philadelphia,,3475,Oak Ave,39.98617097023139,-75.15823456203222,OSM
Philadelphia,,901,Park Ave,39.996423894483684,-75.17530589413802,OSM
Philadelphia,,1898,Oak Ave,39.99308302588618,-75.15714957351484,OSM
Philadelphia,,3077,Oak Ave,39.95542744252505,-75.13259733483375,OSM
Philadelphia,,1441,Maple Dr,39.926805864312705,-75.2095716934079,OSM
Philadelphia,,5647,Oak Ave,39.98135006952952,-75.16223405784191,OSM
Philadelphia,,5638,Maple Dr,39.907845850766805,-75.1321275116283,OSM
Philadelphia,,25,Washington Blvd,39.945330714089366,-75.12082606034785,OSM
Philadelphia,,5210,Oak Ave,39.92691170843221,-75.1299748706495,OSM
Philadelphia,,4122,Maple Dr,39.919623498309406,-75.12040271884581,OSM
Philadelphia,,4345,Park Ave,39.93740872305931,-75.19815532645396,OSM
Philadelphia,,6979,Washington Blvd,39.957459850153164,-75.18871520340099,OSM
Philadelphia,,5659,Maple Dr,39.90460240517423,-75.14039439511791,OSM
Philadelphia,,4719,Oak Ave,39.925619541932825,-75.20932074388706,OSM
Philadelphia,,8988,Washington Blvd,39.933062240667354,-75.11535125670422,OSM
Philadelphia,,3808,Elm St,39.94936756075571,-75.18262972731651,OSM
Philadelphia,,2832,Washington Blvd,39.92088599053323,-75.19034665124781,OSM
Philadelphia,,2235,Main St,39.983435206605456,-75.135839940785,OSM
Philadelphia,,1680,Main St,39.964731482360136,-75.14199653309814,OSM
Philadelphia,,7570,Park Ave,39.9598340950362,-75.18184065014364,OSM
Philadelphia,,4397,Maple Dr,39.938451187843484,-75.14951465428207,OSM
Philadelphia,,7340,Park Ave,39.98186046650544,-75.16942863352843,OSM
Philadelphia,,4759,Elm St,39.937849541435995,-75.20704657828313,OSM
Philadelphia,,7319,Washington Blvd,39.95913215158253,-75.16782063594454,OSM
Philadelphia,,6937,Maple Dr,39.9026720158928,-75.13689421740786,OSM
Philadelphia,,7545,Park Ave,39.960493827879354,-75.1861711943346,OSM
Philadelphia,,6449,Maple Dr,39.93414416855494,-75.12906296575625,OSM
Philadelphia,,1569,Park Ave,39.953680291753486,-75.16867419929788,OSM
Philadelphia,,8325,Elm St,39.94966055690439,-75.14330199578923,OSM
Philadelphia,,8443,Elm St,39.90825350219999,-75.12060030852653,OSM
Philadelphia,,5644,Elm St,39.912385396114956,-75.16546727289224,OSM
Philadelphia,,2750,Elm St,39.92208188388945,-75.1487189509583,OSM
Philadelphia,,2664,Main St,39.935970474480975,-75.1293337664884,OSM
Philadelphia,,5837,Main St,39.972334496201626,-75.14805374520216,OSM
Philadelphia,,1735,Maple Dr,39.96577869244134,-75.1800386862999,OSM
Philadelphia,,6899,Main St,39.933199046011396,-75.17520399604165,OSM
Philadelphia,,5366,Main St,39.93099981026078,-75.12727257799263,OSM
Philadelphia,,6562,Maple Dr,39.94980288687906,-75.1537598922642,OSM
Philadelphia,,9882,Maple Dr,39.93153950251633,-75.17920238820923,OSM
Philadelphia,,1081,Maple Dr,39.99478232050811,-75.19487272652565,OSM
Philadelphia,,100,Maple Dr,39.98188630137365,-75.12646127160296,OSM
Philadelphia,,5130,Maple Dr,39.92513691685217,-75.17843516309803,OSM
Philadelphia,,2927,Main St,39.9491383114467,-75.1862076217852,OSM
Philadelphia,,7008,Main St,39.97476105777672,-75.12336313885548,OSM
Philadelphia,,8946,Main St,39.93201258891731,-75.18830025990127,OSM
Philadelphia,,5464,Maple Dr,39.96978363356969,-75.1925812787272,OSM
Philadelphia,,4830,Main St,39.96377949152826,-75.18162732660515,OSM
Philadelphia,,6647,Maple Dr,39.970493833290675,-75.18624262963478,OSM
Philadelphia,,2086,Washington Blvd,39.96066865968396,-75.16939481232089,OSM
Philadelphia,,3994,Washington Blvd,39.92742871183304,-75.14201356278745,OSM
Philadelphia,,5515,Maple Dr,39.948640408263095,-75.19914178851519,OSM
Philadelphia,,6711,Elm St,39.91443932802331,-75.20573948475243,OSM
Philadelphia,,4813,Maple Dr,39.9553764480064,-75.16187454017006,OSM
Philadelphia,,8440,Oak Ave,39.96595769327058,-75.1999756288684,OSM
Philadelphia,,731,Oak Ave,39.90840480130913,-75.21367506602853,OSM
Philadelphia,,1755,Washington Blvd,39.9651626012383,-75.12470337251399,OSM
Philadelphia,,3505,Oak Ave,39.97856251077148,-75.18777281305583,OSM
Philadelphia,,4765,Main St,39.936969564813104,-75.158003827052,OSM
Philadelphia,,2849,Maple Dr,39.94078420615755,-75.1717920094048,OSM
Philadelphia,,5808,Elm St,39.92502848713995,-75.1596624153236,OSM
Philadelphia,,8119,Oak Ave,39.99412210151817,-75.12802171726456,OSM
Philadelphia,,6429,Main St,39.930553003725436,-75.12653885901707,OSM
Philadelphia,,6625,Maple Dr,39.94434730390054,-75.16561806891282,OSM
Philadelphia,,2606,Oak Ave,39.941381262956014,-75.19370076111046,OSM
Philadelphia,,1990,Washington Blvd,39.93633204785245,-75.17772391344769,OSM
Philadelphia,,6243,Elm St,39.92033053094019,-75.20338691302666,OSM
Philadelphia,,7729,Oak Ave,39.99439924166656,-75.20885702057757,OSM
Philadelphia,,4510,Maple Dr,39.930865876365864,-75.1636628601834,OSM
Philadelphia,,5387,Oak Ave,39.958232806277216,-75.15613831352512,OSM
Philadelphia,,8793,Washington Blvd,39.997296799053586,-75.17342692083233,OSM
Philadelphia,,7333,Washington Blvd,39.92330571722274,-75.1573516288195,OSM
Philadelphia,,5737,Oak Ave,39.965008737278225,-75.14387116023916,OSM
Philadelphia,,7187,Elm St,39.99882046279702,-75.19370541552281,OSM
Philadelphia,,3472,Oak Ave,39.951881671779205,-75.13660548346093,OSM
Philadelphia,,4862,Maple Dr,39.96330263168124,-75.16884145279313,OSM
Philadelphia,,9642,Oak Ave,39.96312704249077,-75.1553600641888,OSM
Philadelphia,,7544,Oak Ave,39.91790729119035,-75.16272923129985,OSM
Philadelphia,,3067,Washington Blvd,39.91455521322905,-75.16624909989702,OSM
Philadelphia,,9261,Oak Ave,39.96329378293153,-75.1957622002057,OSM
Philadelphia,,5923,Maple Dr,39.912281150600364,-75.18227495292972,OSM
Philadelphia,,8059,Elm St,39.951107920867095,-75.2150132148601,OSM
Philadelphia,,7188,Park Ave,39.98452589814789,-75.21320048457369,OSM
Philadelphia,,1147,Park Ave,39.94278860241513,-75.1236482917014,OSM
Philadelphia,,9457,Oak Ave,39.98551337950681,-75.14868721724278,OSM
Philadelphia,,5631,Maple Dr,39.960652110444435,-75.1601803626462,OSM
Philadelphia,,194,Elm St,39.966292456519106,-75.12921573558465,OSM
Philadelphia,,829,Main St,39.994333834925314,-75.18491121321621,OSM
Philadelphia,,5937,Maple Dr,39.9350877229326,-75.18109668258649,OSM
Philadelphia,,5235,Maple Dr,39.93219094957302,-75.1561725215072,OSM
Philadelphia,,1345,Main St,40.00037438975897,-75.17739401947021,OSM
Philadelphia,,7641,Maple Dr,39.95527832091882,-75.14113826233147,OSM
Philadelphia,,5884,Maple Dr,39.97843958679168,-75.13511375485454,OSM
Philadelphia,,2138,Oak Ave,39.974793227748854,-75.20848643831779,OSM
Philadelphia,,1645,Main St,39.905210124968384,-75.15897168923074,OSM
Philadelphia,,9414,Elm St,39.94146347179709,-75.19661108447237,OSM
Philadelphia,,5032,Maple Dr,39.92894409852937,-75.13828074175898,OSM
Philadelphia,,2087,Main St,39.942615171006075,-75.19012204174591,OSM
Philadelphia,,7001,Main St,39.92745637183455,-75.1235628363396,OSM
Philadelphia,,4650,Main St,39.93148852452012,-75.20374623896518,OSM
Philadelphia,,4830,Maple Dr,39.90405353324229,-75.13579509492453,OSM
Philadelphia,,7281,Park Ave,39.91910601431912,-75.15905467530483,OSM
Philadelphia,,1721,Park Ave,39.90935457719742,-75.14303100665792,OSM
Philadelphia,,6873,Washington Blvd,39.99330791196004,-75.20871019823642,OSM
Philadelphia,,4112,Main St,39.98601862943181,-75.20136801378763,OSM
Philadelphia,,9717,Washington Blvd,39.95282965267969,-75.19616142680259,OSM
Philadelphia,,9892,Oak Ave,39.93447871886705,-75.19511431918657,OSM
Philadelphia,,6091,Oak Ave,39.90930105131928,-75.12288819892758,OSM
Philadelphia,,3171,Main St,39.95095546641448,-75.18668193706846,OSM
Philadelphia,,9637,Washington Blvd,39.95118473874942,-75.1737508404547,OSM
Philadelphia,,238,Oak Ave,39.97864497861578,-75.11901005539616,OSM
Philadelphia,,4266,Washington Blvd,39.92150919793056,-75.15056835025663,OSM
Philadelphia,,3150,Park Ave,39.941633143500134,-75.17619865000357,OSM
Philadelphia,,5998,Main St,39.96629503865253,-75.15511245371856,OSM
Philadelphia,,5795,Washington Blvd,39.95566267856037,-75.17703511277504,OSM
Philadelphia,,9490,Park Ave,39.988604258245985,-75.21120101794624,OSM
Philadelphia,,1742,Washington Blvd,39.95900973183003,-75.14149607093192,OSM
Philadelphia,,1683,Washington Blvd,39.97714874913189,-75.17420946786778,OSM
Philadelphia,,8703,Elm St,39.98501327675051,-75.13432771422796,OSM
Philadelphia,,1677,Elm St,39.98886056158454,-75.14244072080247,OSM
Philadelphia,,1142,Maple Dr,39.90796260417997,-75.13503689036625,OSM
Philadelphia,,8477,Maple Dr,39.95734919175454,-75.17952814218424,OSM
Philadelphia,,8001,Main St,39.98911742600665,-75.13458844313249,OSM
Philadelphia,,8,Maple Dr,39.99169186258746,-75.1628808979272,OSM
Philadelphia,,9570,Main St,39.91265712988666,-75.13163921100403,OSM
Philadelphia,,3080,Elm St,39.942518307137114,-75.12781170361872,OSM
Philadelphia,,1332,Park Ave,39.93921543761761,-75.15660858383917,OSM
Philadelphia,,5194,Maple Dr,39.98183407190474,-75.17563400158343,OSM
Philadelphia,,979,Main St,39.94088931801098,-75.19875640163119,OSM
Philadelphia,,3319,Elm St,39.94275407949294,-75.20888408368091,OSM
Philadelphia,,5278,Elm St,39.9996749363118,-75.18453674698185,OSM
Philadelphia,,6510,Maple Dr,39.95937567447775,-75.16362184055814,OSM
Philadelphia,,5573,Washington Blvd,39.915019276157935,-75.21238662913925,OSM
Philadelphia,,9510,Elm St,39.94438185372072,-75.18935132852941,OSM
Philadelphia,,6047,Washington Blvd,39.91337532456317,-75.1762560929176,OSM
Philadelphia,,2401,Elm St,39.90816383188365,-75.11830925989479,OSM
Philadelphia,,8903,Maple Dr,39.92679369015266,-75.17075286800839,OSM
Philadelphia,,3082,Maple Dr,39.95836088368332,-75.15081071859099,OSM
Philadelphia,,372,Park Ave,39.91049273206897,-75.18969055528892,OSM
Philadelphia,,3585,Washington Blvd,39.91757829871806,-75.1840210727553,OSM
Philadelphia,,3039,Main St,39.951890891367995,-75.16469363693759,OSM
Philadelphia,,6662,Washington Blvd,39.955551203591526,-75.1390560395608,OSM
Philadelphia,,1219,Main St,39.96036978127164,-75.17728347935655,OSM
Philadelphia,,4015,Main St,39.984301694330064,-75.128557797049,OSM
Philadelphia,,4690,Oak Ave,39.98627499641307,-75.15056174681193,OSM
Philadelphia,,1602,Washington Blvd,39.966098468865226,-75.17815329969578,OSM
Philadelphia,,1847,Maple Dr,39.992520705750245,-75.11923284227025,OSM
Philadelphia,,2640,Maple Dr,39.90877440008698,-75.15443649518065,OSM
Philadelphia,,7641,Washington Blvd,39.95671202062741,-75.17998368498922,OSM
Philadelphia,,5851,Maple Dr,39.986843373462804,-75.20534340178897,OSM
Philadelphia,,7324,Elm St,39.92513047524947,-75.13233217581495,OSM
Philadelphia,,3984,Elm St,39.932831126473076,-75.14322754675861,OSM
Philadelphia,,336,Oak Ave,39.94566116927548,-75.19994723664625,OSM
Philadelphia,,2363,Oak Ave,39.918532325913546,-75.18399586288923,OSM
Philadelphia,,7157,Oak Ave,39.97364042414853,-75.1308247250042,OSM
Philadelphia,,2636,Washington Blvd,39.95816742416589,-75.18726876629292,OSM
Philadelphia,,1184,Main St,39.94609513834971,-75.19938541642728,OSM
Philadelphia,,5766,Park Ave,39.92875504620096,-75.15310026089523,OSM
Philadelphia,,2551,Main St,39.92492551413541,-75.18250257897752,OSM
Philadelphia,,8419,Park Ave,39.97437110441773,-75.14719747737159,OSM
Philadelphia,,9305,Park Ave,39.9228550615649,-75.13071302968358,OSM
Philadelphia,,5292,Washington Blvd,39.94937809085041,-75.19700263299437,OSM
Philadelphia,,8333,Maple Dr,39.97160012361359,-75.15621795261977,OSM
Philadelphia,,4125,Oak Ave,39.912187428443985,-75.20417307431643,OSM
Philadelphia,,2248,Main St,39.9970966496396,-75.12174714607097,OSM
Philadelphia,,9918,Park Ave,39.956762201974016,-75.17308794485868,OSM
Philadelphia,,7356,Elm St,39.95841370420052,-75.1393992631401,OSM
Philadelphia,,3184,Elm St,39.93265293220412,-75.17242949059006,OSM
Philadelphia,,540,Park Ave,39.94975920914224,-75.21046775912512,OSM
Philadelphia,,7617,Oak Ave,39.91822475046505,-75.17403208463124,OSM
Philadelphia,,1085,Main St,39.94028371491462,-75.12734560379754,OSM
Philadelphia,,4732,Park Ave,39.97926883449763,-75.17347551119731,OSM
Philadelphia,,3860,Oak Ave,39.96013341374576,-75.17320201807459,OSM
Philadelphia,,6574,Oak Ave,39.94411889085718,-75.13473607890708,OSM
Philadelphia,,6403,Maple Dr,39.93645369076881,-75.18624373482452,OSM
Philadelphia,,2826,Maple Dr,39.97937536561597,-75.12619226074005,OSM
Philadelphia,,2084,Elm St,39.96504880784551,-75.17912809212235,OSM
Philadelphia,,9926,Washington Blvd,39.911779302313775,-75.16021334421593,OSM
Philadelphia,,3569,Park Ave,39.909414990268026,-75.20306697807274,OSM
Philadelphia,,8166,Park Ave,39.985920776829175,-75.19618821464773,OSM
Philadelphia,,4293,Elm St,39.996650093718316,-75.18995913716533,OSM
Philadelphia,,3478,Maple Dr,39.975421926015336,-75.2151594178397,OSM
Philadelphia,,3967,Park Ave,39.99943259042244,-75.19571556962609,OSM
Philadelphia,,2092,Elm St,39.99641330632807,-75.13926489646478,OSM
Philadelphia,,2306,Elm St,39.9749356953236,-75.14887067133905,OSM
Philadelphia,,8422,Maple Dr,40.00062201883099,-75.20026275402826,OSM
Philadelphia,,114,Park Ave,39.90804760017827,-75.12214144606828,OSM
Philadelphia,,2060,Main St,39.90497447818777,-75.19256611089592,OSM
Philadelphia,,7215,Elm St,39.95752144520295,-75.14109156180358,OSM
Philadelphia,,6414,Washington Blvd,39.97751988031837,-75.1356002282217,OSM
Philadelphia,,6561,Main St,39.955893262359226,-75.20063396764502,OSM
Philadelphia,,5409,Main St,39.92916068861102,-75.2138030967643,OSM
Philadelphia,,8425,Washington Blvd,39.96007134963394,-75.19987215990149,OSM
Philadelphia,,6991,Oak Ave,39.976264602258304,-75.20265170761303,OSM
Philadelphia,,7791,Maple Dr,39.951565861734196,-75.19859293301343,OSM
Philadelphia,,5918,Washington Blvd,39.9243337972981,-75.1596199894348,OSM
Philadelphia,,7821,Park Ave,39.958024060412185,-75.181597471337,OSM
Philadelphia,,4283,Maple Dr,39.90554826915872,-75.15114672476429,OSM
Philadelphia,,2503,Maple Dr,39.993973079552035,-75.17032600115529,OSM
Philadelphia,,5048,Maple Dr,39.97500289472752,-75.12218999692065,OSM
Philadelphia,,5411,Washington Blvd,39.91464516267355,-75.18535580118788,OSM
Philadelphia,,6777,Elm St,39.92228130005588,-75.15963378458514,OSM
Philadelphia,,7918,Washington Blvd,39.95471139874331,-75.20691208292484,OSM
Philadelphia,,6485,Main St,39.94617307146175,-75.11850314981665,OSM
Philadelphia,,1552,Main St,39.95065918126492,-75.20810713502728,OSM
Philadelphia,,4250,Washington Blvd,39.96984182364435,-75.18941583513853,OSM
Philadelphia,,1657,Park Ave,39.97015989033759,-75.1651838422258,OSM
Philadelphia,,3839,Park Ave,39.940647634156086,-75.13836518535487,OSM
Philadelphia,,760,Maple Dr,39.992439508329475,-75.11755855759816,OSM
Philadelphia,,403,Washington Blvd,39.97897716582962,-75.18538867690191,OSM
Philadelphia,,7636,Oak Ave,39.92688433997663,-75.14603943439909,OSM
Philadelphia,,6054,Park Ave,39.905811416321924,-75.16582272375555,OSM
Philadelphia,,3471,Elm St,39.96395709163941,-75.20572252249107,OSM
Philadelphia,,8113,Park Ave,39.92287916983879,-75.14389438477964,OSM
Philadelphia,,4849,Washington Blvd,39.96311406043341,-75.11714281240576,OSM
Philadelphia,,5402,Park Ave,39.947077762379095,-75.14361813561838,OSM
Philadelphia,,4496,Maple Dr,39.94755372776077,-75.17094236243892,OSM
Philadelphia,,7295,Park Ave,39.90707242115882,-75.20113656677917,OSM
Philadelphia,,4138,Oak Ave,39.92603308113448,-75.11539831062515,OSM
Philadelphia,,389,Oak Ave,39.93625834854131,-75.16274102437164,OSM
Philadelphia,,1757,Washington Blvd,39.97127780600744,-75.15753811545063,OSM
Philadelphia,,8048,Main St,39.9200756285389,-75.15713325728623,OSM
Philadelphia,,339,Park Ave,39.905216205808955,-75.17198447860503,OSM
Philadelphia,,2159,Maple Dr,39.986321583548765,-75.16686866309585,OSM
Philadelphia,,1046,Maple Dr,39.98681882950036,-75.1941228273327,OSM
Philadelphia,,8718,Main St,39.930802279229574,-75.18769940346972,OSM
Philadelphia,,2876,Park Ave,39.95923929895,-75.11713221285179,OSM
Philadelphia,,9317,Main St,39.95128047862405,-75.17983472191537,OSM
Philadelphia,,1176,Oak Ave,39.910544146327844,-75.18000672875739,OSM
Philadelphia,,8827,Maple Dr,39.96560075318894,-75.18327956946307,OSM
Philadelphia,,3477,Oak Ave,39.97922953007894,-75.1918082358649,OSM
Philadelphia,,1108,Maple Dr,39.96941242513799,-75.11840520009709,OSM
Philadelphia,,5577,Park Ave,39.96008465204548,-75.20494564906132,OSM
Philadelphia,,9976,Main St,39.98279445617656,-75.18694664274464,OSM
Philadelphia,,9653,Oak Ave,39.935990230891775,-75.1852610203248,OSM
Philadelphia,,8383,Park Ave,39.944422886482315,-75.20931712762702,OSM
Philadelphia,,5790,Oak Ave,39.945022048599526,-75.1383694093667,OSM
Philadelphia,,5516,Maple Dr,39.96029896044577,-75.15638186302002,OSM
Philadelphia,,652,Main St,39.969188754272885,-75.17245957502604,OSM
Philadelphia,,2839,Elm St,39.954157496578766,-75.12906547752405,OSM
Philadelphia,,4058,Main St,39.93281106200126,-75.18133304023665,OSM
Philadelphia,,2227,Park Ave,39.92527423390219,-75.19882508673916,OSM
Philadelphia,,6970,Park Ave,39.91793813917085,-75.12661131271678,OSM
Philadelphia,,9877,Main St,39.97770795661847,-75.13686101782318,OSM
Philadelphia,,8948,Oak Ave,39.90565737287798,-75.14266783125422,OSM
Philadelphia,,3330,Washington Blvd,39.91062776232948,-75.16924390762883,OSM
Philadelphia,,2428,Maple Dr,39.99630977864002,-75.17732440843098,OSM
Philadelphia,,8247,Elm St,39.905823363992795,-75.1219120337926,OSM
Philadelphia,,3946,Washington Blvd,39.907489254244105,-75.18865562847358,OSM
Philadelphia,,2258,Maple Dr,39.961584765322584,-75.16512121204846,OSM
Philadelphia,,2042,Park Ave,39.975739418029235,-75.18139074201682,OSM
Philadelphia,,8387,Elm St,39.97023751551186,-75.1449308259555,OSM
Philadelphia,,8022,Elm St,39.943002482889156,-75.18508218828465,OSM
Philadelphia,,9592,Park Ave,39.95581298982393,-75.16764100421959,OSM
Philadelphia,,7915,Washington Blvd,39.95937644417177,-75.14232269199597,OSM
Philadelphia,,7863,Elm St,39.915766978940674,-75.19187369601075,OSM
Philadelphia,,4461,Park Ave,39.9460652914995,-75.13186064937823,OSM
Philadelphia,,2287,Washington Blvd,39.93025281564398,-75.1935450168146,OSM
Philadelphia,,4852,Maple Dr,39.95015203455603,-75.21513702411494,OSM
Philadelphia,,3091,Maple Dr,39.92991631592621,-75.11788697480539,OSM
Philadelphia,,5863,Park Ave,39.908358101718996,-75.20320056740472,OSM
Philadelphia,,312,Maple Dr,39.973412051489056,-75.2023822901496,OSM
Philadelphia,,3427,Oak Ave,39.96276621766625,-75.1917434638123,OSM
Philadelphia,,9059,Maple Dr,39.994025496007104,-75.13305549028092,OSM
Philadelphia,,7749,Main St,39.97342368576704,-75.2031737400526,OSM
Philadelphia,,1444,Elm St,39.948768935204804,-75.1477604924021,OSM
Philadelphia,,9027,Park Ave,39.910484387611355,-75.19769213139413,OSM
Philadelphia,,1111,Park Ave,39.97968451279546,-75.11728737793007,OSM
Philadelphia,,373,Park Ave,39.918086529183064,-75.1727089637256,OSM
Philadelphia,,3624,Washington Blvd,39.93453998212449,-75.20782962025807,OSM
Philadelphia,,3278,Washington Blvd,39.93939773248623,-75.13353214638086,OSM
Philadelphia,,5609,Park Ave,39.91069292218177,-75.20032606037682,OSM
Philadelphia,,6838,Maple Dr,39.9242063334504,-75.1956453310727,OSM
Philadelphia,,4298,Park Ave,39.974674237091016,-75.14148063292366,OSM
Philadelphia,,4240,Oak Ave,39.99394367401317,-75.15426274497187,OSM
Philadelphia,,8234,Maple Dr,39.990135904552,-75.21341140337435,OSM
Philadelphia,,7766,Maple Dr,39.94077198152726,-75.18355213000758,OSM
Philadelphia,,4435,Park Ave,39.99451940621917,-75.17328046065904,OSM
Philadelphia,,4612,Park Ave,39.9575789553219,-75.13007724051974,OSM
Philadelphia,,4330,Maple Dr,39.98630086524145,-75.1191437178336,OSM
Philadelphia,,6569,Elm St,39.98151536165822,-75.18243207187795,OSM
Philadelphia,,4199,Oak Ave,39.93601149872533,-75.20783566983896,OSM
Philadelphia,,7555,Washington Blvd,39.919881566246474,-75.15228248399453,OSM
Philadelphia,,1757,Maple Dr,39.97298590685155,-75.21058501279728,OSM
Philadelphia,,6906,Park Ave,39.9477158875193,-75.16969967070662,OSM
Philadelphia,,4424,Washington Blvd,39.951983839037304,-75.12742199784333,OSM
Philadelphia,,8670,Washington Blvd,39.90380769331742,-75.12299945324179,OSM
Philadelphia,,8682,Oak Ave,39.988808633939584,-75.15571972606969,OSM
Philadelphia,,7672,Elm St,39.9998451652796,-75.15397509065667,OSM
Philadelphia,,3770,Oak Ave,39.956642089894196,-75.11557526964378,OSM
Philadelphia,,3133,Park Ave,39.920477404279865,-75.16867380929862,OSM
Philadelphia,,5773,Maple Dr,39.98420076311596,-75.2002516381134,OSM
Philadelphia,,1301,Oak Ave,39.98344832729096,-75.12644622531221,OSM
Philadelphia,,3127,Washington Blvd,39.98912176016727,-75.13214132434875,OSM
Philadelphia,,679,Maple Dr,39.967538449511025,-75.14248017149433,OSM
Philadelphia,,2036,Park Ave,39.97756805888983,-75.17271841790901,OSM
Philadelphia,,9597,Elm St,39.91532983654444,-75.19781115307076,OSM
Philadelphia,,2359,Park Ave,39.910496833099096,-75.1860552105158,OSM
Philadelphia,,9965,Washington Blvd,39.95870301190543,-75.13939193904787,OSM
Philadelphia,,3604,Park Ave,39.95824414013788,-75.1998475440026,OSM
Philadelphia,,7519,Elm St,39.910828967293654,-75.17376844063502,OSM
Philadelphia,,9045,Washington Blvd,39.92705576406137,-75.16070871637712,OSM
Philadelphia,,2017,Washington Blvd,39.97828469023264,-75.15065432589225,OSM
Philadelphia,,1738,Oak Ave,39.99317338042199,-75.15523585466582,OSM
Philadelphia,,2628,Elm St,39.91586932499281,-75.20879681586521,OSM
Philadelphia,,653,Maple Dr,39.939788612277525,-75.19479074082594,OSM
Philadelphia,,1852,Elm St,39.9518324900952,-75.19934229581777,OSM
Philadelphia,,6777,Oak Ave,39.945562434896075,-75.15528136976525,OSM
Philadelphia,,3438,Park Ave,39.922395221724926,-75.17407881550474,OSM
Philadelphia,,4431,Oak Ave,39.936423457546475,-75.19936500284264,OSM
Philadelphia,,4678,Maple Dr,39.96346424791755,-75.15562475153489,OSM
Philadelphia,,6899,Elm St,40.001646190981354,-75.12182969038055,OSM
Philadelphia,,8165,Park Ave,39.93695861794441,-75.17398749668209,OSM
Philadelphia,,8659,Main St,39.93917878500349,-75.1637030972624,OSM
Philadelphia,,4964,Washington Blvd,39.91252100987977,-75.14848198657835,OSM
Philadelphia,,6626,Park Ave,39.983299951173194,-75.13793535366135,OSM
Philadelphia,,8242,Park Ave,39.94282442639429,-75.2146964262616,OSM
Philadelphia,,4076,Elm St,39.953378249763134,-75.12833341073885,OSM
Philadelphia,,8340,Oak Ave,39.909955520355744,-75.18072071820146,OSM
Philadelphia,,6209,Elm St,39.95734541657175,-75.19124857535328,OSM
Philadelphia,,1397,Park Ave,39.938729883060816,-75.13677580858774,OSM
Philadelphia,,6455,Elm St,39.9951683543987,-75.13238554854715,OSM
Philadelphia,,4643,Oak Ave,39.91934380755045,-75.1326499838601,OSM
Philadelphia,,3831,Maple Dr,39.933128638572384,-75.13541813316037,OSM
Philadelphia,,9664,Main St,39.90605693299544,-75.16843869183447,OSM
Philadelphia,,3606,Park Ave,39.91266771365616,-75.12784408990665,OSM
Philadelphia,,3180,Park Ave,39.93962120667836,-75.16042535040772,OSM
Philadelphia,,2922,Main St,39.96697019825703,-75.21485385310466,OSM
Philadelphia,,2880,Park Ave,39.92492395335846,-75.12346096674634,OSM
Philadelphia,,6616,Maple Dr,39.912987520383574,-75.20169650888568,OSM
Philadelphia,,4365,Oak Ave,39.93176926488319,-75.14282647143963,OSM
Philadelphia,,9787,Washington Blvd,39.93606883525773,-75.18233910080741,OSM
Philadelphia,,9273,Washington Blvd,39.905531235924286,-75.18846781864188,OSM
Philadelphia,,9010,Elm St,39.98142843206761,-75.15428744811427,OSM
Philadelphia,,2612,Main St,39.95496846392502,-75.12590732092887,OSM
Philadelphia,,4141,Washington Blvd,39.920094077967406,-75.20020550281228,OSM
Philadelphia,,5226,Washington Blvd,39.94726596529746,-75.19815631966677,OSM
Philadelphia,,2050,Washington Blvd,39.95101074960112,-75.12167123826589,OSM
Philadelphia,,8784,Park Ave,39.969597944120906,-75.13661351303467,OSM
Philadelphia,,7773,Park Ave,39.95046391655251,-75.1152640595591,OSM
Philadelphia,,8051,Park Ave,39.92175480316342,-75.1953676189924,OSM
Philadelphia,,3571,Washington Blvd,39.9916126801683,-75.13075031863241,OSM
Philadelphia,,7243,Main St,39.986245018737314,-75.12767544385407,OSM
Philadelphia,,6924,Oak Ave,39.97408191451753,-75.13059812954286,OSM
Philadelphia,,453,Oak Ave,39.9615178177266,-75.11917312749235,OSM
Philadelphia,,8524,Main St,39.93293033199157,-75.1178165053187,OSM
Philadelphia,,3947,Elm St,39.98867994876485,-75.17374048183926,OSM
Philadelphia,,7918,Park Ave,39.984106229342835,-75.11675422338656,OSM
Philadelphia,,15,Oak Ave,39.98953956448386,-75.14847831652389,OSM
Philadelphia,,331,Main St,39.91618612225797,-75.18218019561499,OSM
Philadelphia,,8232,Main St,39.92896904166487,-75.20121497835186,OSM
Philadelphia,,822,Elm St,39.96170007406178,-75.14878371040271,OSM
Philadelphia,,4580,Main St,39.961318677706146,-75.18524788465126,OSM
Philadelphia,,1853,Main St,39.941649217886685,-75.15940884765008,OSM
Philadelphia,,3284,Elm St,39.95274186490557,-75.13946092993308,OSM
Philadelphia,,5198,Oak Ave,39.921767783461426,-75.145611394712,OSM
Philadelphia,,9111,Elm St,39.95831818672585,-75.20420767203075,OSM
Philadelphia,,9412,Washington Blvd,39.96695970523656,-75.1290863841762,OSM
Philadelphia,,3942,Main St,39.91306396512144,-75.18874162974254,OSM
Philadelphia,,4153,Washington Blvd,39.90826348478225,-75.17825105619185,OSM
Philadelphia,,5762,Park Ave,39.98145775977995,-75.20469021278758,OSM
Philadelphia,,315,Oak Ave,39.98046808717579,-75.19484992804767,OSM
Philadelphia,,9647,Main St,39.959992839254255,-75.19848743766067,OSM
Philadelphia,,7356,Washington Blvd,39.94388571501649,-75.1993340515898,OSM
Philadelphia,,5927,Park Ave,39.96975235713282,-75.13326831103826,OSM
Philadelphia,,5952,Park Ave,39.91312599185962,-75.13876439006552,OSM
Philadelphia,,9316,Main St,39.9749121068358,-75.13115054519868,OSM
Philadelphia,,9396,Elm St,39.994082742748056,-75.19248599994714,OSM
Philadelphia,,5616,Oak Ave,39.96781317442224,-75.12146903568369,OSM
Philadelphia,,498,Washington Blvd,39.957999502190695,-75.15926607659259,OSM
Philadelphia,,8994,Main St,39.94543257683349,-75.19358914373238,OSM
Philadelphia,,6887,Park Ave,40.00144741568645,-75.18757653220027,OSM
Philadelphia,,8866,Maple Dr,39.94509317396318,-75.1336720238231,OSM
Philadelphia,,974,Park Ave,39.99585807226548,-75.15444262695335,OSM
Philadelphia,,9032,Maple Dr,39.95428362822332,-75.17127600495013,OSM
Philadelphia,,2965,Maple Dr,39.949968930871044,-75.18380597288548,OSM
Philadelphia,,7586,Park Ave,39.9665112871481,-75.13455529565424,OSM
Philadelphia,,1249,Maple Dr,39.907276406871844,-75.19675635279401,OSM
Philadelphia,,2270,Washington Blvd,39.92978132577287,-75.18741771324612,OSM
Philadelphia,,4606,Oak Ave,39.92559673172818,-75.1510165712547,OSM
Philadelphia,,3047,Park Ave,39.990461340343316,-75.19834812776638,OSM
Philadelphia,,5793,Oak Ave,39.996459873815255,-75.12860751634183,OSM
Philadelphia,,4002,Elm St,39.90662663948879,-75.17549250000933,OSM
Philadelphia,,4958,Park Ave,39.91674565978594,-75.20146956028604,OSM
Philadelphia,,3270,Park Ave,39.94065829660193,-75.1698676774489,OSM
Philadelphia,,9388,Washington Blvd,39.94636430271783,-75.14129258597343,OSM
Philadelphia,,2123,Oak Ave,39.933658725912956,-75.19646037720491,OSM
Philadelphia,,2920,Oak Ave,39.94135853966182,-75.16451497057191,OSM
Philadelphia,,6046,Maple Dr,39.965471494804696,-75.14544051815972,OSM
Philadelphia,,3052,Oak Ave,39.9142855132514,-75.15053325094163,OSM
Philadelphia,,6486,Oak Ave,39.97964754549943,-75.12056017785486,OSM
Philadelphia,,7386,Maple Dr,39.91190187678228,-75.1445140154992,OSM
Philadelphia,,9962,Washington Blvd,39.90273029137187,-75.16001784789758,OSM
Philadelphia,,2779,Park Ave,39.97575748797152,-75.16252260091625,OSM
Philadelphia,,9051,Washington Blvd,39.929121104062325,-75.17319406671528,OSM
Philadelphia,,6470,Elm St,39.97447778011441,-75.19919625045077,OSM
Philadelphia,,517,Main St,39.9300073333397,-75.16807188002727,OSM
Philadelphia,,4951,Main St,39.917305349395846,-75.19341745998474,OSM
Philadelphia,,4956,Main St,39.913305243449535,-75.20878737230052,OSM
Philadelphia,,880,Park Ave,39.91699805902421,-75.19487807832553,OSM
Philadelphia,,250,Washington Blvd,39.936067151056264,-75.13290368521292,OSM
Philadelphia,,1481,Elm St,39.97229088095119,-75.1687178325171,OSM
Philadelphia,,1139,Elm St,39.93440260849929,-75.17113642323595,OSM
Philadelphia,,6797,Oak Ave,39.98879143042177,-75.12924849155945,OSM
Philadelphia,,3433,Washington Blvd,39.99863688509786,-75.17573913833348,OSM
Philadelphia,,9633,Elm St,39.93729423723326,-75.18433485883205,OSM
Philadelphia,,7253,Oak Ave,39.98063295542612,-75.20660490155389,OSM
Philadelphia,,3062,Oak Ave,39.92065520706011,-75.1329166597747,OSM
Philadelphia,,7634,Elm St,39.92731210666974,-75.13243584429065,OSM
Philadelphia,,1613,Park Ave,39.91415756014671,-75.13993422945042,OSM
Philadelphia,,2379,Washington Blvd,39.920668284800584,-75.17431574415778,OSM
Philadelphia,,6290,Main St,39.91332441234464,-75.16679509500162,OSM
Philadelphia,,6395,Main St,39.928232623560795,-75.20900756618185,OSM
Philadelphia,,5490,Oak Ave,39.928799280599634,-75.17920844779466,OSM
Philadelphia,,9264,Washington Blvd,39.917475152204574,-75.1718647043418,OSM
Philadelphia,,6741,Elm St,39.97101456266715,-75.1554954494958,OSM
Philadelphia,,7236,Main St,39.99194732777433,-75.17201751481709,OSM
Philadelphia,,8927,Park Ave,39.95652793120333,-75.14041943720238,OSM
Philadelphia,,9595,Washington Blvd,39.971348920191005,-75.13119697377903,OSM
Philadelphia,,5114,Oak Ave,39.99443275238587,-75.14752586778779,OSM
Philadelphia,,5667,Oak Ave,39.92530112410148,-75.15725376712534,OSM
Philadelphia,,796,Main St,39.9271188701741,-75.20005664975795,OSM
Philadelphia,,6054,Main St,39.976350568577004,-75.16351539268487,OSM
Philadelphia,,7125,Main St,39.903889646299874,-75.21132735839447,OSM
Philadelphia,,7944,Maple Dr,39.91842848564069,-75.15812735697037,OSM
Philadelphia,,993,Washington Blvd,39.95904812969156,-75.21440630689993,OSM
Philadelphia,,5754,Oak Ave,39.96923918350437,-75.16273088961445,OSM
Philadelphia,,4252,Park Ave,39.99727651436717,-75.15354804928447,OSM
Philadelphia,,1222,Main St,39.933550535076655,-75.16063538510608,OSM
Philadelphia,,1717,Maple Dr,39.94055719213342,-75.144305438853,OSM
Philadelphia,,9278,Main St,39.90720292355292,-75.13467143756111,OSM
Philadelphia,,6487,Park Ave,39.986710348935986,-75.13567431975045,OSM
Philadelphia,,6568,Park Ave,39.917941240265634,-75.1363777598597,OSM
Philadelphia,,8085,Park Ave,39.932344937658115,-75.12382255639491,OSM
Philadelphia,,2429,Oak Ave,39.9936789228283,-75.1440771891619,OSM
Philadelphia,,5315,Oak Ave,39.9296158521879,-75.1322556186351,OSM
Philadelphia,,8810,Elm St,39.946232085609495,-75.11575752986495,OSM
Philadelphia,,5065,Main St,39.95338899971364,-75.12072112376637,OSM
Philadelphia,,3976,Washington Blvd,39.97536718229171,-75.20748080398498,OSM
Philadelphia,,5100,Elm St,39.959922673283145,-75.14193035003369,OSM
Philadelphia,,3045,Park Ave,39.974681824734894,-75.20040658228875,OSM
Philadelphia,,9083,Oak Ave,39.94006614381831,-75.18351210457273,OSM
Philadelphia,,4521,Park Ave,39.97159401477785,-75.12099135585537,OSM
Philadelphia,,2483,Maple Dr,39.95422672810406,-75.21389128980182,OSM
Philadelphia,,6405,Maple Dr,39.971774485605835,-75.15507820462955,OSM
Philadelphia,,8826,Elm St,39.96803633682893,-75.1392166312889,OSM
Philadelphia,,6870,Oak Ave,39.93081811281648,-75.1370264496848,OSM
Philadelphia,,257,Park Ave,39.98793294936328,-75.17867511142506,OSM
Philadelphia,,3591,Main St,39.98162710823148,-75.14283297910784,OSM
Philadelphia,,8370,Washington Blvd,39.993223240125225,-75.20695619406504,OSM
Philadelphia,,1131,Oak Ave,39.953814342152555,-75.12752303565988,OSM
Philadelphia,,6897,Oak Ave,39.932160104209714,-75.19499903056622,OSM
Philadelphia,,276,Main St,39.95711297236356,-75.15781665686622,OSM
Philadelphia,,6979,Main St,39.962386023583555,-75.14504295328132,OSM
Philadelphia,,6193,Elm St,39.91949236730929,-75.13902879390774,OSM
Philadelphia,,6500,Elm St,39.96709845311042,-75.18625141786417,OSM
Philadelphia,,1241,Oak Ave,39.910655982603174,-75.18895446211654,OSM
Philadelphia,,1873,Main St,39.99619039658515,-75.14206192735249,OSM
Philadelphia,,4922,Park Ave,39.939107103941744,-75.13728543211928,OSM
Philadelphia,,2808,Washington Blvd,39.95244615426185,-75.155975470812,OSM
Philadelphia,,835,Maple Dr,39.96120667365194,-75.18318840762338,OSM
Philadelphia,,4263,Park Ave,39.97703246001059,-75.16332887920986,OSM
Philadelphia,,4549,Washington Blvd,39.99199714440795,-75.1486153699224,OSM
Philadelphia,,5196,Washington Blvd,39.98525294979462,-75.17554566859359,OSM
Philadelphia,,1500,Park Ave,39.996623489732194,-75.18966940911129,OSM
Philadelphia,,3089,Elm St,39.91869777577054,-75.1402464668935,OSM
Philadelphia,,3404,Maple Dr,39.93219342881787,-75.12138990628853,OSM
Philadelphia,,8368,Oak Ave,39.96564468242351,-75.12154867926749,OSM
Philadelphia,,6744,Park Ave,39.91887759567157,-75.19978774452181,OSM
Philadelphia,,7622,Washington Blvd,39.90990494735691,-75.16524717791121,OSM
Philadelphia,,6029,Oak Ave,40.00139252191122,-75.14854331260916,OSM
Philadelphia,,1955,Oak Ave,39.91332027438416,-75.18969273575011,OSM
Philadelphia,,586,Elm St,39.94124757932363,-75.2045253684944,OSM
Philadelphia,,5472,Maple Dr,39.931127203215624,-75.18195918079999,OSM
Philadelphia,,3245,Main St,39.97547895219941,-75.15017536199318,OSM
Philadelphia,,8504,Elm St,39.98593097855155,-75.13052116768478,OSM
Philadelphia,,2173,Washington Blvd,39.91779921752242,-75.20786309376345,OSM
Philadelphia,,4106,Park Ave,39.97470941182301,-75.16136113959573,OSM
Philadelphia,,1586,Park Ave,39.94651995460312,-75.12799869418953,OSM
Philadelphia,,210,Main St,39.953984379824355,-75.13541556244353,OSM
Philadelphia,,816,Elm St,39.97811287179185,-75.11629194484489,OSM
Philadelphia,,3771,Elm St,39.91618780793086,-75.21123852429736,OSM
Philadelphia,,7305,Elm St,39.90381171240752,-75.16775078958035,OSM
Philadelphia,,3739,Maple Dr,39.9372124149259,-75.19626122178258,OSM
Philadelphia,,3271,Elm St,39.94391107943948,-75.15839719292349,OSM
Philadelphia,,3614,Park Ave,39.97434914791473,-75.15248824647324,OSM
Philadelphia,,759,Main St,39.9664571653095,-75.14185126833907,OSM
Philadelphia,,8120,Elm St,39.94062207900401,-75.17257688878132,OSM
Philadelphia,,2032,Washington Blvd,39.95991717864392,-75.16291905460315,OSM
Philadelphia,,3675,Main St,39.92449500607675,-75.15060872832207,OSM
Philadelphia,,970,Washington Blvd,39.94876956578339,-75.12345579515082,OSM
Philadelphia,,1807,Park Ave,39.99078207474168,-75.15230701345334,OSM
Philadelphia,,8388,Main St,39.946412455047195,-75.18044428511128,OSM
Philadelphia,,8051,Maple Dr,39.959263315914924,-75.19901444128095,OSM
Philadelphia,,6094,Main St,39.91624253041123,-75.19649329802175,OSM
Philadelphia,,4210,Maple Dr,39.92777366715143,-75.1412441017084,OSM
Philadelphia,,489,Oak Ave,39.936782620498235,-75.12910921533825,OSM
Philadelphia,,3463,Park Ave,39.972700714531875,-75.20356754519898,OSM
Philadelphia,,5743,Maple Dr,39.97599196544131,-75.19796385246488,OSM
Philadelphia,,1244,Park Ave,39.982600553060784,-75.1328635144832,OSM
Philadelphia,,8477,Park Ave,39.95873780563954,-75.16431065325031,OSM
Philadelphia,,3430,Oak Ave,39.93770734238598,-75.16431042512298,OSM
Philadelphia,,5164,Elm St,39.95017680484285,-75.17884182670063,OSM
Philadelphia,,6268,Oak Ave,40.00078336185551,-75.16285901881211,OSM
Philadelphia,,5276,Main St,39.95339602678253,-75.19016038546808,OSM
Philadelphia,,4192,Park Ave,39.93365229476836,-75.13946778709156,OSM
Philadelphia,,3268,Main St,39.91763872500876,-75.13697069906308,OSM
Philadelphia,,687,Elm St,39.96388403883533,-75.14450282957061,OSM
Philadelphia,,9600,Oak Ave,39.93812894900616,-75.14417099273192,OSM
Philadelphia,,6057,Maple Dr,39.91075256949562,-75.18880128943961,OSM
Philadelphia,,4581,Maple Dr,39.94921801620928,-75.12264317898493,OSM
Philadelphia,,2582,Maple Dr,40.00025638294649,-75.19673148335318,OSM
Philadelphia,,8913,Washington Blvd,39.929888578600846,-75.20879270163587,OSM
Philadelphia,,4792,Oak Ave,39.95053909245466,-75.17338960339283,OSM
Philadelphia,,9613,Elm St,39.954755991071266,-75.12131380912393,OSM
Philadelphia,,6489,Elm St,39.935968959678185,-75.1786347617795,OSM
Philadelphia,,7376,Maple Dr,39.99020324124672,-75.1288129301575,OSM
Philadelphia,,8219,Main St,39.956439953362796,-75.16959854179242,OSM
Philadelphia,,5677,Oak Ave,39.95086720982587,-75.17893429013483,OSM
Philadelphia,,4902,Washington Blvd,39.9388101265594,-75.1259767277351,OSM
Philadelphia,,9226,Main St,39.94095071273007,-75.15568870030998,OSM
Philadelphia,,4469,Oak Ave,40.00027160974052,-75.1957558235746,OSM
Philadelphia,,6821,Park Ave,39.94348105414986,-75.19870983362799,OSM
Philadelphia,,7493,Maple Dr,39.96039626569044,-75.15041110568274,OSM
Philadelphia,,3795,Oak Ave,39.942049544020946,-75.17060574969805,OSM
Philadelphia,,6920,Park Ave,39.957383789624664,-75.1476182110942,OSM
Philadelphia,,9312,Maple Dr,39.93704409715299,-75.13301648628708,OSM
Philadelphia,,1389,Park Ave,39.97786533456057,-75.17697693696272,OSM
Philadelphia,,6998,Main St,39.97169043036451,-75.17128451700536,OSM
Philadelphia,,2613,Maple Dr,39.920398345850685,-75.15447315295854,OSM
Philadelphia,,2087,Maple Dr,39.909579392735466,-75.15280545804777,OSM
Philadelphia,,9848,Elm St,39.94941358278354,-75.17282732376499,OSM
Philadelphia,,7604,Oak Ave,39.92912053243077,-75.15934756357403,OSM
Philadelphia,,7208,Elm St,39.95185589832068,-75.16478580423336,OSM
Philadelphia,,3420,Elm St,39.97483073214125,-75.14909306553785,OSM
Philadelphia,,3786,Park Ave,39.92423639208858,-75.14106176337152,OSM
Philadelphia,,6417,Washington Blvd,39.91680848751873,-75.18939581579949,OSM
Philadelphia,,3043,Elm St,39.92462438136555,-75.17970923635959,OSM
Philadelphia,,1739,Maple Dr,39.92501951960893,-75.20294628837014,OSM
Philadelphia,,5567,Maple Dr,39.91607247835245,-75.21237103624892,OSM
Philadelphia,,8132,Oak Ave,39.92758903630701,-75.14704449058625,OSM
Philadelphia,,3023,Elm St,39.90922055107004,-75.13547546970537,OSM
Philadelphia,,706,Oak Ave,39.94988446054248,-75.20910307789013,OSM
Philadelphia,,1819,Maple Dr,39.930713177159134,-75.20417901873273,OSM
Philadelphia,,8299,Oak Ave,39.98440844748943,-75.21088000564266,OSM
Philadelphia,,3653,Park Ave,39.999275580896935,-75.138152238912,OSM
Philadelphia,,8274,Maple Dr,39.98445155604777,-75.14262306917074,OSM
Philadelphia,,5027,Washington Blvd,39.973469183185415,-75.14309623565113,OSM
Philadelphia,,3545,Maple Dr,39.9947070790545,-75.15303245817135,OSM
Philadelphia,,1122,Main St,39.95515493165891,-75.16867946205504,OSM
Philadelphia,,5833,Main St,39.942782189070684,-75.21133129072729,OSM
Philadelphia,,985,Maple Dr,39.96294338032126,-75.14683352348075,OSM
Philadelphia,,3686,Washington Blvd,39.94584074181043,-75.14312518145911,OSM
Philadelphia,,5087,Elm St,39.94609808111547,-75.15028380849309,OSM
Philadelphia,,11,Elm St,39.95617638265332,-75.15079266524356,OSM
Philadelphia,,1022,Washington Blvd,39.954180225830115,-75.15368064691764,OSM
Philadelphia,,895,Main St,39.915664817785505,-75.1320309886923,OSM
Philadelphia,,2774,Main St,39.9869845726209,-75.1503069573692,OSM
Philadelphia,,5791,Washington Blvd,39.92539386169211,-75.1337549184207,OSM
Philadelphia,,9412,Elm St,39.93370606068725,-75.14424151369226,OSM
Philadelphia,,125,Washington Blvd,39.99046298700159,-75.15070019406247,OSM
Philadelphia,,6910,Main St,39.97035585974146,-75.14757317828126,OSM
Philadelphia,,5062,Maple Dr,39.93583244203581,-75.1550118969804,OSM
Philadelphia,,4620,Elm St,39.94015169229708,-75.12956328991649,OSM
Philadelphia,,7491,Main St,39.97574481623761,-75.2104275489269,OSM
Philadelphia,,6732,Main St,39.943574462800456,-75.18195374750711,OSM
Philadelphia,,536,Park Ave,39.93476418478767,-75.20076036490205,OSM
Philadelphia,,44,Oak Ave,39.98924908887129,-75.14801969454334,OSM
Philadelphia,,7746,Oak Ave,39.932193783722994,-75.19403058235827,OSM
Philadelphia,,4494,Elm St,39.937954662236834,-75.16572409902408,OSM
Philadelphia,,5556,Main St,39.92564515007797,-75.12099610534499,OSM
Philadelphia,,7838,Washington Blvd,39.93514684118297,-75.1632486688318,OSM
Philadelphia,,2580,Main St,39.954919034940254,-75.17104113158757,OSM
Philadelphia,,2690,Elm St,39.94824905641416,-75.1503657205268,OSM
Philadelphia,,5041,Maple Dr,39.907049549560384,-75.11701137015739,OSM
Philadelphia,,3208,Elm St,39.99613298266247,-75.12725492113117,OSM
Philadelphia,,207,Washington Blvd,39.94685180378389,-75.20333823989787,OSM
Philadelphia,,121,Oak Ave,39.99070983919118,-75.14596073878609,OSM
Philadelphia,,1538,Main St,39.98861470395547,-75.13096224881265,OSM
Philadelphia,,8268,Oak Ave,39.93026425524632,-75.18147272382944,OSM
Philadelphia,,4216,Main St,39.92981334640201,-75.12180727898168,OSM
Philadelphia,,5230,Washington Blvd,39.94759651581896,-75.18950045297993,OSM
Philadelphia,,6988,Elm St,39.90441219272953,-75.13931822963053,OSM
Philadelphia,,8665,Park Ave,39.974321506677505,-75.18936908510737,OSM
Philadelphia,,8106,Maple Dr,39.93339986505234,-75.2102070501811,OSM
Philadelphia,,1360,Elm St,40.002349358986955,-75.13102072039058,OSM
Philadelphia,,820,Maple Dr,39.93977833017004,-75.1211757390693,OSM
Philadelphia,,3091,Main St,39.944332573441095,-75.1733979011987,OSM
Philadelphia,,1891,Park Ave,39.97400047311548,-75.18507303638197,OSM
Philadelphia,,7758,Maple Dr,39.94513555295637,-75.12143727939001,OSM
Philadelphia,,7250,Elm St,39.974327788438856,-75.20487645576405,OSM
Philadelphia,,3752,Park Ave,39.986968011651236,-75.20310362969201,OSM
Philadelphia,,4783,Washington Blvd,39.99439600032034,-75.14813527751436,OSM
Philadelphia,,302,Elm St,39.90544858962249,-75.19280935573545,OSM
Philadelphia,,7514,Washington Blvd,39.93562997946075,-75.11573846308735,OSM
Philadelphia,,4036,Oak Ave,39.93053108342564,-75.14215386861561,OSM
Philadelphia,,427,Elm St,39.959113959010274,-75.14827408485627,OSM
Philadelphia,,7259,Oak Ave,39.9867450755283,-75.21477597457451,OSM
Philadelphia,,266,Maple Dr,39.91077909268034,-75.1156228423874,OSM
Philadelphia,,2860,Maple Dr,39.963429566932994,-75.15942306997351,OSM
Philadelphia,,7994,Elm St,39.916190671169716,-75.21366607658723,OSM
Philadelphia,,3984,Oak Ave,39.953884374944856,-75.14883824953647,OSM
Philadelphia,,6520,Washington Blvd,39.91666855529281,-75.12500491965253,OSM
Philadelphia,,1738,Oak Ave,39.90997911856191,-75.13420196243193,OSM
Philadelphia,,9966,Park Ave,39.91566968054039,-75.20682255713784,OSM
Philadelphia,,5507,Main St,39.980138742966886,-75.1404670293433,OSM
Philadelphia,,6653,Washington Blvd,39.94797814796933,-75.17066491564925,OSM
Philadelphia,,3437,Washington Blvd,39.957377555221285,-75.13389673308595,OSM
Philadelphia,,9574,Park Ave,39.990678961723695,-75.19758627847285,OSM
Philadelphia,,5556,Elm St,39.926967867129825,-75.20807280027252,OSM
Philadelphia,,9268,Park Ave,39.985240570753135,-75.16328984669198,OSM
Philadelphia,,2241,Park Ave,39.99504764146079,-75.1759764955861,OSM
Philadelphia,,10,Elm St,39.99369039881053,-75.21154271940503,OSM
Philadelphia,,5553,Maple Dr,39.9591458852428,-75.19750288194457,OSM
Philadelphia,,3155,Park Ave,39.91025048638874,-75.21171578786439,OSM
Philadelphia,,4426,Elm St,39.999173950884014,-75.15996511876997,OSM
Philadelphia,,1229,Elm St,39.97196561139588,-75.19229936135234,OSM
Philadelphia,,1760,Main St,39.91792701023359,-75.20408381596425,OSM
Philadelphia,,7312,Oak Ave,39.973400681408904,-75.19257040887115,OSM
Philadelphia,,6791,Park Ave,39.99736270482353,-75.13742690940289,OSM
Philadelphia,,737,Elm St,39.91318375511084,-75.1475700967255,OSM
Philadelphia,,5120,Washington Blvd,39.971268356987984,-75.11803707405825,OSM
Philadelphia,,2012,Oak Ave,39.978268915183314,-75.15342914544232,OSM
Philadelphia,,8030,Oak Ave,39.97974639134605,-75.19649774684243,OSM
Philadelphia,,3903,Oak Ave,39.935475044709186,-75.17095745625345,OSM
Philadelphia,,4898,Maple Dr,39.90610169517735,-75.17443630996613,OSM
Philadelphia,,2247,Oak Ave,39.92631265504545,-75.13437004255323,OSM
Philadelphia,,6627,Oak Ave,39.96123409576611,-75.13495136059002,OSM
Philadelphia,,8841,Maple Dr,39.94130621776233,-75.1227312365008,OSM
Philadelphia,,978,Main St,39.927851332812025,-75.1612798813524,OSM
Philadelphia,,1875,Park Ave,39.90508079315548,-75.1562273296296,OSM
Philadelphia,,2440,Park Ave,39.910671009385595,-75.140914311038,OSM
Philadelphia,,9794,Oak Ave,39.97041251234855,-75.20283266229563,OSM
Philadelphia,,9454,Oak Ave,39.97863020263996,-75.20138731466032,OSM
Philadelphia,,4787,Maple Dr,39.96177053912749,-75.1418277519679,OSM
Philadelphia,,8282,Maple Dr,39.93400333490528,-75.2122569616407,OSM
Philadelphia,,122,Maple Dr,39.99523012722898,-75.13593795019648,OSM
Philadelphia,,4477,Elm St,39.99183209986065,-75.18028974791983,OSM
Philadelphia,,919,Elm St,39.99202171703504,-75.17086765839034,OSM
Philadelphia,,3051,Washington Blvd,39.935050335784624,-75.19402568656388,OSM
Philadelphia,,7172,Washington Blvd,39.9329964524331,-75.18320850265192,OSM
Philadelphia,,6059,Oak Ave,39.93077889391129,-75.1944668197562,OSM
Philadelphia,,9306,Park Ave,39.98109694964675,-75.15390708934763,OSM
Philadelphia,,1469,Washington Blvd,39.965110107953365,-75.17261860262143,OSM
Philadelphia,,797,Elm St,39.979322925162684,-75.19636731427165,OSM
Philadelphia,,1844,Elm St,39.90351043921273,-75.12089319804002,OSM
Philadelphia,,76,Park Ave,39.91650522419593,-75.19694403983925,OSM
Philadelphia,,4797,Park Ave,39.94354855152379,-75.19345271991925,OSM
Philadelphia,,1637,Elm St,39.93878904061938,-75.20631720962811,OSM
Philadelphia,,1130,Main St,39.943308455372595,-75.13168440351082,OSM
Philadelphia,,2108,Main St,39.99750806036532,-75.15856027894706,OSM
Philadelphia,,846,Main St,39.98034135450284,-75.14278882482623,OSM
Philadelphia,,4446,Elm St,39.91069952291457,-75.16054877213648,OSM
Philadelphia,,5425,Oak Ave,39.96435965667178,-75.20721575747692,OSM
Philadelphia,,1700,Maple Dr,39.980746374502715,-75.21452186430692,OSM
Philadelphia,,5915,Washington Blvd,39.939909200691396,-75.12991507581917,OSM
Philadelphia,,4680,Maple Dr,39.94728063483355,-75.1181762471054,OSM
Philadelphia,,237,Elm St,39.976717454685165,-75.16015213189694,OSM
Philadelphia,,6303,Oak Ave,39.91807223896772,-75.14119035886554,OSM
Philadelphia,,4378,Main St,39.98025159768727,-75.1254296930553,OSM
Philadelphia,,2279,Maple Dr,39.93813636992794,-75.11622073174696,OSM
Philadelphia,,3852,Park Ave,39.92773065772137,-75.1931779901268,OSM
Philadelphia,,3500,Main St,39.99097598170541,-75.17096588215676,OSM
Philadelphia,,7921,Oak Ave,39.94504757138441,-75.13322674847325,OSM
Philadelphia,,221,Elm St,39.979912597319476,-75.14159360515143,OSM
Philadelphia,,5567,Washington Blvd,39.9329616248454,-75.13211189845167,OSM
Philadelphia,,140,Maple Dr,39.97656843275983,-75.20629182663409,OSM
Philadelphia,,6899,Elm St,39.97731856983382,-75.20483308249271,OSM
Philadelphia,,9765,Washington Blvd,39.909666848923216,-75.19350236276551,OSM
Philadelphia,,3944,Elm St,39.916548198972514,-75.21018076280069,OSM
Philadelphia,,7489,Elm St,39.938684657410704,-75.17780577137259,OSM
Philadelphia,,8106,Elm St,39.91620713581028,-75.15494205336134,OSM
Philadelphia,,3671,Park Ave,39.958244487012266,-75.20898619111695,OSM
Philadelphia,,296,Maple Dr,39.99869824557521,-75.1245714246378,OSM
Philadelphia,,9020,Oak Ave,39.921035530964886,-75.19480350584284,OSM
Philadelphia,,6674,Oak Ave,39.960164054974676,-75.19339265896636,OSM
Philadelphia,,4723,Main St,39.94088014782061,-75.1647067491598,OSM
Philadelphia,,2167,Washington Blvd,39.93939349028153,-75.18784939243018,OSM
Philadelphia,,8160,Main St,39.99065557120364,-75.2055629570742,OSM
Philadelphia,,756,Main St,39.91710600194408,-75.17226068732914,OSM
Philadelphia,,7203,Oak Ave,39.93151220289382,-75.14372850881675,OSM
Philadelphia,,7909,Maple Dr,39.96893173669538,-75.13052500779368,OSM
Philadelphia,,6378,Main St,39.99664723477574,-75.16824701653115,OSM
Philadelphia,,9510,Main St,39.911192150870505,-75.14446729187796,OSM
Philadelphia,,237,Main St,39.980824435103536,-75.18240275642061,OSM
Philadelphia,,483,Maple Dr,39.94528505308661,-75.20173681941921,OSM
Philadelphia,,4734,Park Ave,40.00135298861624,-75.11773105343647,OSM
Philadelphia,,2207,Park Ave,39.99865507533848,-75.18700241823113,OSM
Philadelphia,,2058,Maple Dr,39.922053917204266,-75.21334398737714,OSM
Philadelphia,,9645,Park Ave,39.96564404214582,-75.1300239767641,OSM
Philadelphia,,6921,Oak Ave,39.91474613032621,-75.15138727732985,OSM
Philadelphia,,9311,Elm St,39.92163695866053,-75.16273576423477,OSM
Philadelphia,,2254,Maple Dr,39.94262277857747,-75.20565921614055,OSM
Philadelphia,,8687,Washington Blvd,39.911440954598255,-75.19671458795149,OSM
Philadelphia,,6245,Washington Blvd,39.92267338476615,-75.1817052194093,OSM
Philadelphia,,6816,Oak Ave,39.93662695753532,-75.20839464713663,OSM
Philadelphia,,4933,Elm St,39.97380402072813,-75.1871496415939,OSM
Philadelphia,,6435,Maple Dr,39.96059947214652,-75.20795254824351,OSM
Philadelphia,,1594,Main St,39.916323391973485,-75.14706289973539,OSM
Philadelphia,,7196,Washington Blvd,39.986950801265,-75.13712734109357,OSM
Philadelphia,,4757,Elm St,39.90527276612079,-75.18431070940129,OSM
Philadelphia,,585,Washington Blvd,39.9054735990457,-75.17614265360032,OSM
Philadelphia,,7729,Main St,39.95213989582675,-75.12653619859721,OSM
Philadelphia,,7061,Park Ave,39.95233264156958,-75.13942218057069,OSM
Philadelphia,,8441,Elm St,39.989917386482055,-75.13364419915253,OSM
Philadelphia,,2812,Elm St,39.964853777874914,-75.12445728322177,OSM
Philadelphia,,4520,Oak Ave,39.996794249129024,-75.18759186001773,OSM
Philadelphia,,1636,Main St,39.92161547712259,-75.14740577896315,OSM
Philadelphia,,2198,Oak Ave,39.95315069721447,-75.21070166252812,OSM
Philadelphia,,6774,Washington Blvd,39.972571368371,-75.14290919427319,OSM
Philadelphia,,8549,Elm St,39.974180550164355,-75.16898201907529,OSM
Philadelphia,,4218,Park Ave,39.9437748465657,-75.13897977271023,OSM
Philadelphia,,1584,Washington Blvd,39.996499903814055,-75.21130031856836,OSM
Philadelphia,,5803,Washington Blvd,39.94709665039756,-75.12532201596603,OSM
Philadelphia,,2383,Main St,39.98510802167323,-75.19799224908809,OSM
Philadelphia,,1564,Main St,39.96816211587753,-75.20780935098284,OSM
Philadelphia,,3585,Main St,39.950318562486075,-75.13374740749343,OSM
Philadelphia,,1851,Washington Blvd,40.0003972883271,-75.2112491170986,OSM
Philadelphia,,46,Park Ave,39.92090893143554,-75.20685676188641,OSM
Philadelphia,,4702,Elm St,39.93110358533701,-75.19313405076133,OSM
Philadelphia,,4339,Elm St,39.92749142680125,-75.13452560674048,OSM
Philadelphia,,3109,Maple Dr,39.94391913947681,-75.13820330154091,OSM
Philadelphia,,9651,Elm St,39.951464247147904,-75.1942391950039,OSM
Philadelphia,,8850,Oak Ave,39.953197382893634,-75.16605413806624,OSM
Philadelphia,,4078,Maple Dr,39.97340315038388,-75.16247680455534,OSM
Philadelphia,,4516,Park Ave,39.92270078262765,-75.21249730853131,OSM
Philadelphia,,971,Main St,39.930175384687594,-75.13655068004906,OSM
Philadelphia,,5827,Oak Ave,39.93983813554832,-75.17003569029042,OSM
Philadelphia,,8191,Maple Dr,39.99508704325983,-75.20444492415092,OSM
Philadelphia,,607,Main St,39.96108873729642,-75.15225792897537,OSM
Philadelphia,,533,Maple Dr,39.98586500827303,-75.16572086889191,OSM
Philadelphia,,1947,Elm St,39.9425478233316,-75.16994763601593,OSM
Philadelphia,,8703,Elm St,39.90870968416603,-75.16591900333326,OSM
Philadelphia,,3318,Maple Dr,39.92284560357961,-75.18130405695129,OSM
Philadelphia,,7127,Main St,39.974796835882685,-75.1665925919652,OSM
Philadelphia,,4945,Maple Dr,39.97756633066452,-75.12266874461744,OSM
Philadelphia,,3297,Elm St,39.93786624393641,-75.20279732962786,OSM
Philadelphia,,275,Main St,39.92230998930501,-75.19789776538069,OSM
Philadelphia,,2059,Park Ave,39.910942046202,-75.17994476427408,OSM
Philadelphia,,7355,Elm St,39.94303598211271,-75.14398033047065,OSM
Philadelphia,,3693,Washington Blvd,39.99039318748345,-75.14766304515545,OSM
Philadelphia,,9854,Maple Dr,39.92548418639158,-75.20213734393771,OSM
Philadelphia,,7860,Park Ave,39.91238540334267,-75.20629570916782,OSM
Philadelphia,,4823,Maple Dr,39.95226445360939,-75.11929444854572,OSM
Philadelphia,,3198,Oak Ave,39.93156422341253,-75.13057931421149,OSM
Philadelphia,,4178,Main St,39.989583856809226,-75.20974342463342,OSM
Philadelphia,,6168,Elm St,39.90387937927217,-75.17163795794929,OSM
Philadelphia,,3269,Maple Dr,39.90347368916067,-75.17921835443633,OSM
Philadelphia,,6405,Maple Dr,39.97893177891257,-75.20593599454432,OSM
Philadelphia,,1868,Oak Ave,39.94052306849272,-75.14686937162888,OSM
Philadelphia,,5428,Washington Blvd,39.92480933754783,-75.18949495974964,OSM
Philadelphia,,7764,Main St,40.00097973751704,-75.15596030967393,OSM
Philadelphia,,4789,Elm St,39.990514512147485,-75.13451732372546,OSM
Philadelphia,,8785,Oak Ave,39.90474184740366,-75.17467838762855,OSM
Philadelphia,,341,Maple Dr,39.996131019220606,-75.12496814598877,OSM
Philadelphia,,8431,Maple Dr,39.927917067923886,-75.14270404349338,OSM
Philadelphia,,4356,Oak Ave,39.99548942017072,-75.18580232103047,OSM
Philadelphia,,3977,Washington Blvd,39.98151633441331,-75.20060916799021,OSM
Philadelphia,,3934,Maple Dr,39.95362764883394,-75.17630259394325,OSM
Philadelphia,,3810,Washington Blvd,39.98422267073286,-75.11964669762062,OSM
Philadelphia,,388,Washington Blvd,39.96777252765755,-75.11576566420275,OSM
Philadelphia,,4753,Oak Ave,39.95419402227435,-75.16140830150258,OSM
Philadelphia,,1788,Oak Ave,39.99763970723205,-75.17309871797153,OSM
Philadelphia,,7269,Main St,39.92917182674817,-75.15638027301897,OSM
Philadelphia,,6210,Maple Dr,39.99935941592902,-75.17497758628775,OSM
Philadelphia,,1014,Washington Blvd,39.95595840290017,-75.12976198866146,OSM
Philadelphia,,2357,Elm St,39.9291861110824,-75.15850121078617,OSM
Philadelphia,,8141,Park Ave,39.96392463384268,-75.1423573613015,OSM
Philadelphia,,6609,Maple Dr,39.972918403418085,-75.20531580654891,OSM
Philadelphia,,6404,Main St,39.91472813977552,-75.18334163451347,OSM
Philadelphia,,5237,Park Ave,39.969262031415724,-75.15576345436256,OSM
Philadelphia,,4697,Main St,39.971713612036496,-75.14577253875933,OSM
Philadelphia,,5611,Park Ave,39.95346366832312,-75.15146257336824,OSM
Philadelphia,,4575,Maple Dr,39.98476363804419,-75.13625935099775,OSM
Philadelphia,,4335,Main St,39.90512591957546,-75.15392493762593,OSM
Philadelphia,,8201,Main St,39.958788566266534,-75.15063006408363,OSM
Philadelphia,,6522,Elm St,39.9591328508054,-75.13303053756951,OSM
Philadelphia,,8525,Washington Blvd,39.928821081014476,-75.15039497964975,OSM
Philadelphia,,1137,Washington Blvd,39.986992562401866,-75.12518298542258,OSM
Philadelphia,,9520,Elm St,39.94098538952979,-75.2014744788665,OSM
Philadelphia,,5546,Washington Blvd,39.932197147946155,-75.14579636712627,OSM
Philadelphia,,173,Park Ave,39.928328350588295,-75.14375073221272,OSM
Philadelphia,,2885,Oak Ave,39.97129887387146,-75.13946628640154,OSM
Philadelphia,,8480,Park Ave,39.99577303574093,-75.1815881843452,OSM
Philadelphia,,9487,Park Ave,39.93149311660927,-75.19726987948486,OSM
Philadelphia,,3381,Elm St,39.975526641914094,-75.211451713995,OSM
Philadelphia,,9653,Washington Blvd,39.99852355412529,-75.1504043373425,OSM
Philadelphia,,8784,Washington Blvd,40.00002316579158,-75.18016690363024,OSM
Philadelphia,,4098,Main St,39.92159936283774,-75.11945805226067,OSM
Philadelphia,,8369,Maple Dr,39.98645775264169,-75.15107493867899,OSM
Philadelphia,,4482,Park Ave,39.971660944113474,-75.19099500811372,OSM
Philadelphia,,8080,Maple Dr,39.971292381001504,-75.20907282018077,OSM
Philadelphia,,2887,Main St,39.95086958548963,-75.13105953227677,OSM
Philadelphia,,3912,Park Ave,39.940634602160905,-75.16653814531112,OSM
Philadelphia,,6701,Park Ave,39.983165037666645,-75.21163301081218,OSM
Philadelphia,,4449,Maple Dr,39.99490196752231,-75.15950441112327,OSM
Philadelphia,,5834,Park Ave,39.921806237042986,-75.1268911244835,OSM
Philadelphia,,8901,Oak Ave,39.90516049707953,-75.17055731076084,OSM
Philadelphia,,110,Maple Dr,39.966629840241154,-75.19164375124075,OSM
Philadelphia,,5163,Oak Ave,39.924222171293465,-75.19701436182518,OSM
Philadelphia,,2056,Elm St,39.94314371494519,-75.18176043570756,OSM
Philadelphia,,9908,Oak Ave,39.9828185142093,-75.14428573681934,OSM
Philadelphia,,7484,Main St,39.96957941924154,-75.13913705119968,OSM
Philadelphia,,3728,Park Ave,39.97758825620869,-75.12569033061021,OSM
Philadelphia,,2654,Main St,39.971575759240594,-75.19154351018787,OSM
Philadelphia,,3865,Park Ave,40.00244028095412,-75.12322825898696,OSM
Philadelphia,,4671,Maple Dr,39.938241260676286,-75.19776576354316,OSM
Philadelphia,,5859,Washington Blvd,39.91570468762594,-75.19078840943698,OSM
Philadelphia,,8668,Oak Ave,39.98577540545846,-75.14955365449062,OSM
Philadelphia,,3767,Main St,39.92036308259165,-75.13107407393943,OSM
Philadelphia,,8565,Park Ave,39.91703463282301,-75.13396322322801,OSM
Philadelphia,,9365,Main St,39.93321721110978,-75.20190801690296,OSM
Philadelphia,,1104,Park Ave,39.91827118051546,-75.16084567985123,OSM
Philadelphia,,3302,Maple Dr,39.98233624449918,-75.15076344022566,OSM
Philadelphia,,7325,Maple Dr,39.91722118425595,-75.15411407233975,OSM
Philadelphia,,8857,Washington Blvd,39.97959946103951,-75.19662569288596,OSM
Philadelphia,,6356,Park Ave,39.99927977823806,-75.12497992809955,OSM
Philadelphia,,9337,Park Ave,39.968155264183935,-75.18154196386264,OSM
Philadelphia,,5973,Park Ave,39.90532444665817,-75.19314106764617,OSM
Philadelphia,,1500,Elm St,39.995381827917186,-75.1694385338446,OSM
Philadelphia,,4823,Main St,39.99722877091886,-75.1940203711416,OSM
Philadelphia,,7743,Oak Ave,39.997256433286296,-75.18680621402693,OSM
Philadelphia,,3955,Washington Blvd,39.90890544498447,-75.19603940509406,OSM
Philadelphia,,9607,Oak Ave,39.95000932300396,-75.1414199945385,OSM
Philadelphia,,1061,Park Ave,39.94372956556184,-75.14361851878925,OSM
Philadelphia,,6395,Maple Dr,39.94703474649175,-75.19089123545666,OSM
Philadelphia,,8498,Main St,40.002178487173545,-75.19499993805412,OSM
Philadelphia,,7204,Park Ave,39.92760185923637,-75.15489742047191,OSM
Philadelphia,,5325,Maple Dr,39.904751502544606,-75.11594560413812,OSM
Philadelphia,,3203,Main St,39.947199931907235,-75.19124987427556,OSM
Philadelphia,,6213,Main St,40.00143395480053,-75.2008779584708,OSM
Philadelphia,,5583,Washington Blvd,39.97740801916869,-75.1462640437302,OSM
Philadelphia,,6162,Oak Ave,39.93634254570029,-75.14489425602233,OSM
Philadelphia,,6688,Main St,39.99964867839594,-75.14275485427684,OSM
Philadelphia,,8946,Oak Ave,39.928942304911665,-75.15695170582124,OSM
Philadelphia,,5186,Washington Blvd,39.928105878374545,-75.15876414227613,OSM
Philadelphia,,6101,Park Ave,39.919198690787226,-75.21000185770124,OSM
Philadelphia,,4704,Oak Ave,39.97705896572189,-75.13042729818879,OSM
Philadelphia,,953,Maple Dr,39.989930912423425,-75.13183098741467,OSM
Philadelphia,,102,Main St,39.961679738362605,-75.1221778016559,OSM
Philadelphia,,1314,Main St,39.938964520029764,-75.13042083060377,OSM
Philadelphia,,7970,Maple Dr,39.99269510158337,-75.17313971839528,OSM
Philadelphia,,2687,Main St,39.944035055697185,-75.1966717173494,OSM
Philadelphia,,5010,Washington Blvd,39.92061467921375,-75.18076058327382,OSM
Philadelphia,,367,Oak Ave,39.93504849303065,-75.15826604365579,OSM
Philadelphia,,7767,Maple Dr,39.922926061825784,-75.1991110593858,OSM
Philadelphia,,1794,Elm St,39.9827165620527,-75.19943698510781,OSM
Philadelphia,,5629,Washington Blvd,39.930664442929505,-75.15681745389678,OSM
Philadelphia,,166,Park Ave,39.958886577153685,-75.18296901526723,OSM
Philadelphia,,5796,Oak Ave,39.958957807829606,-75.21235178883,OSM
Philadelphia,,3854,Washington Blvd,39.96408559916163,-75.18956716739018,OSM
Philadelphia,,1164,Oak Ave,40.00043457371014,-75.17830584615558,OSM
Philadelphia,,3450,Washington Blvd,39.95020855153442,-75.18678231264458,OSM
Philadelphia,,7754,Oak Ave,39.94518044251314,-75.18602795295801,OSM
Philadelphia,,5792,Maple Dr,39.91809894837016,-75.20442337279755,OSM
Philadelphia,,9603,Oak Ave,39.95807591374351,-75.18427777830934,OSM
Philadelphia,,9155,Park Ave,39.985703431705204,-75.20614089370751,OSM
Philadelphia,,4124,Washington Blvd,39.99438885501589,-75.12905489739182,OSM
Philadelphia,,8958,Main St,39.957051365859726,-75.16449773088331,OSM
Philadelphia,,6320,Maple Dr,39.961464663977516,-75.17231559778948,OSM
Philadelphia,,1971,Main St,39.954907534399986,-75.2150067306353,OSM
Philadelphia,,3874,Maple Dr,39.97848952542556,-75.14811547937042,OSM
Philadelphia,,6895,Main St,39.980045908615985,-75.20244567758066,OSM
Philadelphia,,6609,Elm St,39.992543681977445,-75.21136812896968,OSM
Philadelphia,,5540,Washington Blvd,39.9404720353993,-75.16607939930142,OSM
Philadelphia,,3507,Maple Dr,39.97264036930654,-75.16874417627062,OSM
Philadelphia,,4461,Main St,39.941020625209134,-75.15349729762896,OSM
Philadelphia,,8086,Oak Ave,39.95141596695138,-75.16756064820969,OSM
Philadelphia,,425,Maple Dr,39.94717134742572,-75.19536661944811,OSM
Philadelphia,,5786,Washington Blvd,39.91368423893995,-75.1988659024218,OSM
Philadelphia,,5680,Elm St,39.98837422543835,-75.18785164223011,OSM
Philadelphia,,77,Oak Ave,39.94858648823091,-75.17333742387869,OSM
Philadelphia,,301,Oak Ave,39.94277856662778,-75.21355267603526,OSM
Philadelphia,,1359,Main St,39.993017808889725,-75.14535561773754,OSM
Philadelphia,,488,Elm St,39.9030716354276,-75.2097369598949,OSM
Philadelphia,,5806,Park Ave,39.94990513284094,-75.17137072965774,OSM
Philadelphia,,7231,Park Ave,39.9230943972663,-75.20276252910891,OSM
Philadelphia,,8021,Main St,39.98087786906011,-75.18498406302452,OSM
Philadelphia,,4355,Main St,39.90306856297239,-75.11613492421485,OSM
Philadelphia,,3904,Maple Dr,39.90627683382733,-75.17985315730702,OSM
Philadelphia,,9582,Maple Dr,39.91930717275876,-75.13165202788589,OSM
Philadelphia,,7324,Elm St,39.9928430169181,-75.20339737143576,OSM
Philadelphia,,1124,Main St,39.97960401380479,-75.18124306395765,OSM
Philadelphia,,3050,Park Ave,39.95610436919233,-75.16048461892957,OSM
Philadelphia,,8429,Oak Ave,39.98429872595395,-75.18382081176499,OSM
Philadelphia,,3758,Washington Blvd,39.90822966354422,-75.1750309528583,OSM
Philadelphia,,7382,Elm St,39.98405945239381,-75.19901942645379,OSM
Philadelphia,,6257,Elm St,39.908762089973834,-75.20476360803195,OSM
Philadelphia,,5454,Oak Ave,39.98236720610335,-75.17904227586332,OSM
Philadelphia,,7851,Oak Ave,39.92458534728848,-75.2034776324201,OSM
Philadelphia,,156,Oak Ave,39.98380650338711,-75.17677798124778,OSM
Philadelphia,,5820,Main St,39.96808088816384,-75.11965804581116,OSM
Philadelphia,,3129,Oak Ave,39.92090947418529,-75.18921366525959,OSM
Philadelphia,,7702,Oak Ave,39.93915818972245,-75.16996406197778,OSM
Philadelphia,,1252,Main St,39.96487552618431,-75.21114325771312,OSM
Philadelphia,,1247,Park Ave,39.99054222702401,-75.11785058144687,OSM
Philadelphia,,3493,Oak Ave,39.98911457391189,-75.11945607651836,OSM
Philadelphia,,3089,Washington Blvd,39.98377812716158,-75.19967520390338,OSM
Philadelphia,,7124,Elm St,39.99477017076078,-75.18614717171158,OSM
Philadelphia,,7797,Main St,39.90856252381877,-75.16630104484844,OSM
Philadelphia,,1974,Park Ave,39.94216993574549,-75.15977897880683,OSM
Philadelphia,,5918,Elm St,39.95063522705469,-75.15293337856546,OSM
Philadelphia,,1203,Main St,39.991194788486034,-75.1994640275469,OSM
Philadelphia,,8829,Elm St,39.96040096943555,-75.19846878801258,OSM
Philadelphia,,9383,Maple Dr,39.93005592710268,-75.19576283830803,OSM
Philadelphia,,7216,Elm St,39.9579248562631,-75.1424326352256,OSM
Philadelphia,,5270,Park Ave,39.92766253904165,-75.18468260691961,OSM
Philadelphia,,5969,Main St,39.92676946657663,-75.16451529722511,OSM
Philadelphia,,7522,Park Ave,39.917012330283484,-75.14094084541048,OSM
Philadelphia,,4154,Elm St,39.980301048433354,-75.13546903728424,OSM
Philadelphia,,1282,Oak Ave,39.90287094285662,-75.16930494666383,OSM
Philadelphia,,131,Elm St,39.9426597918096,-75.21116262216698,OSM
Philadelphia,,5839,Washington Blvd,39.97042498930744,-75.15494769880902,OSM
Philadelphia,,9505,Washington Blvd,39.91851393767718,-75.12857379583129,OSM
Philadelphia,,4593,Elm St,39.993869323440826,-75.18506165322611,OSM
Philadelphia,,6561,Oak Ave,39.99318025648262,-75.17269615155631,OSM
Philadelphia,,7424,Oak Ave,39.967065927749786,-75.20371774700547,OSM
Philadelphia,,6171,Washington Blvd,39.96933499651385,-75.13646743542425,OSM
Philadelphia,,3789,Park Ave,39.9700244984819,-75.19872093334905,OSM
Philadelphia,,9553,Elm St,39.90377048838278,-75.1986719337796,OSM
Philadelphia,,5549,Maple Dr,39.96810929395821,-75.18348103281961,OSM
Philadelphia,,9039,Maple Dr,39.9449835285786,-75.12486184812518,OSM
Philadelphia,,6854,Washington Blvd,39.944824211271225,-75.12257298122638,OSM
Philadelphia,,4962,Oak Ave,39.90833829589519,-75.1286820120052,OSM
Philadelphia,,6235,Main St,39.974002572251734,-75.20474044906764,OSM
Philadelphia,,6037,Washington Blvd,39.97102696043103,-75.17189514899779,OSM
Philadelphia,,4404,Elm St,39.98084751990668,-75.15911296135829,OSM
Philadelphia,,1151,Maple Dr,39.90874093917358,-75.1519517640698,OSM
Philadelphia,,3175,Elm St,39.929262215613896,-75.13356384398816,OSM
Philadelphia,,7834,Maple Dr,39.9416736296499,-75.15026829248407,OSM
Philadelphia,,8156,Park Ave,39.95591475352139,-75.17284633579442,OSM
Philadelphia,,7027,Main St,39.98445902215426,-75.17375114480137,OSM
Philadelphia,,1808,Maple Dr,39.91232007654199,-75.15119216039368,OSM
Philadelphia,,6728,Maple Dr,39.92750673120049,-75.17170446516872,OSM
Philadelphia,,7103,Maple Dr,39.92029720165556,-75.18249227540193,OSM
Philadelphia,,4720,Oak Ave,39.92823802348631,-75.19851261063903,OSM
Philadelphia,,5990,Park Ave,39.98420063268893,-75.17035176422965,OSM
Philadelphia,,679,Washington Blvd,39.979455165566314,-75.17216277119341,OSM
Philadelphia,,4710,Main St,39.95595893277016,-75.1713595730964,OSM
Philadelphia,,6286,Main St,39.945079640665,-75.12518873699277,OSM
Philadelphia,,881,Park Ave,39.96210237546113,-75.17901940910583,OSM
Philadelphia,,9746,Washington Blvd,39.99448497733793,-75.17278134566165,OSM
Philadelphia,,1448,Park Ave,39.940931291653065,-75.16046445388093,OSM
Philadelphia,,466,Main St,39.99593888841866,-75.20882972568307,OSM
Philadelphia,,8788,Maple Dr,39.937088216304524,-75.1722377619888,OSM
Philadelphia,,6510,Park Ave,39.90378511566776,-75.16899169660881,OSM
Philadelphia,,7875,Washington Blvd,39.90652849406994,-75.1284975894349,OSM
Philadelphia,,8353,Park Ave,39.989952824035825,-75.16999687914351,OSM
Philadelphia,,8262,Washington Blvd,39.954884668914715,-75.12469878418882,OSM
Philadelphia,,7677,Elm St,39.97861038309604,-75.15118407428221,OSM
Philadelphia,,5882,Washington Blvd,39.98898621709757,-75.17056834677835,OSM
Philadelphia,,2450,Main St,40.001483785544394,-75.19613493442357,OSM
Philadelphia,,4141,Oak Ave,39.915293252587894,-75.13467495552456,OSM
Philadelphia,,323,Oak Ave,39.90972478688607,-75.18769761312221,OSM
Philadelphia,,9915,Oak Ave,39.93021019218049,-75.15769085949799,OSM
Philadelphia,,7948,Main St,39.96809139871425,-75.13373183178277,OSM
Philadelphia,,1551,Washington Blvd,39.96329672040677,-75.18001600965025,OSM
Philadelphia,,4970,Oak Ave,39.96216478737263,-75.1643849610689,OSM
Philadelphia,,7681,Main St,39.937970821976265,-75.14443590977451,OSM
Philadelphia,,4938,Park Ave,39.90908351120428,-75.17180860616847,OSM
Philadelphia,,277,Oak Ave,39.99757953066806,-75.20880647013128,OSM
Philadelphia,,8500,Park Ave,39.99823912631874,-75.18878490526949,OSM
Philadelphia,,6481,Washington Blvd,39.981492082534984,-75.18066450506069,OSM
Philadelphia,,4398,Elm St,39.98192977534858,-75.1254787724443,OSM
Philadelphia,,525,Washington Blvd,39.903429851418025,-75.1345752334826,OSM
Philadelphia,,4867,Park Ave,39.991301234024824,-75.1263268172794,OSM
Philadelphia,,8479,Park Ave,39.96245925086328,-75.16473507973326,OSM
Philadelphia,,3718,Park Ave,39.93555082711962,-75.14509726549875,OSM
Philadelphia,,9685,Park Ave,39.9268079941457,-75.1511177742642,OSM
Philadelphia,,6273,Park Ave,39.99644339172147,-75.18483453835015,OSM
Philadelphia,,360,Park Ave,39.95142018940046,-75.12189389277735,OSM
Philadelphia,,7995,Washington Blvd,39.91655873268064,-75.18826617885554,OSM
Philadelphia,,6079,Elm St,39.93362620693391,-75.11685936850127,OSM
Philadelphia,,5336,Main St,39.95116679201392,-75.12554605374434,OSM
Philadelphia,,5968,Elm St,39.98599009314035,-75.16711918600159,OSM
Philadelphia,,543,Park Ave,39.956564309022724,-75.11970647181221,OSM
Philadelphia,,8738,Washington Blvd,39.94105657218146,-75.20783082530401,OSM
Philadelphia,,4951,Washington Blvd,39.935592104631,-75.20853063075437,OSM
Philadelphia,,9119,Elm St,39.99317784055437,-75.16376324977871,OSM
Philadelphia,,2367,Washington Blvd,39.943856664258874,-75.17683348585925,OSM
Philadelphia,,193,Maple Dr,39.904122841771745,-75.16144362593288,OSM
Philadelphia,,8939,Oak Ave,39.92815354337144,-75.1861733603742,OSM
Philadelphia,,885,Maple Dr,39.96897188235726,-75.14622929294417,OSM
Philadelphia,,1414,Park Ave,39.913511553905344,-75.1539677695393,OSM
Philadelphia,,8330,Washington Blvd,39.906361940391484,-75.18968552873217,OSM
Philadelphia,,4521,Park Ave,39.93459087706412,-75.12131251669236,OSM
Philadelphia,,3668,Washington Blvd,39.954417747901815,-75.17680884772437,OSM
Philadelphia,,3567,Washington Blvd,39.90793904860879,-75.17345734065105,OSM
Philadelphia,,5297,Washington Blvd,39.93414250204203,-75.14175688123822,OSM
Philadelphia,,5549,Main St,39.95954144288155,-75.17528106778512,OSM
Philadelphia,,5984,Main St,39.9853063726575,-75.14241238579248,OSM
Philadelphia,,6538,Elm St,39.95977809671528,-75.21057464468993,OSM
Philadelphia,,6432,Maple Dr,39.9571930579009,-75.15663216339755,OSM
Philadelphia,,9326,Elm St,39.9753692470479,-75.12527146980415,OSM
Philadelphia,,8951,Washington Blvd,39.98543116075033,-75.13712813786509,OSM
Philadelphia,,8681,Elm St,39.93316146462873,-75.11988932636592,OSM
Philadelphia,,545,Maple Dr,39.97172852790766,-75.12623270729426,OSM
Philadelphia,,9519,Park Ave,39.93871290145317,-75.19782747571628,OSM
Philadelphia,,8845,Park Ave,39.96742224471446,-75.1785336253595,OSM
Philadelphia,,4211,Maple Dr,39.92890737427821,-75.21170374494415,OSM
Philadelphia,,8364,Park Ave,40.00075790988122,-75.17761202507576,OSM
Philadelphia,,7460,Main St,39.99063420165038,-75.12907734053931,OSM
Philadelphia,,1767,Oak Ave,39.92412919172534,-75.11786413528539,OSM
Philadelphia,,1071,Park Ave,39.912507616806856,-75.13254399245598,OSM
Philadelphia,,3339,Elm St,39.97981531387148,-75.15371971624793,OSM
Philadelphia,,689,Oak Ave,39.917193341559134,-75.14801671082455,OSM
Philadelphia,,7858,Elm St,39.965223464941204,-75.12505481459753,OSM
Philadelphia,,4873,Maple Dr,39.977747564819616,-75.14520447942994,OSM
Philadelphia,,9489,Washington Blvd,39.9454049347972,-75.13605923675524,OSM
Philadelphia,,2521,Washington Blvd,39.94808261702282,-75.17341771608915,OSM
Philadelphia,,2832,Elm St,39.91802656908154,-75.18585925352093,OSM
Philadelphia,,6214,Washington Blvd,39.9188398895083,-75.19808797335779,OSM
Philadelphia,,328,Elm St,39.97519015700117,-75.13970675960732,OSM
Philadelphia,,9348,Washington Blvd,39.97341768968008,-75.13674087035403,OSM
Philadelphia,,7235,Maple Dr,39.91383289790656,-75.17530330781844,OSM
Philadelphia,,1926,Oak Ave,39.9487127072208,-75.17913488723462,OSM
Philadelphia,,2578,Park Ave,39.928394024892924,-75.20350864087337,OSM
Philadelphia,,1986,Elm St,39.941897978975575,-75.18394446119919,OSM
Philadelphia,,1146,Elm St,39.92771015379303,-75.19377226109177,OSM
Philadelphia,,5090,Main St,40.000045525896226,-75.15914161829124,OSM
Philadelphia,,503,Maple Dr,39.916716297715006,-75.20199178718607,OSM
Philadelphia,,258,Washington Blvd,39.92389829325493,-75.14006229253566,OSM
Philadelphia,,6460,Main St,39.95331519810233,-75.19005304486664,OSM
Philadelphia,,1859,Maple Dr,39.93340712833609,-75.19128733478806,OSM
Philadelphia,,3089,Washington Blvd,39.94090215355273,-75.15017821715062,OSM
Philadelphia,,2715,Main St,39.98823455103394,-75.21463028860661,OSM
Philadelphia,,5240,Main St,39.93908379792954,-75.15917207726534,OSM
Philadelphia,,7491,Main St,39.95511916476196,-75.19169353130934,OSM
Philadelphia,,1791,Washington Blvd,39.9047652598691,-75.18360664297023,OSM
Philadelphia,,3055,Main St,39.9110593047516,-75.19015220075569,OSM
Philadelphia,,2134,Oak Ave,39.902708890999165,-75.17431282794276,OSM
Philadelphia,,3141,Park Ave,39.955647305186034,-75.21458152975346,OSM
Philadelphia,,4423,Oak Ave,39.97223247860815,-75.19354347109324,OSM
Philadelphia,,5302,Park Ave,39.96174023453154,-75.12106979411077,OSM
Philadelphia,,5093,Main St,39.977980627179164,-75.20454106674485,OSM
Philadelphia,,5570,Main St,39.978732932986986,-75.21388130783893,OSM
Philadelphia,,9163,Elm St,39.935858789300944,-75.20971833797142,OSM
Philadelphia,,8132,Oak Ave,39.98821427137043,-75.21126133081302,OSM
Philadelphia,,3105,Washington Blvd,39.90909809244845,-75.20125577944147,OSM
Philadelphia,,8792,Oak Ave,39.95538898084684,-75.13523425708502,OSM
Philadelphia,,9465,Elm St,39.929097156527426,-75.19929009287227,OSM
Philadelphia,,2275,Washington Blvd,39.96610191159105,-75.16206455541634,OSM
Philadelphia,,5530,Washington Blvd,39.95808475729028,-75.13854150189576,OSM
Philadelphia,,889,Washington Blvd,39.97692642562164,-75.15708342935446,OSM
Philadelphia,,1166,Oak Ave,39.9644854115447,-75.13104190514613,OSM
Philadelphia,,8445,Maple Dr,39.920648401452624,-75.19707409726628,OSM
Philadelphia,,2796,Oak Ave,39.93335702530557,-75.15158425388437,OSM
Philadelphia,,1077,Park Ave,39.98304279950224,-75.14856823303987,OSM
Philadelphia,,669,Maple Dr,39.953867813375616,-75.12533855726491,OSM
Philadelphia,,2136,Elm St,39.96669569116868,-75.15019370637724,OSM
Philadelphia,,8812,Park Ave,39.95061335140848,-75.14778400099331,OSM
Philadelphia,,9910,Oak Ave,39.96087616740914,-75.16008543635883,OSM
Philadelphia,,1040,Washington Blvd,40.000083890331275,-75.1317202890493,OSM
Philadelphia,,9702,Oak Ave,39.90499358929552,-75.19659651728523,OSM
Philadelphia,,6773,Maple Dr,39.93585662755546,-75.18121327354216,OSM
Philadelphia,,2061,Main St,39.94224832995784,-75.18050732317553,OSM
Philadelphia,,9727,Park Ave,39.92950232829172,-75.12769188548471,OSM
Philadelphia,,6977,Washington Blvd,39.965104834096195,-75.18702837554545,OSM
Philadelphia,,9720,Washington Blvd,39.956119389695736,-75.19471136334232,OSM
Philadelphia,,8682,Washington Blvd,39.94171722268941,-75.1222235764601,OSM
Philadelphia,,5831,Washington Blvd,39.94815463467559,-75.18008356167874,OSM
Philadelphia,,7419,Elm St,39.909477979984594,-75.13721677267459,OSM
Philadelphia,,4496,Oak Ave,39.93103377843629,-75.16196285958934,OSM
Philadelphia,,4006,Washington Blvd,39.95354007175262,-75.18394629782328,OSM
Philadelphia,,1328,Main St,39.99006794293452,-75.14981448315719,OSM
Philadelphia,,2104,Elm St,39.943641265230795,-75.16369572540215,OSM
Philadelphia,,7851,Washington Blvd,39.93386983233577,-75.12740020122463,OSM
Philadelphia,,4864,Oak Ave,39.97614234226793,-75.1765112932172,OSM
Philadelphia,,4652,Oak Ave,39.96967817016798,-75.11559468375494,OSM
Philadelphia,,6533,Park Ave,39.96079560012649,-75.13402339429423,OSM
Philadelphia,,1664,Elm St,39.961167919494876,-75.1576277226442,OSM
Philadelphia,,5247,Oak Ave,39.99215076048116,-75.130568817441,OSM
Philadelphia,,6129,Washington Blvd,39.97846506388297,-75.1432308845182,OSM
Philadelphia,,8451,Maple Dr,39.95030231184403,-75.20551240407016,OSM
Philadelphia,,8508,Washington Blvd,39.975238061121374,-75.1380779830509,OSM
Philadelphia,,7885,Park Ave,39.91142046704442,-75.18886124193955,OSM
Philadelphia,,2348,Elm St,39.98681107868432,-75.18732859938726,OSM
Philadelphia,,3686,Park Ave,39.90526283521541,-75.12037969588012,OSM
Philadelphia,,8952,Elm St,39.91801152023829,-75.17670591337462,OSM
Philadelphia,,8794,Maple Dr,39.987174404426945,-75.20889601186113,OSM
Philadelphia,,3571,Oak Ave,39.995556729391616,-75.17724093285788,OSM
Philadelphia,,6556,Oak Ave,39.90346854546722,-75.1694058779819,OSM
Philadelphia,,7088,Main St,39.960858742561996,-75.17351836806424,OSM
Philadelphia,,5431,Maple Dr,39.93965834581723,-75.14170868803645,OSM
Philadelphia,,4151,Main St,39.943059413389896,-75.19226623577872,OSM
Philadelphia,,2861,Park Ave,39.93990783502567,-75.21322340810327,OSM
Philadelphia,,4175,Maple Dr,39.908650568552645,-75.20830778064987,OSM
Philadelphia,,3899,Oak Ave,39.99811656411835,-75.18608915196944,OSM
Philadelphia,,2840,Washington Blvd,39.93523970824105,-75.15335680985136,OSM
Philadelphia,,4095,Elm St,39.97491705886248,-75.14777010845528,OSM
Philadelphia,,4234,Washington Blvd,39.93215824981084,-75.1978055931282,OSM
Philadelphia,,6674,Main St,39.99060729562596,-75.15574598159091,OSM
Philadelphia,,4176,Oak Ave,39.94941450808935,-75.17058286389221,OSM
Philadelphia,,2457,Main St,39.9894018327688,-75.18910240594903,OSM
Philadelphia,,5450,Main St,39.98700026829729,-75.12931719770869,OSM
Philadelphia,,1714,Park Ave,39.99539445042546,-75.17500334920703,OSM
Philadelphia,,2527,Park Ave,39.95757546786728,-75.12222555893806,OSM
Philadelphia,,3151,Maple Dr,39.961300891138954,-75.12136060686801,OSM
Philadelphia,,3535,Park Ave,39.9389072594314,-75.18565782998634,OSM
Philadelphia,,1246,Washington Blvd,39.96566951488222,-75.16119259807728,OSM
Philadelphia,,7925,Oak Ave,39.92715581225113,-75.11834185667276,OSM
Philadelphia,,9693,Main St,39.961246634206674,-75.11991960532357,OSM
Philadelphia,,5598,Main St,39.98832871538529,-75.15896850240102,OSM
Philadelphia,,1735,Maple Dr,39.91077669595525,-75.20173498797993,OSM
Philadelphia,,6072,Oak Ave,39.98761525588062,-75.2140762341691,OSM
Philadelphia,,9531,Washington Blvd,39.94231317015304,-75.21504797830214,OSM
Philadelphia,,570,Oak Ave,39.9030471529428,-75.14208231629688,OSM
Philadelphia,,6810,Maple Dr,39.96742527953446,-75.19811622959574,OSM
Philadelphia,,4038,Park Ave,39.97805517865435,-75.19725086379768,OSM
Philadelphia,,4445,Main St,39.971513245687966,-75.1698976245541,OSM
Philadelphia,,3224,Park Ave,39.928678465731906,-75.16728226513021,OSM
Philadelphia,,9332,Main St,39.97849635589474,-75.12380093511689,OSM
Philadelphia,,9898,Washington Blvd,39.940498639915695,-75.18446013601171,OSM
Philadelphia,,5460,Elm St,39.914955278199244,-75.21240346054103,OSM
Philadelphia,,6669,Elm St,39.951065980389565,-75.15711128886089,OSM
Philadelphia,,5828,Elm St,39.97746442005256,-75.20530676254774,OSM
Philadelphia,,3553,Elm St,39.96265955218555,-75.17855577574593,OSM
Philadelphia,,9796,Park Ave,39.96231612710401,-75.1925211196881,OSM
Philadelphia,,5401,Park Ave,39.93042753050057,-75.17635533081398,OSM
Philadelphia,,5614,Washington Blvd,39.991402271285125,-75.14867443863533,OSM
Philadelphia,,7768,Main St,39.9063034954778,-75.14916651397998,OSM
Philadelphia,,132,Oak Ave,39.965045061143414,-75.11710964012421,OSM
Philadelphia,,2432,Washington Blvd,39.911590510800835,-75.14669945886752,OSM
Philadelphia,,5448,Washington Blvd,39.92574610281655,-75.19322883751464,OSM
Philadelphia,,8698,Park Ave,39.962970161227524,-75.19170620097344,OSM
Philadelphia,,724,Maple Dr,39.946231311695975,-75.14447573190523,OSM
Philadelphia,,586,Park Ave,39.9067018696444,-75.12391833792373,OSM
Philadelphia,,1651,Elm St,39.908359978463686,-75.168286146196,OSM
Philadelphia,,9084,Park Ave,39.90511904777426,-75.14414556672611,OSM
Philadelphia,,4539,Main St,39.94354773363472,-75.12440672904496,OSM
Philadelphia,,3421,Main St,39.98696234501921,-75.13418415652697,OSM
Philadelphia,,3367,Oak Ave,39.90958623256817,-75.19359276614465,OSM
Philadelphia,,4088,Elm St,39.983158104446524,-75.17446040573509,OSM
Philadelphia,,9992,Elm St,39.96116126256937,-75.15622121968539,OSM
Philadelphia,,5524,Maple Dr,39.9545621305824,-75.19449395913874,OSM
Philadelphia,,9293,Oak Ave,39.92550286380989,-75.1554259867801,OSM
Philadelphia,,2690,Park Ave,39.983697454935744,-75.20454694168212,OSM
Philadelphia,,6149,Washington Blvd,39.974655509542075,-75.18313211704617,OSM
Philadelphia,,3460,Maple Dr,39.906232388934015,-75.13701435877938,OSM
Philadelphia,,3743,Park Ave,39.90667969432575,-75.18773808467967,OSM
Philadelphia,,5781,Maple Dr,39.90787727513001,-75.15321808568963,OSM
Philadelphia,,1661,Maple Dr,40.00202087525534,-75.14667216480021,OSM
Philadelphia,,204,Oak Ave,39.93072845798437,-75.19549308942217,OSM
Philadelphia,,6824,Washington Blvd,39.95989258636236,-75.12926496639334,OSM
Philadelphia,,616,Main St,39.99417414226273,-75.18071515053231,OSM
Philadelphia,,3145,Maple Dr,39.98448866386458,-75.19590670085726,OSM
Boston,,1405,Maple Dr,42.401528392529094,-71.076247347406,OSM
Boston,,6800,Washington Blvd,42.37479393840203,-71.02121363229534,OSM
Boston,,7484,Oak Ave,42.32846618941994,-71.10722505904307,OSM
Boston,,6698,Washington Blvd,42.34866193704995,-71.0341647882823,OSM
Boston,,248,Washington Blvd,42.34006290807017,-71.04888520667102,OSM
Boston,,6061,Washington Blvd,42.372257740270236,-71.06005524139843,OSM
Boston,,4712,Maple Dr,42.33651932619814,-71.09797588594174,OSM
Boston,,2771,Maple Dr,42.34346153008491,-71.01714959477503,OSM
Boston,,1606,Maple Dr,42.40196091040679,-71.02409346714771,OSM
Boston,,9884,Elm St,42.31486936169926,-71.0157982318673,OSM
Boston,,1480,Main St,42.3462760277692,-71.08304961042087,OSM
Boston,,9856,Oak Ave,42.38526341906097,-71.07860918116734,OSM
Boston,,5850,Elm St,42.37127452061128,-71.02300072182102,OSM
Boston,,7461,Washington Blvd,42.35523939365597,-71.09493672966208,OSM
Boston,,8467,Maple Dr,42.392995614292595,-71.01534815086379,OSM
Boston,,3594,Elm St,42.388424011177825,-71.08205850004609,OSM
Boston,,4570,Washington Blvd,42.371878441376374,-71.07358037260873,OSM
Boston,,9077,Park Ave,42.35154353509058,-71.02511215943613,OSM
Boston,,1701,Park Ave,42.35493356746153,-71.02966403178527,OSM
Boston,,4737,Maple Dr,42.355053800949506,-71.05971076215552,OSM
Boston,,1818,Main St,42.382573204860094,-71.09375444693536,OSM
Boston,,7710,Oak Ave,42.39638645266679,-71.07193668662802,OSM
Boston,,5442,Maple Dr,42.40830482821435,-71.022104754231,OSM
Boston,,548,Washington Blvd,42.362755249256566,-71.06853167726388,OSM
Boston,,9538,Washington Blvd,42.31590972504451,-71.08799526759255,OSM
Boston,,283,Oak Ave,42.371856817234836,-71.10755731178297,OSM
Boston,,732,Oak Ave,42.3311715740205,-71.03435125394925,OSM
Boston,,7565,Main St,42.385406323551926,-71.06548493388047,OSM
Boston,,2829,Elm St,42.31329234519788,-71.04521640579863,OSM
Boston,,1691,Main St,42.31660341013127,-71.0980080594785,OSM
Boston,,9664,Main St,42.3807215165503,-71.0833364645966,OSM
Boston,,4599,Park Ave,42.38876850828819,-71.06940946229578,OSM
Boston,,4653,Park Ave,42.31621319210942,-71.09487314038935,OSM
Boston,,9103,Main St,42.331455054782424,-71.03040260251875,OSM
Boston,,6954,Washington Blvd,42.34272824757755,-71.06690787469417,OSM
Boston,,9570,Main St,42.37817260469379,-71.02989656220505,OSM
Boston,,2484,Maple Dr,42.314888116593195,-71.07586859092434,OSM
Boston,,5209,Washington Blvd,42.37941706448443,-71.08646140430933,OSM
Boston,,4417,Park Ave,42.37390141265145,-71.04210257669303,OSM
Boston,,4726,Oak Ave,42.32455108374906,-71.04546072722259,OSM
Boston,,3845,Maple Dr,42.33223000040137,-71.02027829278613,OSM
Boston,,3776,Maple Dr,42.39211627443909,-71.01916769547921,OSM
Boston,,968,Elm St,42.3412805473634,-71.03394711505989,OSM
Boston,,7801,Park Ave,42.32460102963923,-71.0645568417768,OSM
Boston,,2942,Maple Dr,42.36681411062191,-71.05630880249754,OSM
Boston,,8138,Elm St,42.34024681421127,-71.05742265582124,OSM
Boston,,6277,Washington Blvd,42.35829294938404,-71.09500056317833,OSM
Boston,,2839,Main St,42.368127303512296,-71.04514256940625,OSM
Boston,,6746,Oak Ave,42.328043380825044,-71.08582087958084,OSM
Boston,,3678,Maple Dr,42.31611336131484,-71.09230712188939,OSM
Boston,,6735,Elm St,42.40360181669032,-71.09328355304771,OSM
Boston,,8405,Park Ave,42.31361108870372,-71.0702996904461,OSM
Boston,,6726,Oak Ave,42.37870997638006,-71.086699583731,OSM
Boston,,1729,Oak Ave,42.33841824005392,-71.03552113788824,OSM
Boston,,1305,Washington Blvd,42.391482853968135,-71.03278359940202,OSM
Boston,,5664,Oak Ave,42.37076330821761,-71.05297689110719,OSM
Boston,,299,Maple Dr,42.3724446203246,-71.09538853845967,OSM
Boston,,5394,Washington Blvd,42.33585029760035,-71.01422895797214,OSM
Boston,,5739,Oak Ave,42.364370794775226,-71.02263745062577,OSM
Boston,,2486,Oak Ave,42.342960139812774,-71.09310571376768,OSM
Boston,,556,Elm St,42.33873794013756,-71.06606705175786,OSM
Boston,,8688,Oak Ave,42.364494481304014,-71.02004518558404,OSM
Boston,,6376,Maple Dr,42.3199092087865,-71.06557285122973,OSM
Boston,,4727,Washington Blvd,42.36308127624184,-71.0368581054535,OSM
Boston,,7545,Main St,42.393715795905145,-71.08251051341193,OSM
Boston,,8371,Park Ave,42.39707001444529,-71.08303744612884,OSM
Boston,,1077,Washington Blvd,42.331581169984545,-71.07634762089054,OSM
Boston,,1585,Elm St,42.31877469074639,-71.05056110973202,OSM
Boston,,1626,Maple Dr,42.370487965934004,-71.07489378714489,OSM
Boston,,8488,Washington Blvd,42.348454082683524,-71.03592651153298,OSM
Boston,,224,Maple Dr,42.35756221471661,-71.1071794857905,OSM
Boston,,4301,Maple Dr,42.33573551123495,-71.06788129699693,OSM
Boston,,2911,Main St,42.403012519356416,-71.09665062177864,OSM
Boston,,8891,Washington Blvd,42.390412037032455,-71.1061607115891,OSM
Boston,,4071,Main St,42.31388828918232,-71.05023176125712,OSM
Boston,,8626,Washington Blvd,42.380676058324326,-71.10163481453631,OSM
Boston,,8243,Oak Ave,42.375660200317235,-71.03910870800381,OSM
Boston,,4043,Park Ave,42.350380551821296,-71.08472506034757,OSM
Boston,,1495,Oak Ave,42.31103122230971,-71.05322614857846,OSM
Boston,,6570,Maple Dr,42.34196924995005,-71.07486251846267,OSM
Boston,,1917,Maple Dr,42.385320329780896,-71.05973274545003,OSM
Boston,,856,Oak Ave,42.31991809981694,-71.05977943939169,OSM
Boston,,8686,Washington Blvd,42.321410865149886,-71.05491881568906,OSM
Boston,,5428,Oak Ave,42.38364279439683,-71.083980694542,OSM
Boston,,4173,Maple Dr,42.34400561407254,-71.09399017498122,OSM
Boston,,9233,Main St,42.37680738241088,-71.09048064733794,OSM
Boston,,8479,Washington Blvd,42.37521491027337,-71.0572458711418,OSM
Boston,,1201,Park Ave,42.339329206724635,-71.01343552371493,OSM
Boston,,1607,Maple Dr,42.33591557790546,-71.03413056275748,OSM
Boston,,3885,Oak Ave,42.36122071757007,-71.07514245419185,OSM
Boston,,1607,Elm St,42.403707243986226,-71.01320220245286,OSM
Boston,,6333,Oak Ave,42.38277878869397,-71.05250292063894,OSM
Boston,,1969,Oak Ave,42.317891151129714,-71.05189218474946,OSM
Boston,,7361,Maple Dr,42.3993471327377,-71.10026449526116,OSM
Boston,,5359,Oak Ave,42.3740040868267,-71.06634220502605,OSM
Boston,,3988,Park Ave,42.376665650366974,-71.10299604650623,OSM
Boston,,4386,Elm St,42.33461930119427,-71.07904327420792,OSM
Boston,,1132,Elm St,42.32373036661543,-71.10042699349063,OSM
Boston,,3721,Washington Blvd,42.36672428157145,-71.02717902599079,OSM
Boston,,129,Main St,42.32763693676587,-71.02176353943122,OSM
Boston,,6635,Washington Blvd,42.31538744621395,-71.03554993817208,OSM
Boston,,8487,Main St,42.40044788218976,-71.01268066657195,OSM
Boston,,443,Park Ave,42.34826604100719,-71.08636395283852,OSM
Boston,,1482,Elm St,42.371773162813916,-71.0896011092937,OSM
Boston,,5042,Elm St,42.34698183184202,-71.06599516104053,OSM
Boston,,5389,Elm St,42.3677654551268,-71.08778198673491,OSM
Boston,,49,Main St,42.37882741248583,-71.0710115194303,OSM
Boston,,6756,Main St,42.360678392390035,-71.08280614771508,OSM
Boston,,1141,Main St,42.3245835977836,-71.0092572355917,OSM
Boston,,3044,Maple Dr,42.3928692461513,-71.10244030083713,OSM
Boston,,7917,Park Ave,42.403611922102336,-71.07795223145841,OSM
Boston,,6097,Oak Ave,42.402261402272416,-71.05097568080716,OSM
Boston,,1490,Main St,42.33969567575223,-71.06757818677079,OSM
Boston,,7640,Maple Dr,42.39175309601763,-71.09725086121588,OSM
Boston,,978,Park Ave,42.39437722830313,-71.06951748082402,OSM
Boston,,4853,Main St,42.37831723287596,-71.01511068800112,OSM
Boston,,1770,Main St,42.34999045521168,-71.08198258862258,OSM
Boston,,1112,Washington Blvd,42.34468888337583,-71.0520764521302,OSM
Boston,,9621,Park Ave,42.327909640026284,-71.10128693538068,OSM
Boston,,7375,Main St,42.34624092965821,-71.0314010478217,OSM
Boston,,7740,Oak Ave,42.36337849666015,-71.02992652183637,OSM
Boston,,1600,Maple Dr,42.33613532953837,-71.06354807930441,OSM
Boston,,1063,Washington Blvd,42.3731623234295,-71.03740002443658,OSM
Boston,,8699,Main St,42.376599899047335,-71.0596526633907,OSM
Boston,,9295,Washington Blvd,42.318722439047335,-71.06750180574079,OSM
Boston,,4980,Maple Dr,42.4044814129548,-71.07009082889388,OSM
Boston,,623,Maple Dr,42.40402122148837,-71.09737442388243,OSM
Boston,,1668,Elm St,42.362056794149495,-71.03150990915077,OSM
Boston,,8716,Oak Ave,42.34464075631346,-71.10229236501907,OSM
Boston,,8923,Elm St,42.3933377017716,-71.07674367156238,OSM
Boston,,3701,Elm St,42.33065862082874,-71.03961340195943,OSM
Boston,,1635,Washington Blvd,42.36333021111423,-71.0205321662373,OSM
Boston,,2672,Elm St,42.35940814756185,-71.02511168962522,OSM
Boston,,9083,Washington Blvd,42.342999910655706,-71.06228202742066,OSM
Boston,,767,Park Ave,42.35572457542276,-71.01251795829035,OSM
Boston,,5353,Park Ave,42.37360372688287,-71.06214502204496,OSM
Boston,,6970,Oak Ave,42.38632190218084,-71.08448673407051,OSM
Boston,,1383,Elm St,42.336495089202295,-71.0262078443924,OSM
Boston,,994,Park Ave,42.347450151811074,-71.08977948512494,OSM
Boston,,6541,Park Ave,42.33332222012268,-71.10864921172357,OSM
Boston,,9299,Oak Ave,42.357159081652455,-71.08299698247211,OSM
Boston,,123,Oak Ave,42.31776303145584,-71.1007853944105,OSM
Boston,,5355,Park Ave,42.376007607638044,-71.05936344112183,OSM
Boston,,9021,Elm St,42.3733353364171,-71.03857389068628,OSM
Boston,,1744,Washington Blvd,42.4050322407691,-71.05865074156857,OSM
Boston,,1492,Oak Ave,42.357094217157325,-71.07316268109957,OSM
Boston,,9226,Elm St,42.31507152642976,-71.03350734693772,OSM
Boston,,6763,Main St,42.37728921702979,-71.06765760505132,OSM
Boston,,1483,Washington Blvd,42.371915793686554,-71.01467369299331,OSM
Boston,,4808,Oak Ave,42.39072990951814,-71.0126801154685,OSM
Boston,,6562,Park Ave,42.40030224847594,-71.0757872958053,OSM
Boston,,9944,Park Ave,42.34673634561328,-71.07669739607962,OSM
Boston,,2906,Park Ave,42.40658164377225,-71.09461659238113,OSM
Boston,,7393,Maple Dr,42.38487693875816,-71.0927006739104,OSM
Boston,,5471,Park Ave,42.37503465056547,-71.01326856559669,OSM
Boston,,2466,Main St,42.331911184814786,-71.0709969344055,OSM
Boston,,3593,Main St,42.379391886399574,-71.06486680456143,OSM
Boston,,6464,Main St,42.343192731312904,-71.02842618387784,OSM
Boston,,7217,Park Ave,42.396537599901485,-71.07347149187086,OSM
Boston,,3626,Main St,42.32945859982934,-71.0554227550874,OSM
Boston,,7483,Maple Dr,42.364629730642925,-71.0895107567223,OSM
Boston,,4780,Park Ave,42.34388784967231,-71.07229153023773,OSM
Boston,,2785,Maple Dr,42.335124555106006,-71.10392590802817,OSM
Boston,,6462,Main St,42.35816812173371,-71.0886027031069,OSM
Boston,,917,Main St,42.31924726639045,-71.03973689679434,OSM
Boston,,6495,Main St,42.40031425840939,-71.02646662249684,OSM
Boston,,1374,Washington Blvd,42.37870967022291,-71.10235629859328,OSM
Boston,,363,Maple Dr,42.33059396310709,-71.05197125082915,OSM
Boston,,2743,Maple Dr,42.35894594258967,-71.02422212575811,OSM
Boston,,5915,Elm St,42.31842039814073,-71.0610891179906,OSM
Boston,,8320,Washington Blvd,42.351705445650246,-71.05271361180938,OSM
Boston,,885,Washington Blvd,42.34791961364907,-71.10422227333761,OSM
Boston,,6408,Park Ave,42.404374932723336,-71.0904138196293,OSM
Boston,,1525,Main St,42.3201390003321,-71.06147927156852,OSM
Boston,,2481,Oak Ave,42.321943714580705,-71.02587903948827,OSM
Boston,,83,Main St,42.345419354168996,-71.09293421500115,OSM
Boston,,2043,Washington Blvd,42.331688865631456,-71.07606064798377,OSM
Boston,,797,Park Ave,42.320032941942934,-71.04355516491096,OSM
Boston,,6306,Oak Ave,42.316810147357614,-71.02373819168089,OSM
Boston,,7100,Park Ave,42.325890795865014,-71.0411978765053,OSM
Boston,,8587,Park Ave,42.34224130720175,-71.0166037820267,OSM
Boston,,2160,Maple Dr,42.33287058945213,-71.01852842414102,OSM
Boston,,3453,Oak Ave,42.36738298723389,-71.02832165403939,OSM
Boston,,3054,Oak Ave,42.340500021486505,-71.09508035143274,OSM
Boston,,9998,Maple Dr,42.3618322967332,-71.02171676652198,OSM
Boston,,8369,Park Ave,42.39698975252949,-71.07295664241813,OSM
Boston,,3142,Oak Ave,42.31129018352018,-71.0330967658995,OSM
Boston,,2454,Oak Ave,42.39406511919344,-71.0346531200684,OSM
Boston,,3333,Park Ave,42.33934201585252,-71.02232478775542,OSM
Boston,,7604,Washington Blvd,42.37162121199903,-71.03459366358781,OSM
Boston,,4744,Elm St,42.36730646550954,-71.05670107991263,OSM
Boston,,3278,Park Ave,42.3896235346017,-71.07170188771008,OSM
Boston,,419,Main St,42.37037168424002,-71.1017395333782,OSM
Boston,,4872,Washington Blvd,42.376887244552606,-71.09671777017752,OSM
Boston,,1355,Maple Dr,42.40015993724319,-71.1025306404534,OSM
Boston,,6820,Maple Dr,42.34680736756907,-71.05448145237511,OSM
Boston,,2327,Washington Blvd,42.37864205975547,-71.03206727731295,OSM
Boston,,3162,Elm St,42.39698470437281,-71.03421744842825,OSM
Boston,,700,Main St,42.38058686691035,-71.03982570646697,OSM
Boston,,3412,Main St,42.37019441434704,-71.10352010857693,OSM
Boston,,7016,Park Ave,42.34410833290178,-71.0916107972605,OSM
Boston,,5065,Oak Ave,42.38122236337346,-71.058203891689,OSM
Boston,,9268,Main St,42.385668613399844,-71.10463205256421,OSM
Boston,,3132,Oak Ave,42.359853931634916,-71.09259328691743,OSM
Boston,,9720,Washington Blvd,42.37639412980494,-71.06944948480464,OSM
Boston,,4588,Maple Dr,42.35911761214714,-71.02071860948763,OSM
Boston,,666,Washington Blvd,42.38642820115786,-71.09271896028184,OSM
Boston,,3676,Oak Ave,42.36685236872484,-71.0857179417466,OSM
Boston,,9020,Washington Blvd,42.39447107450906,-71.0119895827661,OSM
Boston,,9425,Main St,42.37255531062343,-71.02269504101899,OSM
Boston,,1641,Elm St,42.32141359120366,-71.0919527915089,OSM
Boston,,8268,Washington Blvd,42.334796008363064,-71.02831227334481,OSM
Boston,,883,Washington Blvd,42.36770827036859,-71.05311417554836,OSM
Boston,,9457,Park Ave,42.3275363295365,-71.02466436273585,OSM
Boston,,4358,Elm St,42.32893638337592,-71.10564542041179,OSM
Boston,,4024,Washington Blvd,42.328626560427395,-71.04557388261941,OSM
Boston,,1371,Main St,42.37867705057524,-71.02703144060084,OSM
Boston,,7745,Oak Ave,42.34824840485944,-71.09350197953118,OSM
Boston,,3278,Maple Dr,42.40238647630882,-71.06575859249573,OSM
Boston,,4470,Washington Blvd,42.344708564948135,-71.0488236052265,OSM
Boston,,6208,Washington Blvd,42.37001692691574,-71.04371897000703,OSM
Boston,,6740,Oak Ave,42.3389977531637,-71.08047486812393,OSM
Boston,,1443,Main St,42.35644688656718,-71.1088394181357,OSM
Boston,,9028,Oak Ave,42.38236761053326,-71.04616038850854,OSM
Boston,,2676,Maple Dr,42.33597475121416,-71.09431388160759,OSM
Boston,,505,Washington Blvd,42.333582777399286,-71.01599111866095,OSM
Boston,,5637,Maple Dr,42.33253430153571,-71.10109901613615,OSM
Boston,,5502,Main St,42.32263149520785,-71.04281317362835,OSM
Boston,,3489,Main St,42.37069598884382,-71.04635083428568,OSM
Boston,,132,Washington Blvd,42.37382071593817,-71.10446173686111,OSM
Boston,,1055,Elm St,42.4058341864963,-71.04286699527134,OSM
Boston,,2365,Elm St,42.37013666074762,-71.05271601049964,OSM
Boston,,4140,Park Ave,42.32315994974618,-71.10828007211089,OSM
Boston,,6008,Elm St,42.403928073600994,-71.06600381617746,OSM
Boston,,8728,Elm St,42.37701058248643,-71.04471997879614,OSM
Boston,,7738,Oak Ave,42.33588838947647,-71.02980851962157,OSM
Boston,,699,Washington Blvd,42.35076714585399,-71.04595643958046,OSM
Boston,,2750,Park Ave,42.34608674155289,-71.01796987155059,OSM
Boston,,303,Oak Ave,42.39373069493909,-71.06205595752579,OSM
Boston,,8516,Maple Dr,42.350478579271126,-71.08354406085061,OSM
Boston,,7992,Elm St,42.34472128908943,-71.04926955400046,OSM
Boston,,7689,Maple Dr,42.32303680995618,-71.08873196285259,OSM
Boston,,1402,Oak Ave,42.368211730005555,-71.02038100724762,OSM
Boston,,9203,Maple Dr,42.31506897790021,-71.04736154719886,OSM
Boston,,6646,Oak Ave,42.34063356798515,-71.07993719144208,OSM
Boston,,5656,Park Ave,42.38740273277341,-71.06338067272698,OSM
Boston,,8431,Park Ave,42.401979549555925,-71.05142255184526,OSM
Boston,,5023,Oak Ave,42.31511811335594,-71.09504898712761,OSM
Boston,,5852,Main St,42.35700056680041,-71.06438073080975,OSM
Boston,,1700,Main St,42.39614409800297,-71.06468168757797,OSM
Boston,,9096,Washington Blvd,42.40519519989159,-71.07204053886487,OSM
Boston,,1716,Park Ave,42.31966867581937,-71.05175946065441,OSM
Boston,,9792,Park Ave,42.347885384744956,-71.10580751975648,OSM
Boston,,5367,Oak Ave,42.402049066771724,-71.01359710294123,OSM
Boston,,372,Washington Blvd,42.32628977262512,-71.024885913598,OSM
Boston,,6185,Elm St,42.31386820359519,-71.05024775485879,OSM
Boston,,3043,Park Ave,42.372301583616114,-71.0214105326941,OSM
Boston,,2465,Elm St,42.39102070068258,-71.07886117630655,OSM
Boston,,960,Oak Ave,42.33353710037213,-71.09458488970448,OSM
Boston,,8434,Park Ave,42.33780879717036,-71.09680060591418,OSM
Boston,,6813,Oak Ave,42.34002547866541,-71.0296191988652,OSM
Boston,,6440,Main St,42.345291225215476,-71.01922057849889,OSM
Boston,,6784,Oak Ave,42.35097930855125,-71.04679190604475,OSM
Boston,,3208,Park Ave,42.36273155292518,-71.03810670424207,OSM
Boston,,1045,Main St,42.33769962358685,-71.0602059860628,OSM
Boston,,9494,Oak Ave,42.389611532843674,-71.0137950031724,OSM
Boston,,2952,Maple Dr,42.32994036864443,-71.08000192133882,OSM
Boston,,45,Washington Blvd,42.35930014008115,-71.06562061898205,OSM
Boston,,1053,Elm St,42.36418502992301,-71.04746980681504,OSM
Boston,,7782,Park Ave,42.37269338305029,-71.02097435700169,OSM
Boston,,7974,Maple Dr,42.36533414501563,-71.06725268322742,OSM
Boston,,8533,Washington Blvd,42.390677315221915,-71.10435210342835,OSM
Boston,,9894,Maple Dr,42.39605400516404,-71.06876353408344,OSM
Boston,,3727,Park Ave,42.379391671069385,-71.02962658339531,OSM
Boston,,3870,Park Ave,42.322175706726725,-71.09499910767218,OSM
Boston,,2285,Oak Ave,42.3621754782933,-71.03092221556263,OSM
Boston,,2370,Park Ave,42.39459551855012,-71.00946229275766,OSM
Boston,,8276,Maple Dr,42.346763812603555,-71.02019395905162,OSM
Boston,,3573,Washington Blvd,42.31728029996714,-71.01865380933585,OSM
Boston,,3510,Main St,42.342098825376866,-71.01300938249629,OSM
Boston,,6082,Main St,42.37953627532149,-71.02117584884591,OSM
Boston,,6138,Park Ave,42.33839666921501,-71.01244362597315,OSM
Boston,,4228,Maple Dr,42.34069008603804,-71.01487055401978,OSM
Boston,,7297,Washington Blvd,42.36242206945295,-71.06630046069462,OSM
Boston,,3558,Main St,42.32969410191961,-71.01910672010379,OSM
Boston,,106,Main St,42.40346555890808,-71.02706583106016,OSM
Boston,,8483,Oak Ave,42.406025226229964,-71.07787976267726,OSM
Boston,,3426,Maple Dr,42.317208555745346,-71.02000271599836,OSM
Boston,,914,Elm St,42.317993121642125,-71.06105219435123,OSM
Boston,,6925,Main St,42.32875356905256,-71.01425296790029,OSM
Boston,,5910,Maple Dr,42.31046355366249,-71.03487222207694,OSM
Boston,,3919,Maple Dr,42.31090935402464,-71.00901683274473,OSM
Boston,,1625,Washington Blvd,42.344504867792665,-71.07718676391482,OSM
Boston,,5024,Oak Ave,42.39981541842872,-71.08674757547502,OSM
Boston,,7652,Oak Ave,42.33493832424825,-71.04274794108888,OSM
Boston,,7549,Oak Ave,42.361674497307675,-71.06935094278963,OSM
Boston,,4445,Elm St,42.39713797161766,-71.1077791552227,OSM
Boston,,4587,Maple Dr,42.33775301584207,-71.07280186465178,OSM
Boston,,3427,Main St,42.31640556036715,-71.06321882550539,OSM
Boston,,1211,Park Ave,42.38714836327721,-71.09823999235968,OSM
Boston,,7952,Maple Dr,42.39405124747038,-71.02003915496753,OSM
Boston,,7702,Oak Ave,42.32092803220694,-71.02174122239111,OSM
Boston,,267,Washington Blvd,42.351452954390076,-71.01861542765343,OSM
Boston,,713,Park Ave,42.32873785269146,-71.0497596042314,OSM
Boston,,818,Maple Dr,42.377254783865276,-71.06789282392876,OSM
Boston,,6304,Washington Blvd,42.39059042816913,-71.0861052964513,OSM
Boston,,3810,Washington Blvd,42.31991397100333,-71.087629854625,OSM
Boston,,7110,Elm St,42.36803587804054,-71.02212786187965,OSM
Boston,,545,Main St,42.369203841020564,-71.06546072874228,OSM
Boston,,5033,Washington Blvd,42.31775543727782,-71.04829582337715,OSM
Boston,,418,Park Ave,42.373705209151055,-71.0301731369209,OSM
Boston,,2227,Park Ave,42.31605252747495,-71.04044177300023,OSM
Boston,,51,Oak Ave,42.32357892699623,-71.02665038289825,OSM
Boston,,9444,Oak Ave,42.3700387410766,-71.05207237723994,OSM
Boston,,141,Oak Ave,42.402158911618926,-71.09289449558128,OSM
Boston,,6131,Park Ave,42.37851391907777,-71.05093562044505,OSM
Boston,,6282,Park Ave,42.36791734172494,-71.08656025373398,OSM
Boston,,4526,Park Ave,42.35600433619235,-71.06747542184688,OSM
Boston,,2896,Washington Blvd,42.36066056180406,-71.0906584800892,OSM
Boston,,6265,Elm St,42.324921909644786,-71.01413460031156,OSM
Boston,,4440,Oak Ave,42.365012444149954,-71.06986672016134,OSM
Boston,,9926,Maple Dr,42.363098833506655,-71.05296960170621,OSM
Boston,,3738,Elm St,42.4072346393404,-71.04713503501613,OSM
Boston,,3047,Maple Dr,42.32424534093092,-71.02327001524769,OSM
Boston,,1988,Elm St,42.39746123939298,-71.03245224950338,OSM
Boston,,2025,Oak Ave,42.3787308936872,-71.0325862811584,OSM
Boston,,2470,Washington Blvd,42.32722825648808,-71.05780374922959,OSM
Boston,,8126,Maple Dr,42.36908165448365,-71.08644470624009,OSM
Boston,,812,Park Ave,42.3425323811401,-71.02563963497421,OSM
Boston,,112,Oak Ave,42.353186676376076,-71.0647738200368,OSM
Boston,,1249,Park Ave,42.39710287847559,-71.05238899845668,OSM
Boston,,4642,Park Ave,42.35757653739395,-71.05036721168935,OSM
Boston,,9455,Maple Dr,42.37725161333397,-71.10487053297557,OSM
Boston,,7712,Oak Ave,42.39863103283927,-71.07618784931483,OSM
Boston,,8605,Washington Blvd,42.33972271516457,-71.08478934044595,OSM
Boston,,9469,Park Ave,42.367382762518794,-71.04378234821928,OSM
Boston,,9207,Oak Ave,42.3942249399812,-71.01257289418075,OSM
Boston,,430,Washington Blvd,42.344430583453835,-71.08350082282259,OSM
Boston,,7974,Main St,42.32578509370808,-71.03595927098992,OSM
Boston,,8474,Main St,42.34668066805258,-71.02638844003535,OSM
Boston,,7173,Elm St,42.3851392192865,-71.08313829506663,OSM
Boston,,4805,Washington Blvd,42.35447781905936,-71.01211779172696,OSM
Boston,,6832,Park Ave,42.362657303844195,-71.06636959717407,OSM
Boston,,2794,Maple Dr,42.34266104788905,-71.01349781333536,OSM
Boston,,3488,Oak Ave,42.328798315803866,-71.09224167836481,OSM
Boston,,6169,Washington Blvd,42.34827488178851,-71.08170308763057,OSM
Boston,,276,Washington Blvd,42.32901795342777,-71.05702562149821,OSM
Boston,,8733,Oak Ave,42.39213122868354,-71.08676151236693,OSM
Boston,,1070,Park Ave,42.38906055711711,-71.1088014278094,OSM
Boston,,1005,Maple Dr,42.32536750131977,-71.05388424200832,OSM
Boston,,5465,Washington Blvd,42.389757674310495,-71.0789034633231,OSM
Boston,,8847,Maple Dr,42.39161032198388,-71.03530549711921,OSM
Boston,,1669,Washington Blvd,42.37135200610829,-71.08402156691375,OSM
Boston,,1479,Elm St,42.34672617844644,-71.04312960379431,OSM
Boston,,4599,Maple Dr,42.40981829713382,-71.01383358153588,OSM
Boston,,5887,Oak Ave,42.3303408785134,-71.03157218953841,OSM
Boston,,8815,Oak Ave,42.31360936762639,-71.04779762531335,OSM
Boston,,5330,Elm St,42.34780586532766,-71.10222745545404,OSM
Boston,,9133,Washington Blvd,42.335930908798716,-71.06032828137423,OSM
Boston,,8782,Elm St,42.362789193952395,-71.08700151927712,OSM
Boston,,6002,Elm St,42.39664868509202,-71.08923704294963,OSM
Boston,,5086,Elm St,42.39331812350483,-71.07882504051413,OSM
Boston,,5078,Elm St,42.39023048862688,-71.06549592578578,OSM
Boston,,2882,Park Ave,42.331457642617565,-71.0958649525955,OSM
Boston,,6519,Maple Dr,42.37785076528631,-71.0540067424766,OSM
Boston,,8748,Park Ave,42.35470685852491,-71.02448489330298,OSM
Boston,,2241,Oak Ave,42.37948621726455,-71.04836849259961,OSM
Boston,,4313,Maple Dr,42.36013676904428,-71.05677410198136,OSM
Boston,,6805,Main St,42.320061721390815,-71.06388274026459,OSM
Boston,,8853,Elm St,42.36465059303657,-71.02372839769522,OSM
Boston,,1545,Washington Blvd,42.32035154851017,-71.04897526611236,OSM
Boston,,3625,Main St,42.35637666821715,-71.09631754852587,OSM
Boston,,4316,Park Ave,42.4052095969613,-71.03495384639754,OSM
Boston,,1532,Maple Dr,42.376607042919815,-71.04750359922055,OSM
Boston,,7921,Main St,42.31587318805455,-71.03191301080238,OSM
Boston,,213,Main St,42.32119265952126,-71.07825496954523,OSM
Boston,,5205,Oak Ave,42.337240573975954,-71.01797311333786,OSM
Boston,,9638,Oak Ave,42.313535492778406,-71.10264202037393,OSM
Boston,,6629,Oak Ave,42.362932980099046,-71.00944909838049,OSM
Boston,,1017,Washington Blvd,42.3466541705196,-71.01311691346132,OSM
Boston,,5673,Main St,42.366102731239316,-71.04538010787961,OSM
Boston,,6644,Elm St,42.3498226699027,-71.0830833562289,OSM
Boston,,2375,Park Ave,42.378698130679695,-71.07339183491378,OSM
Boston,,9526,Oak Ave,42.35945725484166,-71.03766092881482,OSM
Boston,,6178,Maple Dr,42.37664500307531,-71.09878943169632,OSM
Boston,,54,Park Ave,42.352532056313805,-71.08127607714599,OSM
Boston,,6840,Main St,42.36451816656561,-71.05366323489766,OSM
Boston,,2218,Oak Ave,42.33103394337041,-71.04488633867405,OSM
Boston,,7590,Maple Dr,42.36582671867331,-71.03001704457593,OSM
Boston,,6897,Elm St,42.32495634551202,-71.01655546192113,OSM
Boston,,7485,Park Ave,42.389767620074345,-71.09169324097408,OSM
Boston,,8124,Elm St,42.404620249644694,-71.09602554704324,OSM
Boston,,4178,Oak Ave,42.35027658348832,-71.09553262625055,OSM
Boston,,9364,Main St,42.313422471299276,-71.05610634702624,OSM
Boston,,3695,Oak Ave,42.36558911045832,-71.03409304534028,OSM
Boston,,1723,Oak Ave,42.383106067088896,-71.09809275591233,OSM
Boston,,339,Park Ave,42.40723183052727,-71.09538150343978,OSM
Boston,,8150,Oak Ave,42.35846030453777,-71.07217929849709,OSM
Boston,,786,Maple Dr,42.35093510718768,-71.06373976087636,OSM
Boston,,5259,Washington Blvd,42.37863744222835,-71.06437460546763,OSM
Boston,,3812,Main St,42.36499738671552,-71.10550189762625,OSM
Boston,,496,Main St,42.341208138041324,-71.01707648084236,OSM
Boston,,8155,Maple Dr,42.36540451140339,-71.02641180360887,OSM
Boston,,2565,Main St,42.34070928536887,-71.0423698179942,OSM
Boston,,2984,Oak Ave,42.35838062384527,-71.03936411982798,OSM
Boston,,9536,Elm St,42.35961437805308,-71.08330350195739,OSM
Boston,,2760,Washington Blvd,42.31812186956333,-71.02806081762952,OSM
Boston,,1807,Main St,42.333583985315016,-71.05056639934918,OSM
Boston,,1757,Oak Ave,42.36326885005957,-71.01837415981211,OSM
Boston,,2974,Oak Ave,42.320182077744406,-71.06732523692614,OSM
Boston,,5325,Elm St,42.32609023512556,-71.07382242713062,OSM
Boston,,9222,Park Ave,42.40162441653634,-71.07646658917207,OSM
Boston,,9385,Main St,42.32663803203655,-71.02481176975454,OSM
Boston,,4063,Oak Ave,42.37625686038188,-71.0617358504001,OSM
Boston,,5672,Washington Blvd,42.32267529932146,-71.03025487185283,OSM
Boston,,5423,Main St,42.31515577319187,-71.08810006089136,OSM
Boston,,6864,Park Ave,42.345081065531616,-71.06244315693066,OSM
Boston,,1064,Main St,42.4001424397259,-71.04493198380501,OSM
Boston,,9798,Washington Blvd,42.38782966391854,-71.0913880239343,OSM
Boston,,9996,Washington Blvd,42.35110582224398,-71.01087837410253,OSM
Boston,,29,Maple Dr,42.31223828693645,-71.00914110739366,OSM
Boston,,1097,Park Ave,42.3467858103213,-71.0177769850661,OSM
Boston,,7761,Maple Dr,42.34111628283393,-71.01361106479685,OSM
Boston,,6551,Oak Ave,42.345785320022614,-71.06225668405891,OSM
Boston,,6845,Maple Dr,42.3633242257685,-71.03195596683886,OSM
Boston,,9639,Oak Ave,42.317033747094584,-71.06799804166117,OSM
Boston,,8591,Park Ave,42.33703084667492,-71.0179284007378,OSM
Boston,,1562,Oak Ave,42.34098594709592,-71.06388333568364,OSM
Boston,,538,Elm St,42.39618599225303,-71.02070323414837,OSM
Boston,,3777,Maple Dr,42.376332396095975,-71.04611414501566,OSM
Boston,,437,Park Ave,42.40198127120876,-71.07747769179036,OSM
Boston,,9097,Main St,42.38119025838546,-71.03365311566404,OSM
Boston,,7767,Oak Ave,42.38056646342518,-71.03472334852492,OSM
Boston,,4901,Washington Blvd,42.380603204546055,-71.05706188267412,OSM
Boston,,6598,Maple Dr,42.351703519708856,-71.07507911598475,OSM
Boston,,4291,Maple Dr,42.3430908530366,-71.08584944542275,OSM
Boston,,7382,Maple Dr,42.3563152866032,-71.09361601643944,OSM
Boston,,1402,Elm St,42.314914209215786,-71.09895054919066,OSM
Boston,,5902,Oak Ave,42.34095179285652,-71.05225485185812,OSM
Boston,,1364,Main St,42.3699723064484,-71.04136295032693,OSM
Boston,,2567,Elm St,42.322018828789915,-71.10382584571974,OSM
Boston,,1723,Maple Dr,42.33017958790603,-71.02510681981005,OSM
Boston,,8936,Elm St,42.39040191810162,-71.0488007957736,OSM
Boston,,1734,Elm St,42.328803643622855,-71.06485851339569,OSM
Boston,,1973,Main St,42.383445669676505,-71.03859400003073,OSM
Boston,,2813,Elm St,42.32894494555626,-71.06694656062574,OSM
Boston,,5724,Maple Dr,42.33750385010263,-71.04012618047362,OSM
Boston,,5591,Elm St,42.359761999921595,-71.07139303584755,OSM
Boston,,7382,Main St,42.3225376908287,-71.06149555635965,OSM
Boston,,4923,Oak Ave,42.376179407465195,-71.08387213034986,OSM
Boston,,6233,Elm St,42.391489187161056,-71.03435165120199,OSM
Boston,,2325,Oak Ave,42.38377746531785,-71.05548316843118,OSM
Boston,,1085,Main St,42.313674919376524,-71.04921011036129,OSM
Boston,,6032,Washington Blvd,42.401071466685664,-71.04954959013234,OSM
Boston,,3052,Oak Ave,42.40391740060073,-71.0688749705381,OSM
Boston,,6093,Park Ave,42.34256664572794,-71.0576828125523,OSM
Boston,,1470,Maple Dr,42.33259774813199,-71.03474212648588,OSM
Boston,,2369,Main St,42.338758883843894,-71.09553273715036,OSM
Boston,,4729,Park Ave,42.33992972686671,-71.0876850890203,OSM
Boston,,7683,Oak Ave,42.4052547031341,-71.10507904803556,OSM
Boston,,4488,Maple Dr,42.37552585248619,-71.0309203152124,OSM
Boston,,884,Oak Ave,42.40206757172914,-71.04940978997281,OSM
Boston,,8809,Elm St,42.33548657119037,-71.06517821938603,OSM
Boston,,4342,Main St,42.31076539493459,-71.07615958422018,OSM
Boston,,3789,Oak Ave,42.33112700571885,-71.01641503505634,OSM
Boston,,8785,Elm St,42.37474752356032,-71.02543108082851,OSM
Boston,,131,Elm St,42.33798398741004,-71.04167134418132,OSM
Boston,,4412,Main St,42.33031217172076,-71.07019063194514,OSM
Boston,,5885,Washington Blvd,42.31666196351306,-71.05571317977065,OSM
Boston,,4434,Washington Blvd,42.35220821772231,-71.02497685884754,OSM
Boston,,4591,Park Ave,42.35635971908993,-71.04873042762044,OSM
Boston,,2923,Elm St,42.397590505510294,-71.10765169923795,OSM
Boston,,2673,Main St,42.311512346835016,-71.04657283719399,OSM
Boston,,2784,Maple Dr,42.31407492631755,-71.05365160185421,OSM
Boston,,6817,Main St,42.37212748381754,-71.09490096432168,OSM
Boston,,8449,Oak Ave,42.358843120228656,-71.04244462503522,OSM
Boston,,4365,Elm St,42.353807689780275,-71.02258209394004,OSM
Boston,,3045,Oak Ave,42.3910219033429,-71.0242207813056,OSM
Boston,,237,Oak Ave,42.32269902076943,-71.07528679730402,OSM
Boston,,8767,Main St,42.34574836481146,-71.10169728690853,OSM
Boston,,7245,Elm St,42.37486389641026,-71.08592292459498,OSM
Boston,,3508,Maple Dr,42.357772320791966,-71.02132522174497,OSM
Boston,,8583,Elm St,42.40477758849541,-71.0211768289352,OSM
Boston,,9978,Maple Dr,42.33875809704135,-71.10653395699283,OSM
Boston,,6328,Maple Dr,42.39977726343267,-71.03474338783815,OSM
Boston,,3727,Main St,42.366898906049215,-71.08696973439592,OSM
Boston,,7563,Maple Dr,42.31185485179952,-71.09901664090306,OSM
Boston,,6872,Park Ave,42.3495614175952,-71.01851653019317,OSM
Boston,,7627,Park Ave,42.401729868142915,-71.02445836699322,OSM
Boston,,1746,Main St,42.322222925694874,-71.07868743212867,OSM
Boston,,4869,Park Ave,42.360353858346976,-71.0459686360377,OSM
Boston,,9770,Washington Blvd,42.39309034716495,-71.02903568596699,OSM
Boston,,2780,Elm St,42.38622599536307,-71.07942717127557,OSM
Boston,,9109,Main St,42.357978463086425,-71.05169162748035,OSM
Boston,,2147,Park Ave,42.368801940911275,-71.07803032360394,OSM
Boston,,9687,Washington Blvd,42.39419009301428,-71.05277068033348,OSM
Boston,,2170,Elm St,42.34817030028601,-71.01000739106378,OSM
Boston,,7110,Oak Ave,42.40136830546736,-71.07444871368031,OSM
Boston,,5009,Maple Dr,42.40556106131122,-71.05275839016784,OSM
Boston,,6016,Main St,42.37092888164386,-71.09580630000406,OSM
Boston,,6525,Maple Dr,42.32712390487507,-71.04376994966383,OSM
Boston,,6390,Washington Blvd,42.355654125516104,-71.09242107254762,OSM
Boston,,8099,Maple Dr,42.313352503825904,-71.05728101158924,OSM
Boston,,478,Elm St,42.34059325821354,-71.10704865751703,OSM
Boston,,8012,Park Ave,42.395203071486286,-71.02996016732176,OSM
Boston,,5781,Maple Dr,42.38986108726303,-71.08300128224339,OSM
Boston,,1055,Washington Blvd,42.332779385124844,-71.04279469920611,OSM
Boston,,1097,Oak Ave,42.33655161096406,-71.08484042907803,OSM
Boston,,6790,Park Ave,42.344803974738596,-71.09471518942594,OSM
Boston,,7070,Park Ave,42.310348266161235,-71.01625511626028,OSM
Boston,,8936,Park Ave,42.35322007004178,-71.08992375319175,OSM
Boston,,2519,Washington Blvd,42.321141544105906,-71.05983915402311,OSM
Boston,,7520,Washington Blvd,42.40528776550776,-71.02750682038644,OSM
Boston,,9525,Park Ave,42.38256198510817,-71.10155854289987,OSM
Boston,,5635,Maple Dr,42.36268317972083,-71.09975965239016,OSM
Boston,,5208,Oak Ave,42.38947275683713,-71.05226216570819,OSM
Boston,,6995,Oak Ave,42.35782155818719,-71.01126102564037,OSM
Boston,,2855,Oak Ave,42.38645707866583,-71.0938721552548,OSM
Boston,,7966,Maple Dr,42.35786855363284,-71.10789121520015,OSM
Boston,,185,Park Ave,42.38405312340622,-71.06435526769538,OSM
Boston,,2291,Oak Ave,42.3103176694725,-71.1072366471817,OSM
Boston,,2129,Maple Dr,42.35997175499245,-71.04673618242737,OSM
Boston,,7338,Elm St,42.33831691607572,-71.0226253087995,OSM
Boston,,1872,Main St,42.33226309195153,-71.0676105026853,OSM
Boston,,8963,Park Ave,42.31122635321566,-71.01201257118004,OSM
Boston,,2691,Park Ave,42.36602988862071,-71.07359713310373,OSM
Boston,,7095,Elm St,42.37703311214596,-71.07394094099364,OSM
Boston,,9580,Main St,42.33535330481876,-71.06510376036799,OSM
Boston,,8333,Oak Ave,42.403664392250896,-71.1022578247033,OSM
Boston,,4235,Park Ave,42.33911247664495,-71.10448182412925,OSM
Boston,,4547,Main St,42.3147298912064,-71.01830341683015,OSM
Boston,,6229,Main St,42.32975130278457,-71.10788503321513,OSM
Boston,,1068,Oak Ave,42.33006227833707,-71.03290555281879,OSM
Boston,,5824,Elm St,42.359045725731235,-71.08240023971811,OSM
Boston,,6314,Park Ave,42.40874463788141,-71.02571787057599,OSM
Boston,,1494,Elm St,42.39784805043899,-71.08795826926037,OSM
Boston,,5036,Washington Blvd,42.34039749712477,-71.06582148178406,OSM
Boston,,9315,Oak Ave,42.3717926607028,-71.03761686253056,OSM
Boston,,7126,Oak Ave,42.311213295780114,-71.05253269972381,OSM
Boston,,3663,Washington Blvd,42.3216840377418,-71.07876760693135,OSM
Boston,,1770,Washington Blvd,42.404771451569225,-71.0190640930246,OSM
Boston,,3233,Maple Dr,42.31662005467187,-71.05941273627852,OSM
Boston,,4497,Elm St,42.3987314371813,-71.028037623388,OSM
Boston,,4617,Elm St,42.322283597660224,-71.09110091137524,OSM
Boston,,3996,Washington Blvd,42.3168853832381,-71.08676483658506,OSM
Boston,,4351,Main St,42.31542600954203,-71.10705124913463,OSM
Boston,,5236,Washington Blvd,42.38879465927751,-71.02797523271424,OSM
Boston,,6852,Park Ave,42.35833209997667,-71.09583439258788,OSM
Boston,,8185,Park Ave,42.36253932139271,-71.06818670907886,OSM
Boston,,4939,Elm St,42.38284781682619,-71.08131213742405,OSM
Boston,,9518,Maple Dr,42.35167157922441,-71.07574829138575,OSM
Boston,,5144,Washington Blvd,42.37298599944444,-71.0957472534294,OSM
Boston,,1361,Park Ave,42.35828203427422,-71.09902210456247,OSM
Boston,,8272,Park Ave,42.31365719713471,-71.0933150699135,OSM
Boston,,460,Park Ave,42.33456135905325,-71.01883695297374,OSM
Boston,,3909,Maple Dr,42.343084016515576,-71.06119188739005,OSM
Boston,,3350,Park Ave,42.313276701033665,-71.08579498777044,OSM
Boston,,1915,Main St,42.39834403354063,-71.02253358692144,OSM
Boston,,2491,Maple Dr,42.386572244240256,-71.10130240615885,OSM
Boston,,7958,Washington Blvd,42.321361794085526,-71.0688069236488,OSM
Boston,,9979,Washington Blvd,42.405346593533494,-71.06468650619453,OSM
Boston,,8461,Park Ave,42.32021367340349,-71.050413813952,OSM
Boston,,9103,Washington Blvd,42.35018278800958,-71.03026807862389,OSM
Boston,,5316,Washington Blvd,42.40143905490356,-71.05552527028887,OSM
Boston,,2493,Main St,42.31088888962952,-71.0348482479624,OSM
Boston,,7310,Elm St,42.37627421467719,-71.0841562749429,OSM
Boston,,235,Park Ave,42.32916051999313,-71.100016129147,OSM
Boston,,114,Maple Dr,42.35552960014779,-71.04836194912721,OSM
Boston,,9214,Oak Ave,42.36079638175145,-71.07965877725607,OSM
Boston,,6025,Elm St,42.37133945865233,-71.1024337413546,OSM
Boston,,3263,Main St,42.31942919512178,-71.09613411497806,OSM
Boston,,4745,Oak Ave,42.311757493938046,-71.01700860531618,OSM
Boston,,8916,Park Ave,42.407949966221885,-71.02961815643557,OSM
Boston,,6606,Park Ave,42.393540948439885,-71.0744495257776,OSM
Boston,,8504,Maple Dr,42.319294367055164,-71.09124513339916,OSM
Boston,,5207,Washington Blvd,42.397654182422905,-71.07869197634837,OSM
Boston,,8800,Oak Ave,42.40547962006801,-71.02348172659013,OSM
Boston,,5228,Maple Dr,42.37615002406225,-71.04728619322219,OSM
Boston,,9008,Main St,42.328407637962016,-71.08962534322006,OSM
Boston,,722,Maple Dr,42.38426362118813,-71.09408134257791,OSM
Boston,,4800,Maple Dr,42.34619901266601,-71.0875916412631,OSM
Boston,,7352,Park Ave,42.384551814993706,-71.10329106719813,OSM
Boston,,9058,Oak Ave,42.33490067111648,-71.03541222929444,OSM
Boston,,6994,Washington Blvd,42.39287353559742,-71.09418858079998,OSM
Boston,,9981,Oak Ave,42.38164322353108,-71.10134354964094,OSM
Boston,,6835,Park Ave,42.386379396921186,-71.03183525118448,OSM
Boston,,4070,Oak Ave,42.408807750679514,-71.03496585819697,OSM
Boston,,4741,Washington Blvd,42.38224658045177,-71.07843820845916,OSM
Boston,,9769,Maple Dr,42.3557026228433,-71.0884192072652,OSM
Boston,,4691,Maple Dr,42.40312617504412,-71.09276338390514,OSM
Boston,,7738,Elm St,42.38462590857831,-71.03648575705166,OSM
Boston,,9799,Oak Ave,42.39103054973031,-71.0925989726552,OSM
Boston,,6944,Elm St,42.31255725507779,-71.01202127053402,OSM
Boston,,8743,Washington Blvd,42.34009365985995,-71.02892566072023,OSM
Boston,,7471,Maple Dr,42.36240190139987,-71.03269394803375,OSM
Boston,,3559,Park Ave,42.38407546562882,-71.03691219407459,OSM
Boston,,6138,Park Ave,42.348089519922006,-71.01755593483786,OSM
Boston,,9122,Elm St,42.3162084971682,-71.040450015237,OSM
Boston,,7034,Park Ave,42.329850335941494,-71.05285339848182,OSM
Boston,,81,Elm St,42.31860453859952,-71.05631386050574,OSM
Boston,,7141,Park Ave,42.33344074970187,-71.02638889244284,OSM
Boston,,3629,Washington Blvd,42.35907796620173,-71.01049562331272,OSM
Boston,,3080,Main St,42.36244770706951,-71.107145835563,OSM
Boston,,5885,Oak Ave,42.40146830969466,-71.08406885086472,OSM
Boston,,5602,Oak Ave,42.366546145320356,-71.03237800219044,OSM
Boston,,8858,Elm St,42.310419580671166,-71.08426423239975,OSM
Boston,,4088,Washington Blvd,42.3677253823786,-71.01901746271027,OSM
Boston,,4702,Maple Dr,42.34922293394811,-71.06638353165866,OSM
Boston,,6657,Oak Ave,42.32830274953943,-71.05389871477465,OSM
Boston,,4494,Washington Blvd,42.35872373998591,-71.0899011940409,OSM
Boston,,5226,Oak Ave,42.35338366223896,-71.06322847791598,OSM
Boston,,290,Elm St,42.38612367491709,-71.06702289637724,OSM
Boston,,6969,Maple Dr,42.38383371626384,-71.10033153770468,OSM
Boston,,6841,Park Ave,42.36406510122714,-71.09764838894698,OSM
Boston,,1185,Maple Dr,42.385583152122706,-71.10114725640321,OSM
Boston,,4632,Oak Ave,42.31291461156833,-71.0728910180202,OSM
Boston,,7405,Oak Ave,42.38287328228844,-71.06854781201348,OSM
Boston,,7176,Washington Blvd,42.31025940420925,-71.03927451397333,OSM
Boston,,5368,Main St,42.38847126820671,-71.06276716499839,OSM
Boston,,8485,Elm St,42.32668455468786,-71.08916784819682,OSM
Boston,,9175,Maple Dr,42.345168575726426,-71.08944443250125,OSM
Boston,,9131,Oak Ave,42.37935028470356,-71.09252877427186,OSM
Boston,,8392,Elm St,42.3916575040161,-71.06809006511286,OSM
Boston,,3808,Main St,42.367742779495735,-71.10323280734264,OSM
Boston,,9511,Washington Blvd,42.32070308550053,-71.0591010480401,OSM
Boston,,4922,Elm St,42.37483031522972,-71.05639744655663,OSM
Boston,,7697,Main St,42.335051475355854,-71.0758547866802,OSM
Boston,,4316,Park Ave,42.34163137938301,-71.07695924822141,OSM
Boston,,6751,Maple Dr,42.326316001045036,-71.10262058161155,OSM
Boston,,6100,Main St,42.31686979665172,-71.06717815161777,OSM
Boston,,3814,Washington Blvd,42.36119584958937,-71.0680872723271,OSM
Boston,,6177,Maple Dr,42.31906523580663,-71.06592248543572,OSM
Boston,,3555,Park Ave,42.37957607284937,-71.02513518831377,OSM
Boston,,6445,Elm St,42.405504864150544,-71.09035810071613,OSM
Boston,,58,Elm St,42.34187894068236,-71.06582109735292,OSM
Boston,,6012,Elm St,42.402006142298276,-71.02237590364729,OSM
Boston,,7340,Elm St,42.319285318398826,-71.08169831244967,OSM
Boston,,4353,Main St,42.32083789739024,-71.0527302888754,OSM
Boston,,8603,Maple Dr,42.34429261247994,-71.04069630620054,OSM
Boston,,2011,Elm St,42.34567618103722,-71.02681801329436,OSM
Boston,,6645,Oak Ave,42.314471293788024,-71.07142926840815,OSM
Boston,,3818,Main St,42.354911476574465,-71.04305523558908,OSM
Boston,,5336,Washington Blvd,42.33356964321154,-71.08411350786251,OSM
Boston,,7057,Park Ave,42.357922433890096,-71.10328163670903,OSM
Boston,,5700,Elm St,42.400411257883576,-71.08075885145635,OSM
Boston,,5423,Washington Blvd,42.364681691074864,-71.10233868265209,OSM
Boston,,9582,Elm St,42.367247383590794,-71.09560928358403,OSM
Boston,,2905,Main St,42.40402033607781,-71.0956097587501,OSM
Boston,,9809,Elm St,42.37977439852944,-71.02960692649938,OSM
Boston,,8136,Elm St,42.37767159962134,-71.04396645217062,OSM
Boston,,5865,Washington Blvd,42.349114329177034,-71.04945267720606,OSM
Boston,,5406,Main St,42.38256536385484,-71.10679073953266,OSM
Boston,,5534,Elm St,42.40269988022051,-71.06218921955967,OSM
Boston,,6766,Park Ave,42.38381999886329,-71.08821928024706,OSM
Boston,,8453,Maple Dr,42.323674228055836,-71.01818153476042,OSM
Boston,,8192,Elm St,42.32092612015785,-71.02605977989968,OSM
Boston,,9941,Washington Blvd,42.32672793051935,-71.0129164812093,OSM
Boston,,4740,Washington Blvd,42.33061756691286,-71.10315360048233,OSM
Boston,,4379,Maple Dr,42.336417195217514,-71.05330882502734,OSM
Boston,,9899,Oak Ave,42.36602907697698,-71.0216918459671,OSM
Boston,,9046,Elm St,42.405559379268205,-71.08610519211253,OSM
Boston,,4246,Main St,42.38402745491674,-71.06577260068941,OSM
Boston,,8506,Maple Dr,42.32052599868622,-71.07195494481323,OSM
Boston,,5250,Oak Ave,42.34478058044301,-71.10572653554404,OSM
Boston,,7171,Maple Dr,42.40056018154072,-71.02139879744438,OSM
Boston,,7285,Elm St,42.384345009416734,-71.0684741777949,OSM
Boston,,8019,Oak Ave,42.36306308162141,-71.05966457333051,OSM
Boston,,1946,Elm St,42.32950090117529,-71.05809735503506,OSM
Boston,,3921,Park Ave,42.38219139142623,-71.06722923626864,OSM
Boston,,5212,Elm St,42.3836249631717,-71.0270186164024,OSM
Boston,,2904,Oak Ave,42.36906386591825,-71.03377209035129,OSM
Boston,,4270,Elm St,42.32036985631111,-71.02025077346086,OSM
Boston,,9407,Main St,42.31581865666116,-71.091249350698,OSM
Boston,,4988,Washington Blvd,42.33038231595626,-71.1024402481452,OSM
Boston,,1583,Elm St,42.369561502654925,-71.07508839088268,OSM
Boston,,2245,Main St,42.39330451294561,-71.07909911368063,OSM
Boston,,6644,Elm St,42.34682960085418,-71.08018307980585,OSM
Boston,,1031,Maple Dr,42.342318636665105,-71.0497234441227,OSM
Boston,,6699,Elm St,42.38749995282104,-71.0851442337878,OSM
Boston,,3069,Washington Blvd,42.40464182039043,-71.09223177330068,OSM
Boston,,1053,Oak Ave,42.34689754480093,-71.03732008907494,OSM
Boston,,8042,Washington Blvd,42.37607392149576,-71.07245314864299,OSM
Boston,,2190,Elm St,42.36800721707216,-71.0139468605995,OSM
Boston,,1061,Oak Ave,42.391681460796235,-71.06732548755333,OSM
Boston,,1995,Main St,42.380497857581595,-71.10208280893343,OSM
Boston,,601,Elm St,42.35962433597399,-71.07343703913853,OSM
Boston,,2591,Washington Blvd,42.399184070261335,-71.01107034082837,OSM
Boston,,5617,Park Ave,42.35047489895495,-71.0385713340915,OSM
Boston,,4750,Park Ave,42.33919599176448,-71.01039545184584,OSM
Boston,,986,Main St,42.38211591490043,-71.07086369625671,OSM
Boston,,9359,Park Ave,42.33856126042423,-71.03168850686752,OSM
Boston,,8940,Oak Ave,42.3263773983591,-71.0340516890377,OSM
Boston,,5238,Maple Dr,42.3942505686422,-71.05182553174375,OSM
Boston,,4349,Park Ave,42.37951062953491,-71.05371818209797,OSM
Boston,,3197,Elm St,42.331741402821734,-71.09584813823732,OSM
Boston,,5346,Maple Dr,42.330258938266766,-71.05219045837191,OSM
Boston,,4513,Elm St,42.40529934564854,-71.03270086583498,OSM
Boston,,6181,Park Ave,42.37780269052382,-71.05369681574409,OSM
Boston,,999,Oak Ave,42.33375774474901,-71.1045785779618,OSM
Boston,,3320,Elm St,42.39177046997259,-71.08126717129852,OSM
Boston,,5298,Park Ave,42.40950896165715,-71.1049656282864,OSM
Boston,,6914,Main St,42.347136673487284,-71.02615743251684,OSM
Boston,,1388,Washington Blvd,42.4010500961919,-71.02089521813156,OSM
Boston,,825,Oak Ave,42.40337730536664,-71.02513706419204,OSM
Boston,,1027,Maple Dr,42.373041709940324,-71.09789304259635,OSM
Boston,,1193,Elm St,42.319104804066555,-71.05910033608866,OSM
Boston,,7117,Main St,42.337687825240124,-71.0395895903137,OSM
Boston,,2392,Elm St,42.34976294164421,-71.0632880116682,OSM
Boston,,2382,Washington Blvd,42.36137681267633,-71.05031969298577,OSM
Boston,,5145,Park Ave,42.37032844734398,-71.08858006436853,OSM
Boston,,869,Elm St,42.39693875830011,-71.08553882837064,OSM
Boston,,590,Main St,42.399327322787514,-71.04542441769975,OSM
Boston,,5932,Washington Blvd,42.36871733967276,-71.08221111870067,OSM
Boston,,4134,Elm St,42.3667531915648,-71.05890651291877,OSM
Boston,,2397,Oak Ave,42.3348165071268,-71.0237897909201,OSM
Boston,,3654,Elm St,42.32160987173715,-71.03461328542578,OSM
Boston,,248,Main St,42.40106990690676,-71.05675420418628,OSM
Boston,,3328,Washington Blvd,42.33377461195412,-71.06089911315838,OSM
Boston,,5287,Maple Dr,42.375847878925924,-71.07072842604711,OSM
Boston,,1323,Main St,42.31811111554368,-71.0260937756833,OSM
Boston,,7678,Park Ave,42.381794493714445,-71.05338882912021,OSM
Boston,,4241,Elm St,42.32420114035512,-71.10353989791085,OSM
Boston,,9412,Maple Dr,42.40944327503127,-71.03511966063883,OSM
Boston,,5896,Maple Dr,42.34540457427811,-71.0205017881256,OSM
Boston,,7579,Main St,42.40630889454695,-71.0568110356685,OSM
Boston,,2880,Maple Dr,42.35012117472797,-71.08291510708456,OSM
Boston,,8195,Park Ave,42.39969601051069,-71.0138229622195,OSM
Boston,,9531,Park Ave,42.3323037580959,-71.03893030865325,OSM
Boston,,4660,Maple Dr,42.313767359158,-71.01491147316743,OSM
Boston,,9088,Main St,42.37462833019297,-71.02301009926862,OSM
Boston,,8021,Maple Dr,42.39868442811783,-71.02391900405645,OSM
Boston,,6439,Elm St,42.334389577302105,-71.04058857974684,OSM
Boston,,9292,Maple Dr,42.39332885301673,-71.07830371019698,OSM
Boston,,2663,Park Ave,42.32281806487368,-71.06680643994358,OSM
Boston,,7107,Washington Blvd,42.32372543223518,-71.04757369692419,OSM
Boston,,9972,Main St,42.31217834417916,-71.10162419017824,OSM
Boston,,1928,Maple Dr,42.36079476853533,-71.05719374110633,OSM
Boston,,9909,Main St,42.381686387764304,-71.0455765382312,OSM
Boston,,3901,Oak Ave,42.35242693775426,-71.07565321414583,OSM
Boston,,7274,Main St,42.339263190760995,-71.05006836597012,OSM
Boston,,3238,Main St,42.3456907980498,-71.01849944103976,OSM
Boston,,5814,Main St,42.34024529719511,-71.06820277131746,OSM
Boston,,6298,Oak Ave,42.40356178694693,-71.02106271685875,OSM
Boston,,2868,Park Ave,42.380683289071136,-71.1008836285508,OSM
Boston,,2250,Oak Ave,42.34234115606365,-71.02512781209731,OSM
Boston,,1539,Main St,42.31761005670244,-71.05649882529707,OSM
Boston,,9762,Washington Blvd,42.313513659340444,-71.04332684299212,OSM
Boston,,3359,Oak Ave,42.36930882742484,-71.07645490901876,OSM
Boston,,405,Elm St,42.36821477347593,-71.08021528147124,OSM
Boston,,389,Elm St,42.344855585288975,-71.02132823978677,OSM
Boston,,9473,Washington Blvd,42.32526576446489,-71.09614769409794,OSM
Boston,,7775,Main St,42.357042617579,-71.06971676679127,OSM
Boston,,6213,Main St,42.32563104143406,-71.0214824247125,OSM
Boston,,6612,Main St,42.39704660298148,-71.10730871868788,OSM
Boston,,9554,Oak Ave,42.38611541066401,-71.01056321437828,OSM
Boston,,2929,Maple Dr,42.35538109665766,-71.03476195272886,OSM
Boston,,6170,Elm St,42.315667111133614,-71.06249457511784,OSM
Boston,,3715,Main St,42.32829367172746,-71.02910471665079,OSM
Boston,,4752,Elm St,42.31376796172053,-71.07369895851407,OSM
Boston,,4653,Oak Ave,42.348596716523616,-71.09079460974039,OSM
Boston,,7261,Main St,42.316323391295114,-71.01870697330031,OSM
Boston,,3483,Washington Blvd,42.3234761683683,-71.05083941910796,OSM
Boston,,3765,Maple Dr,42.32890864545503,-71.06679762962668,OSM
Boston,,4631,Park Ave,42.366093105472224,-71.07542694142396,OSM
Boston,,2378,Elm St,42.37807615970732,-71.02081646583235,OSM
Boston,,9846,Maple Dr,42.37425455019855,-71.06101336720633,OSM
Boston,,2664,Maple Dr,42.38738686274649,-71.0634697463572,OSM
Boston,,6408,Maple Dr,42.34628130739893,-71.02467639023946,OSM
Boston,,6121,Maple Dr,42.38796010961727,-71.03778727775432,OSM
Boston,,1759,Washington Blvd,42.3826917620196,-71.10066211844861,OSM
Boston,,9003,Maple Dr,42.32469818656447,-71.08058863601083,OSM
Boston,,1880,Elm St,42.37491566640421,-71.01433406596993,OSM
Boston,,3655,Main St,42.32664809660154,-71.08798342718454,OSM
Boston,,3976,Elm St,42.36989962214969,-71.01117459124674,OSM
Boston,,6630,Oak Ave,42.32124729179243,-71.08379784274167,OSM
Boston,,4025,Maple Dr,42.40311103990707,-71.06970779539019,OSM
Boston,,6628,Maple Dr,42.38100383324731,-71.03608137624569,OSM
Boston,,6725,Maple Dr,42.31311509748915,-71.03199430880537,OSM
Boston,,473,Elm St,42.3436126797872,-71.08448540887566,OSM
Boston,,3690,Elm St,42.35407832056814,-71.03393040445798,OSM
Boston,,8896,Washington Blvd,42.39296802398935,-71.04231548273488,OSM
Boston,,5592,Maple Dr,42.366877073010095,-71.10166843440997,OSM
Boston,,8934,Elm St,42.32996821870298,-71.01840225935507,OSM
Boston,,7118,Washington Blvd,42.32378880979597,-71.01156731384945,OSM
Boston,,9796,Park Ave,42.365349923967806,-71.09766737310018,OSM
Boston,,3402,Park Ave,42.322579295731664,-71.04245962714948,OSM
Boston,,5502,Oak Ave,42.387467977177295,-71.04612151204967,OSM
Boston,,5099,Washington Blvd,42.310881093513096,-71.08104821129247,OSM
Boston,,8121,Oak Ave,42.33944090711228,-71.10707004362538,OSM
Boston,,5995,Oak Ave,42.348200863380086,-71.08552153610503,OSM
Boston,,3732,Main St,42.32921774082587,-71.0264323206076,OSM
Boston,,1985,Maple Dr,42.317275721936014,-71.106788844661,OSM
Boston,,5829,Park Ave,42.371311409223736,-71.05571771149515,OSM
Boston,,7175,Maple Dr,42.32752570426921,-71.06568553619233,OSM
Boston,,9470,Maple Dr,42.3976264922485,-71.03175115279934,OSM
Boston,,6915,Park Ave,42.33475644896542,-71.03941991193558,OSM
Boston,,9346,Maple Dr,42.385800383124035,-71.07703173319463,OSM
Boston,,2548,Oak Ave,42.3151660286108,-71.10343574811336,OSM
Boston,,1427,Park Ave,42.409709530781114,-71.06009360827873,OSM
Boston,,5354,Washington Blvd,42.32059014212378,-71.02224748177667,OSM
Boston,,2934,Washington Blvd,42.40843651733735,-71.06900417008833,OSM
Boston,,5888,Elm St,42.36923656947885,-71.06389882717257,OSM
Boston,,884,Main St,42.40512714818663,-71.02119549536904,OSM
Boston,,7037,Elm St,42.38151398906142,-71.06545865005216,OSM
Boston,,426,Washington Blvd,42.36171066140582,-71.08252418563481,OSM
Boston,,8132,Maple Dr,42.31118891807,-71.02667135818152,OSM
Boston,,8279,Maple Dr,42.34688873528349,-71.02643827110295,OSM
Boston,,6067,Park Ave,42.403174474942865,-71.09988504826477,OSM
Boston,,9905,Washington Blvd,42.383942951873195,-71.04222641589855,OSM
Boston,,2271,Washington Blvd,42.34805293362162,-71.07118732044212,OSM
Boston,,881,Oak Ave,42.3678271575071,-71.05573914207866,OSM
Boston,,4076,Elm St,42.31875056943997,-71.01489314958587,OSM
Boston,,3727,Main St,42.363591679801985,-71.09092628503117,OSM
Boston,,4478,Park Ave,42.375846130363854,-71.08622607812016,OSM
Boston,,3542,Oak Ave,42.33739369961355,-71.09401332548184,OSM
Boston,,7099,Maple Dr,42.38453678913511,-71.08772123055827,OSM
Boston,,4702,Oak Ave,42.39551140138969,-71.05818402347955,OSM
Boston,,7600,Main St,42.32729857233345,-71.0787027991838,OSM
Boston,,742,Maple Dr,42.34312591453832,-71.0091847138683,OSM
Boston,,9929,Washington Blvd,42.39287790747652,-71.07108709765922,OSM
Boston,,2749,Elm St,42.32261521360736,-71.04600401111442,OSM
Boston,,7994,Park Ave,42.39931003832999,-71.02105367904937,OSM
Boston,,4377,Maple Dr,42.34635652198279,-71.01503504717716,OSM
Boston,,4831,Washington Blvd,42.32947119453869,-71.01500848086748,OSM
Boston,,5263,Maple Dr,42.387194172520836,-71.01338363199194,OSM
Boston,,4326,Elm St,42.364951570901724,-71.09460715829724,OSM
Boston,,2750,Maple Dr,42.381491970689844,-71.03986708157501,OSM
Boston,,4414,Main St,42.38185863051036,-71.03468169967724,OSM
Boston,,3679,Oak Ave,42.35236656981678,-71.06485595847593,OSM
Boston,,1718,Main St,42.319129484766876,-71.0424381409664,OSM
Boston,,8879,Elm St,42.31529932557005,-71.07855541590348,OSM
Boston,,4816,Washington Blvd,42.39712296548918,-71.03613048759296,OSM
Boston,,8720,Elm St,42.35179975096462,-71.0302891048989,OSM
Boston,,8003,Main St,42.33384814457197,-71.06790651020458,OSM
Boston,,9608,Washington Blvd,42.34982731526768,-71.10112291927709,OSM
Boston,,2450,Elm St,42.35177415116557,-71.07513041809467,OSM
Boston,,4445,Oak Ave,42.323125252231286,-71.07496333316604,OSM
Boston,,8887,Main St,42.39178323087418,-71.06916207504435,OSM
Boston,,3918,Elm St,42.35737286911175,-71.08277044651766,OSM
Boston,,2141,Main St,42.40084800449246,-71.05447594920855,OSM
Boston,,4059,Park Ave,42.38069922929525,-71.05033524798951,OSM
Boston,,6902,Park Ave,42.352912731567784,-71.10310682786645,OSM
Boston,,3050,Oak Ave,42.33976670823361,-71.07224156515649,OSM
Boston,,2905,Main St,42.38763164835401,-71.0512128730754,OSM
Boston,,1554,Washington Blvd,42.32036684398955,-71.10239288012546,OSM
Boston,,4357,Maple Dr,42.31819576336148,-71.03620962820246,OSM
Boston,,9017,Washington Blvd,42.310878268739806,-71.07614230371797,OSM
Boston,,7226,Main St,42.33515939735596,-71.02664012742041,OSM
Boston,,4030,Main St,42.31749302676461,-71.02656120295072,OSM
Boston,,6103,Park Ave,42.34478112563928,-71.10758051340889,OSM
Boston,,3171,Maple Dr,42.39857412571591,-71.08402991093043,OSM
Boston,,6255,Elm St,42.31822610192196,-71.05612374855092,OSM
Boston,,7203,Maple Dr,42.33346647125158,-71.05021391862287,OSM
Boston,,5791,Park Ave,42.352372818620665,-71.09446615727173,OSM
Boston,,8274,Main St,42.394517049486076,-71.07489531962904,OSM
Boston,,6237,Main St,42.366291490533754,-71.01449882144247,OSM
Boston,,9754,Park Ave,42.3421700794334,-71.10185034207552,OSM
Boston,,5478,Elm St,42.32988854115489,-71.0960022923777,OSM
Boston,,6721,Main St,42.334697358361986,-71.06867343473223,OSM
Boston,,3639,Park Ave,42.34041408118922,-71.0467290025731,OSM
Boston,,9701,Washington Blvd,42.33741622322577,-71.08371901315401,OSM
Boston,,4302,Washington Blvd,42.35804804341899,-71.0406064135455,OSM
Boston,,6212,Maple Dr,42.328436184999696,-71.08048193891278,OSM
Boston,,870,Main St,42.350466151891354,-71.09359211956067,OSM
Boston,,7621,Maple Dr,42.37059373609485,-71.041269681299,OSM
Boston,,5193,Park Ave,42.31999827781812,-71.0208852030734,OSM
Boston,,2272,Main St,42.34579091517241,-71.04790752832214,OSM
Boston,,5823,Main St,42.35353859828197,-71.10019560713155,OSM
Boston,,1583,Main St,42.40152520476506,-71.09623539360189,OSM
Boston,,1320,Oak Ave,42.35752480816485,-71.10208362494917,OSM
Boston,,5094,Park Ave,42.35727648183356,-71.09626454545136,OSM
Boston,,6794,Washington Blvd,42.35697905657926,-71.1030076263488,OSM
Boston,,9362,Maple Dr,42.35915572161112,-71.07390264118928,OSM
Boston,,3398,Oak Ave,42.333227518130485,-71.03236780399126,OSM
Boston,,1791,Elm St,42.343119901200545,-71.01221413163812,OSM
Boston,,3733,Maple Dr,42.33397471001154,-71.0272802165434,OSM
Boston,,7184,Elm St,42.403357276613654,-71.05225854750685,OSM
Boston,,8875,Elm St,42.37837956330657,-71.05168731240732,OSM
Boston,,8555,Park Ave,42.34299992103618,-71.01446117236057,OSM
Boston,,4713,Washington Blvd,42.3279127157686,-71.05715328130458,OSM
Boston,,7248,Main St,42.36924372098473,-71.00979666307025,OSM
Boston,,6677,Main St,42.39937307556704,-71.01902303741703,OSM
Boston,,4511,Main St,42.338060753431115,-71.02716446546758,OSM
Boston,,1655,Oak Ave,42.358494151703816,-71.02604684521482,OSM
Boston,,5852,Maple Dr,42.310465612901275,-71.1087286061705,OSM
Boston,,6998,Washington Blvd,42.37936871432659,-71.08399127862377,OSM
Boston,,35,Park Ave,42.33603355814989,-71.01400644273792,OSM
Boston,,6843,Elm St,42.35210333086326,-71.03140919761293,OSM
Boston,,5064,Maple Dr,42.37260100222204,-71.05049090191481,OSM
Boston,,3325,Main St,42.35145559343779,-71.01669561527481,OSM
Boston,,1495,Park Ave,42.37525905105543,-71.0611740520477,OSM
Boston,,5347,Oak Ave,42.39469237911679,-71.01422250065568,OSM
Boston,,112,Oak Ave,42.342036846071714,-71.10140045397483,OSM
Boston,,9026,Oak Ave,42.319108551093876,-71.08107487659476,OSM
Boston,,6738,Main St,42.32731594306993,-71.06599858849911,OSM
Boston,,6996,Main St,42.347524743896585,-71.09040963913044,OSM
Boston,,830,Main St,42.40230280774275,-71.04858744072436,OSM
Boston,,3850,Elm St,42.311951358458664,-71.10007822023658,OSM
Boston,,3154,Park Ave,42.39914273716755,-71.0865107436476,OSM
Boston,,9636,Main St,42.38418575608971,-71.01443257458176,OSM
Boston,,7470,Main St,42.31128244870569,-71.0491622073837,OSM
Boston,,9590,Elm St,42.37058041609011,-71.07640181343085,OSM
Boston,,5409,Park Ave,42.33162239526589,-71.06552365629972,OSM
Boston,,6689,Washington Blvd,42.31198371809524,-71.1068495083572,OSM
Boston,,8350,Main St,42.349295291053515,-71.0408609716601,OSM
Boston,,6371,Maple Dr,42.38689107959094,-71.0876124920438,OSM
Boston,,6879,Elm St,42.34229061703142,-71.04257623288589,OSM
Boston,,4713,Main St,42.39441464819441,-71.01643630256139,OSM
Boston,,3615,Main St,42.3697100582416,-71.04591979641604,OSM
Boston,,8678,Oak Ave,42.367961334799205,-71.08269801402854,OSM
Boston,,8426,Park Ave,42.40693392798684,-71.07840526051865,OSM
Boston,,2279,Main St,42.37508652041663,-71.05958652642802,OSM
Boston,,2936,Main St,42.36682191038254,-71.07173946749067,OSM
Boston,,6145,Elm St,42.40113051205357,-71.1080031659012,OSM
Boston,,2868,Main St,42.36077732860375,-71.10256719789841,OSM
Boston,,8095,Elm St,42.35598628964531,-71.08536126286312,OSM
Boston,,648,Park Ave,42.370385095641105,-71.10356115192215,OSM
Boston,,8697,Elm St,42.325497399918405,-71.09860866029359,OSM
Boston,,5186,Oak Ave,42.3323029477457,-71.02021395554492,OSM
Boston,,4252,Elm St,42.32734397160261,-71.09352209787104,OSM
Boston,,2197,Oak Ave,42.39859446291454,-71.0108216542095,OSM
Boston,,4989,Park Ave,42.40013834037814,-71.01654214593904,OSM
Boston,,3780,Oak Ave,42.40020809386655,-71.03409237921267,OSM
Boston,,9979,Park Ave,42.39787883614288,-71.01021575999313,OSM
Boston,,9969,Park Ave,42.33316904659297,-71.0832552938971,OSM
Boston,,3558,Park Ave,42.32580803637376,-71.02729884896549,OSM
Boston,,6342,Washington Blvd,42.394417143852095,-71.06119610980532,OSM
Boston,,116,Maple Dr,42.40123928235816,-71.06019689266984,OSM
Boston,,905,Oak Ave,42.399868467729924,-71.10354919413518,OSM
Boston,,4665,Main St,42.37702971251011,-71.04024720370022,OSM
Boston,,3231,Washington Blvd,42.38835158562299,-71.10672806718482,OSM
Boston,,9843,Elm St,42.38251162926317,-71.05947356515935,OSM
Boston,,9893,Washington Blvd,42.318404380728815,-71.0213066531003,OSM
Boston,,4748,Main St,42.40426089500769,-71.02498093697764,OSM
Boston,,1903,Maple Dr,42.33748945799286,-71.07928321922579,OSM
Boston,,665,Main St,42.32318844183433,-71.03407375200156,OSM
Boston,,3452,Main St,42.375429744097104,-71.02341843720134,OSM
Boston,,3739,Main St,42.40666670035104,-71.01793450555043,OSM
Boston,,3783,Maple Dr,42.344572849335776,-71.04202860586739,OSM
Boston,,720,Washington Blvd,42.38108448853318,-71.10309669640463,OSM
Boston,,9966,Park Ave,42.36046191440446,-71.0985959432025,OSM
Boston,,1988,Main St,42.32447449071564,-71.03243417404882,OSM
Boston,,9699,Elm St,42.40587344906251,-71.01589060570132,OSM
Boston,,8536,Park Ave,42.344190813233716,-71.08165393463811,OSM
Boston,,1981,Elm St,42.31595305777619,-71.05828543182199,OSM
Boston,,6710,Washington Blvd,42.340284639870134,-71.10584106324319,OSM
Boston,,2499,Main St,42.36863493340727,-71.03947777215875,OSM
Boston,,5562,Oak Ave,42.33122353519652,-71.02839559410766,OSM
Boston,,5144,Main St,42.364703545385574,-71.04739225192942,OSM
Boston,,8413,Park Ave,42.40767470366572,-71.03614432121539,OSM
Boston,,6641,Oak Ave,42.33614939433727,-71.06025961450878,OSM
Boston,,7915,Oak Ave,42.32206414744807,-71.07759673775821,OSM
Boston,,7734,Main St,42.37875287187507,-71.0463305536547,OSM
Boston,,6046,Elm St,42.36393054212396,-71.04900674103891,OSM
Boston,,6221,Main St,42.31515283562396,-71.04880173200885,OSM
Boston,,6626,Washington Blvd,42.31287166240066,-71.10081823324613,OSM
Boston,,7848,Park Ave,42.344551827535085,-71.01292511836225,OSM
Boston,,154,Main St,42.310351276940594,-71.10190635242098,OSM
Boston,,8701,Washington Blvd,42.370899981479596,-71.04505842657966,OSM
Boston,,613,Main St,42.3459136835258,-71.06295875260165,OSM
Boston,,7497,Oak Ave,42.351606299862105,-71.10772594019642,OSM
Boston,,4015,Elm St,42.34070172335027,-71.04424265236555,OSM
Boston,,3385,Oak Ave,42.31890162903245,-71.04673742509509,OSM
Boston,,9795,Oak Ave,42.38572638189455,-71.0970458637865,OSM
Boston,,4335,Oak Ave,42.394028879938645,-71.01180835916065,OSM
Boston,,1886,Main St,42.33541772421284,-71.0556711863947,OSM
Boston,,6501,Oak Ave,42.39439610720066,-71.08952270834675,OSM
Boston,,1463,Oak Ave,42.35397498684842,-71.05491892241572,OSM
Boston,,1040,Main St,42.330850177295765,-71.01024539027986,OSM
Boston,,1009,Maple Dr,42.36256584419072,-71.082946434328,OSM
Boston,,1994,Washington Blvd,42.37206176665098,-71.05576176296917,OSM
Boston,,2832,Washington Blvd,42.38680436564364,-71.09138196181313,OSM
Boston,,247,Washington Blvd,42.34114069001036,-71.07638908465886,OSM
Boston,,8817,Main St,42.36363892659638,-71.10526518868157,OSM
Boston,,1311,Park Ave,42.39423229771238,-71.0727280836508,OSM
Boston,,741,Maple Dr,42.38045388763353,-71.10666129351013,OSM
Boston,,5582,Maple Dr,42.3415160880011,-71.02686887814284,OSM
Boston,,3815,Elm St,42.35546648003356,-71.0589897218173,OSM
Boston,,4259,Main St,42.316247372854164,-71.09686845730455,OSM
Boston,,4740,Main St,42.379839563699484,-71.03577805608303,OSM
Boston,,1836,Oak Ave,42.327152398842756,-71.04316390190895,OSM
Boston,,8698,Park Ave,42.34529227899238,-71.00959002209159,OSM
Boston,,1630,Elm St,42.38841858686146,-71.09250496379101,OSM
Boston,,5063,Park Ave,42.36291398738099,-71.02434274724246,OSM
Boston,,7313,Washington Blvd,42.40793174916395,-71.07913397230176,OSM
Boston,,8527,Washington Blvd,42.377714877651336,-71.04402574363792,OSM
Boston,,4671,Park Ave,42.35576183663837,-71.08726898134202,OSM
Boston,,9614,Washington Blvd,42.38502120243908,-71.01644493959944,OSM
Boston,,6319,Park Ave,42.392477006521474,-71.10190985217956,OSM
Boston,,2303,Elm St,42.40356319742956,-71.10431351340264,OSM
Boston,,2971,Elm St,42.343359177362174,-71.10643938426853,OSM
Boston,,4471,Maple Dr,42.3831363930575,-71.00970283358647,OSM
Boston,,7119,Washington Blvd,42.3942753019283,-71.05356914902771,OSM
Boston,,7042,Park Ave,42.35650648422352,-71.01328490609158,OSM
Boston,,3403,Maple Dr,42.36607599211316,-71.0352370761624,OSM
Boston,,6225,Maple Dr,42.310168869109205,-71.08939234709595,OSM
Boston,,9097,Maple Dr,42.32465473457846,-71.0319568978752,OSM
Boston,,9219,Park Ave,42.31507517515167,-71.0757469586278,OSM
Boston,,5038,Park Ave,42.36660661714259,-71.09669580915869,OSM
Boston,,7319,Oak Ave,42.39501903608397,-71.07966869644167,OSM
Boston,,7977,Washington Blvd,42.38080912014647,-71.08879427514402,OSM
Boston,,2680,Elm St,42.39011827120773,-71.09253354121911,OSM
Boston,,2731,Elm St,42.38721185281006,-71.02705778190035,OSM
Boston,,1930,Maple Dr,42.37982574777122,-71.0228047259814,OSM
Boston,,6503,Elm St,42.402606322092815,-71.05717692697884,OSM
Boston,,9112,Elm St,42.36088863615988,-71.01846317554195,OSM
Boston,,4214,Oak Ave,42.330554979449104,-71.01468702202189,OSM
Boston,,9121,Washington Blvd,42.33798002382905,-71.0635324728986,OSM
Boston,,2969,Washington Blvd,42.33162432542743,-71.02337078812322,OSM
Boston,,885,Washington Blvd,42.35046612078563,-71.05961352818821,OSM
Boston,,9106,Oak Ave,42.39422187200758,-71.08140212507529,OSM
Boston,,6265,Main St,42.366402019055535,-71.10187258730282,OSM
Boston,,162,Main St,42.31453564774515,-71.02854239818654,OSM
Boston,,6203,Oak Ave,42.37209748737559,-71.02210279398575,OSM
Boston,,9091,Maple Dr,42.38438032693595,-71.03029552683594,OSM
Boston,,7917,Washington Blvd,42.35033554923099,-71.10491389893109,OSM
Boston,,7502,Oak Ave,42.377606009495615,-71.10507405549464,OSM
Boston,,1201,Park Ave,42.39719671129401,-71.07478132042314,OSM
Boston,,9522,Maple Dr,42.35818300754355,-71.07678020174704,OSM
Boston,,117,Park Ave,42.374032287634996,-71.046139940457,OSM
Boston,,908,Washington Blvd,42.36744317945845,-71.10074477028196,OSM
Boston,,6338,Maple Dr,42.3794290399761,-71.08603218924374,OSM
Boston,,7698,Maple Dr,42.335805399900195,-71.10846930482217,OSM
Boston,,5504,Oak Ave,42.32544462658569,-71.04879671167632,OSM
Boston,,656,Park Ave,42.32551307163036,-71.09256729925949,OSM
Boston,,8928,Oak Ave,42.358089198869955,-71.03556244398588,OSM
Chicago,,9291,Main St,41.88696145200842,-87.65518021940257,OSM
Chicago,,4510,Elm St,41.91329673912591,-87.60489056355975,OSM
Chicago,,5185,Elm St,41.863944240755934,-87.58091509526595,OSM
Chicago,,3513,Oak Ave,41.91559812153731,-87.58426709307611,OSM
Chicago,,2771,Maple Dr,41.84221992943131,-87.5822828323238,OSM
Chicago,,8505,Washington Blvd,41.867456212825005,-87.6565065894194,OSM
Chicago,,4912,Oak Ave,41.85271617927945,-87.61985754629045,OSM
Chicago,,1974,Washington Blvd,41.88363781117274,-87.61451974047263,OSM
Chicago,,5591,Elm St,41.83863396649558,-87.64703073943909,OSM
Chicago,,5236,Oak Ave,41.87933214853879,-87.59647453132575,OSM
Chicago,,8124,Main St,41.90521939024325,-87.67544235729076,OSM
Chicago,,6256,Maple Dr,41.84524471019391,-87.67848392468507,OSM
Chicago,,8847,Park Ave,41.908436444036674,-87.62678946165828,OSM
Chicago,,8087,Washington Blvd,41.835363962943745,-87.62610846465988,OSM
Chicago,,4455,Main St,41.890518793106004,-87.64560295886155,OSM
Chicago,,5758,Oak Ave,41.866712025447654,-87.62676565982599,OSM
Chicago,,2539,Washington Blvd,41.88537873625197,-87.63271937296683,OSM
Chicago,,3690,Main St,41.9115669111779,-87.65506463924677,OSM
Chicago,,9308,Main St,41.88164338706388,-87.58008994833467,OSM
Chicago,,8245,Park Ave,41.91290923431205,-87.63007094096776,OSM
Chicago,,3336,Washington Blvd,41.87910216760006,-87.64208659718592,OSM
Chicago,,2484,Park Ave,41.86988015101972,-87.67958504813696,OSM
Chicago,,1102,Elm St,41.879158766575266,-87.58139828134063,OSM
Chicago,,9120,Maple Dr,41.84095695312719,-87.65065983864825,OSM
Chicago,,8336,Park Ave,41.8598122414343,-87.64316550200301,OSM
Chicago,,992,Oak Ave,41.91014208801915,-87.62859925269889,OSM
Chicago,,7962,Washington Blvd,41.925626524642546,-87.67480756602023,OSM
Chicago,,3539,Elm St,41.898267554624226,-87.67698453909836,OSM
Chicago,,3078,Maple Dr,41.83386204006532,-87.65205950643562,OSM
Chicago,,9389,Main St,41.89487998940591,-87.5904663602512,OSM
Chicago,,6067,Washington Blvd,41.88246330706784,-87.63988773253463,OSM
Chicago,,2166,Oak Ave,41.923036075803786,-87.65827436308685,OSM
Chicago,,1435,Elm St,41.85634836499146,-87.63246696878275,OSM
Chicago,,3262,Maple Dr,41.87059425699467,-87.58335215150005,OSM
Chicago,,9774,Washington Blvd,41.897302228382514,-87.60493442466797,OSM
Chicago,,1864,Park Ave,41.89305559020071,-87.61682315206822,OSM
Chicago,,516,Elm St,41.84933648802242,-87.65812638788896,OSM
Chicago,,8098,Washington Blvd,41.89452696279476,-87.59354935646213,OSM
Chicago,,8289,Washington Blvd,41.885531913512835,-87.67290187861408,OSM
Chicago,,7376,Maple Dr,41.92274361774534,-87.58917881755909,OSM
Chicago,,4911,Park Ave,41.88229311487923,-87.67325785110208,OSM
Chicago,,8407,Elm St,41.879342748909934,-87.61069688276861,OSM
Chicago,,5844,Oak Ave,41.869062439614495,-87.67741509037651,OSM
Chicago,,9331,Elm St,41.889117086987916,-87.62736974249653,OSM
Chicago,,6936,Washington Blvd,41.84108389842381,-87.64489301734795,OSM
Chicago,,5252,Washington Blvd,41.85053174010609,-87.62950023704808,OSM
Chicago,,9298,Park Ave,41.87458793489828,-87.60700747874857,OSM
Chicago,,5977,Oak Ave,41.8382422446889,-87.61357515307412,OSM
Chicago,,4419,Oak Ave,41.87012425623275,-87.6495772725718,OSM
Chicago,,1293,Maple Dr,41.858016733083765,-87.61092781420287,OSM
Chicago,,1727,Maple Dr,41.828789056610475,-87.58946332138265,OSM
Chicago,,3981,Park Ave,41.916902866624376,-87.60964069221772,OSM
Chicago,,945,Main St,41.891046744940105,-87.64621538880819,OSM
Chicago,,5382,Washington Blvd,41.84003607631261,-87.6567349581135,OSM
Chicago,,7301,Oak Ave,41.88170461397968,-87.604188780309,OSM
Chicago,,2169,Park Ave,41.91350912647156,-87.66683508013854,OSM
Chicago,,7747,Park Ave,41.86585898302482,-87.66520814947917,OSM
Chicago,,2395,Elm St,41.90378804302491,-87.64606757430508,OSM
Chicago,,4002,Oak Ave,41.87679105727289,-87.61597312006135,OSM
Chicago,,8500,Elm St,41.8640687773889,-87.60126322601926,OSM
Chicago,,5588,Oak Ave,41.89651765874421,-87.58203819767263,OSM
Chicago,,5036,Elm St,41.9245539469083,-87.64841741890945,OSM
Chicago,,9608,Park Ave,41.89450367083655,-87.66727424582248,OSM
Chicago,,6062,Maple Dr,41.91123642702561,-87.60074871378232,OSM
Chicago,,7404,Maple Dr,41.91481365981039,-87.64244836591804,OSM
Chicago,,1065,Oak Ave,41.89547129660569,-87.62257575608679,OSM
Chicago,,286,Washington Blvd,41.833861965226404,-87.59949624709326,OSM
Chicago,,4893,Park Ave,41.89967539928602,-87.62429470580079,OSM
Chicago,,4264,Main St,41.92408524845725,-87.6431212010121,OSM
Chicago,,1800,Park Ave,41.84466053425875,-87.63301491233452,OSM
Chicago,,9636,Washington Blvd,41.92615587874692,-87.6740138035013,OSM
Chicago,,3044,Main St,41.90906770951569,-87.66742748919161,OSM
Chicago,,3766,Washington Blvd,41.864797096399904,-87.64389323331528,OSM
Chicago,,8017,Oak Ave,41.83284023965025,-87.61047421545014,OSM
Chicago,,8249,Main St,41.903567510658,-87.65325308359294,OSM
Chicago,,8967,Elm St,41.841701340053966,-87.62640831044092,OSM
Chicago,,4031,Maple Dr,41.82983848907241,-87.62252289606502,OSM
Chicago,,5031,Main St,41.85625988899451,-87.67698234087054,OSM
Chicago,,4033,Main St,41.88857659780597,-87.61669383150192,OSM
Chicago,,5344,Maple Dr,41.90496957393781,-87.62270324866613,OSM
Chicago,,6264,Washington Blvd,41.926988289533874,-87.64615558322863,OSM
Chicago,,357,Park Ave,41.854572204788305,-87.65562196819523,OSM
Chicago,,508,Oak Ave,41.91548542043155,-87.66407403825711,OSM
Chicago,,6254,Park Ave,41.921720941775106,-87.5874980122236,OSM
Chicago,,9893,Park Ave,41.91928611485698,-87.6063757447722,OSM
Chicago,,58,Park Ave,41.84130746402393,-87.66371842494884,OSM
Chicago,,442,Oak Ave,41.890518549514795,-87.65701616920082,OSM
Chicago,,7943,Oak Ave,41.91658655541363,-87.64811172997986,OSM
Chicago,,8351,Oak Ave,41.835241071009825,-87.67107940852397,OSM
Chicago,,2948,Oak Ave,41.87403013498542,-87.61059547804646,OSM
Chicago,,7779,Maple Dr,41.9156852453784,-87.59574598867113,OSM
Chicago,,1661,Park Ave,41.85523956639231,-87.65421005133521,OSM
Chicago,,6448,Maple Dr,41.85678520179874,-87.6477876327738,OSM
Chicago,,5888,Oak Ave,41.84799886962191,-87.65949121124801,OSM
Chicago,,5930,Park Ave,41.83175117535739,-87.64291303935336,OSM
Chicago,,9608,Elm St,41.89819429895979,-87.6496532339175,OSM
Chicago,,7825,Elm St,41.88641164891818,-87.609669605984,OSM
Chicago,,8803,Elm St,41.89299103047906,-87.66945966847351,OSM
Chicago,,6437,Maple Dr,41.8325958190558,-87.63901567315409,OSM
Chicago,,8172,Main St,41.84691642286211,-87.64375242610136,OSM
Chicago,,9776,Park Ave,41.92192439021192,-87.61898129780579,OSM
Chicago,,4440,Elm St,41.903120077309566,-87.61052820503673,OSM
Chicago,,3115,Maple Dr,41.921118298128114,-87.64697820873451,OSM
Chicago,,7936,Main St,41.903713322943624,-87.651575962601,OSM
Chicago,,2573,Maple Dr,41.85592410150462,-87.64793102219525,OSM
Chicago,,833,Park Ave,41.83072176759424,-87.67387799534939,OSM
Chicago,,1431,Elm St,41.84269208849627,-87.59878420768165,OSM
Chicago,,1360,Main St,41.847381510984704,-87.58131440357253,OSM
Chicago,,3338,Park Ave,41.872245010905196,-87.6201973789292,OSM
Chicago,,2451,Washington Blvd,41.876915646804456,-87.63710615437229,OSM
Chicago,,5746,Main St,41.85925057704241,-87.66118193950493,OSM
Chicago,,3680,Maple Dr,41.867418958479924,-87.67072974902582,OSM
Chicago,,7383,Park Ave,41.86180885498857,-87.5916901563105,OSM
Chicago,,776,Washington Blvd,41.906622040987635,-87.6534652824625,OSM
Chicago,,6030,Park Ave,41.887853922803146,-87.67045032802348,OSM
Chicago,,386,Maple Dr,41.89104860609202,-87.63346589434838,OSM
Chicago,,8139,Oak Ave,41.88472607591917,-87.61212969557711,OSM
Chicago,,7798,Washington Blvd,41.903575150558,-87.66409870580762,OSM
Chicago,,1350,Elm St,41.86093349648357,-87.61463739593047,OSM
Chicago,,680,Washington Blvd,41.8520860159825,-87.62237024135929,OSM
Chicago,,9984,Washington Blvd,41.857752493751654,-87.66665989212072,OSM
Chicago,,8924,Park Ave,41.82940342674451,-87.60681255468332,OSM
Chicago,,8089,Main St,41.85134654248837,-87.5837839651112,OSM
Chicago,,5245,Oak Ave,41.887931898897236,-87.6172218713245,OSM
Chicago,,2469,Oak Ave,41.86306143507897,-87.59132638481553,OSM
Chicago,,3200,Main St,41.898533214983196,-87.59783659802743,OSM
Chicago,,8591,Maple Dr,41.87223663252334,-87.64482808747078,OSM
Chicago,,5225,Main St,41.88626978309934,-87.66466269885582,OSM
Chicago,,6621,Washington Blvd,41.857239414622555,-87.5882204525653,OSM
Chicago,,2354,Oak Ave,41.86791162703528,-87.66816530491262,OSM
Chicago,,1148,Elm St,41.91422569440854,-87.61668665278287,OSM
Chicago,,6007,Washington Blvd,41.86262283527744,-87.66710869435661,OSM
Chicago,,5739,Oak Ave,41.922197351594285,-87.6125778793496,OSM
Chicago,,8501,Elm St,41.86817580106488,-87.595826928765,OSM
Chicago,,3687,Main St,41.92265232421527,-87.65791297600744,OSM
Chicago,,1965,Elm St,41.85218797422421,-87.66456618556418,OSM
Chicago,,8741,Oak Ave,41.8377319133434,-87.62326012257552,OSM
Chicago,,1381,Maple Dr,41.84345355393899,-87.5807695642056,OSM
Chicago,,2555,Main St,41.85060682553705,-87.63609229423365,OSM
Chicago,,5319,Maple Dr,41.83793050777754,-87.6531921657666,OSM
Chicago,,7831,Maple Dr,41.85869794010054,-87.67830296321172,OSM
Chicago,,6007,Park Ave,41.82967263815109,-87.65118242661535,OSM
Chicago,,2784,Park Ave,41.88030150594578,-87.61785334987673,OSM
Chicago,,6060,Elm St,41.87343441907611,-87.63067647428953,OSM
Chicago,,1185,Elm St,41.83185107526228,-87.61710165130054,OSM
Chicago,,9581,Maple Dr,41.86871739815196,-87.61162412133734,OSM
Chicago,,2579,Maple Dr,41.9227161953859,-87.66271407993699,OSM
Chicago,,3583,Park Ave,41.902359004257676,-87.63604759500348,OSM
Chicago,,7938,Oak Ave,41.853864946268565,-87.6271398150298,OSM
Chicago,,3710,Elm St,41.918536210003715,-87.64407503944169,OSM
Chicago,,5829,Elm St,41.86744604380632,-87.65898777279214,OSM
Chicago,,5332,Elm St,41.91853687564861,-87.67123347092671,OSM
Chicago,,9179,Park Ave,41.90943861885948,-87.59779259889655,OSM
Chicago,,5213,Washington Blvd,41.875477742203785,-87.6049777115668,OSM
Chicago,,4244,Oak Ave,41.913643404943684,-87.62194855078498,OSM
Chicago,,6794,Park Ave,41.83150778655449,-87.60164853298033,OSM
Chicago,,5401,Elm St,41.8454859613186,-87.61757004105053,OSM
Chicago,,4880,Elm St,41.89013555878575,-87.67645823307144,OSM
Chicago,,5981,Maple Dr,41.90031966316026,-87.65174533399109,OSM
Chicago,,7743,Maple Dr,41.86089293198837,-87.66874835145407,OSM
Chicago,,1762,Elm St,41.89261058364775,-87.60199775497365,OSM
Chicago,,7258,Maple Dr,41.92432352017636,-87.6480249317258,OSM
Chicago,,2344,Oak Ave,41.87597405723982,-87.62984952800358,OSM
Chicago,,3642,Park Ave,41.908919742672865,-87.65753991379839,OSM
Chicago,,8088,Maple Dr,41.91850176295016,-87.5983546421459,OSM
Chicago,,5595,Elm St,41.91929601082296,-87.6723230267084,OSM
Chicago,,3810,Main St,41.90178781780689,-87.64023669882997,OSM
Chicago,,4843,Park Ave,41.87632559359673,-87.60666269151702,OSM
Chicago,,730,Maple Dr,41.894283034179885,-87.6367227853066,OSM
Chicago,,7373,Washington Blvd,41.90210550023189,-87.59372437016086,OSM
Chicago,,2386,Washington Blvd,41.9235261181052,-87.6405480818301,OSM
Chicago,,4163,Oak Ave,41.917669267332734,-87.67780233980089,OSM
Chicago,,3970,Washington Blvd,41.868636984582565,-87.66562109626733,OSM
Chicago,,1667,Maple Dr,41.849561694149266,-87.6756514316,OSM
Chicago,,8643,Oak Ave,41.861015455060794,-87.60207689362203,OSM
Chicago,,7959,Maple Dr,41.91689350691722,-87.61257773935112,OSM
Chicago,,5313,Main St,41.9192577313255,-87.66250229252515,OSM
Chicago,,6701,Park Ave,41.85604329376034,-87.66258155339236,OSM
Chicago,,7090,Elm St,41.84242772707446,-87.61049307378138,OSM
Chicago,,9304,Elm St,41.83267708628915,-87.6256249186016,OSM
Chicago,,7530,Park Ave,41.9218019445138,-87.64385196621342,OSM
Chicago,,6864,Park Ave,41.89980060741513,-87.65457984388091,OSM
Chicago,,4381,Main St,41.88830616063361,-87.58897465957854,OSM
Chicago,,5210,Park Ave,41.84037075265771,-87.58727663720381,OSM
Chicago,,5804,Elm St,41.90484696601382,-87.61939529510336,OSM
Chicago,,9558,Maple Dr,41.906420118432926,-87.59039816209516,OSM
Chicago,,3,Park Ave,41.859794818046176,-87.61329395383851,OSM
Chicago,,7350,Park Ave,41.89801973062926,-87.58075427037505,OSM
Chicago,,8265,Elm St,41.90938256990455,-87.60108486151677,OSM
Chicago,,4871,Elm St,41.83417113312013,-87.64717615044016,OSM
Chicago,,1264,Park Ave,41.89305660809454,-87.64009898108544,OSM
Chicago,,4775,Elm St,41.92400786634477,-87.67136816374153,OSM
Chicago,,896,Elm St,41.86533129427247,-87.65290051109088,OSM
Chicago,,2216,Park Ave,41.90951537665488,-87.59407857138406,OSM
Chicago,,5785,Elm St,41.86977863877369,-87.58857439026924,OSM
Chicago,,1083,Maple Dr,41.85443969200309,-87.63793732338767,OSM
Chicago,,9731,Main St,41.85046570434924,-87.65061723746061,OSM
Chicago,,8750,Oak Ave,41.897355678596014,-87.62974884363788,OSM
Chicago,,9508,Washington Blvd,41.853446451019686,-87.66869593317492,OSM
Chicago,,7717,Park Ave,41.89456704071026,-87.62272431401018,OSM
Chicago,,2007,Main St,41.82855895735395,-87.64116908232594,OSM
Chicago,,6062,Maple Dr,41.89383835403691,-87.59526778644158,OSM
Chicago,,9836,Main St,41.899361193577406,-87.667425266934,OSM
Chicago,,7384,Maple Dr,41.90643942159204,-87.58922802051936,OSM
Chicago,,9168,Maple Dr,41.851899483512376,-87.67087694666,OSM
Chicago,,2477,Main St,41.83409730440325,-87.64747750108971,OSM
Chicago,,6523,Maple Dr,41.916094331754906,-87.65142281324611,OSM
Chicago,,165,Park Ave,41.848167510530885,-87.59456369825625,OSM
Chicago,,3078,Main St,41.90225851916422,-87.64210391240614,OSM
Chicago,,8616,Maple Dr,41.90996199230568,-87.59569898827628,OSM
Chicago,,184,Maple Dr,41.90588704708972,-87.66563886622488,OSM
Chicago,,476,Maple Dr,41.90784131572041,-87.67504840362474,OSM
Chicago,,9406,Oak Ave,41.87903525901988,-87.64188813297223,OSM
Chicago,,3221,Oak Ave,41.862620676005164,-87.65547645937538,OSM
Chicago,,8955,Park Ave,41.85683630436442,-87.5907292755158,OSM
Chicago,,6954,Oak Ave,41.83008889510748,-87.67157601281954,OSM
Chicago,,5446,Maple Dr,41.88539902598131,-87.63361814224507,OSM
Chicago,,1959,Elm St,41.86568609774062,-87.65846674538138,OSM
Chicago,,2158,Oak Ave,41.92353077316308,-87.64176628040323,OSM
Chicago,,445,Park Ave,41.88894672625061,-87.60571213871512,OSM
Chicago,,1938,Washington Blvd,41.90977669425453,-87.64026929221863,OSM
Chicago,,9769,Maple Dr,41.90367077547385,-87.64138711340826,OSM
Chicago,,215,Main St,41.89936026680908,-87.5979159682516,OSM
Chicago,,8808,Elm St,41.88926745700888,-87.66210852786385,OSM
Chicago,,975,Elm St,41.83922113047296,-87.6356997530516,OSM
Chicago,,5505,Maple Dr,41.895224622376034,-87.608768225008,OSM
Chicago,,1421,Elm St,41.91884976374024,-87.60156017135165,OSM
Chicago,,8859,Oak Ave,41.90233411774548,-87.66171046946052,OSM
Chicago,,3116,Elm St,41.92182610914645,-87.64479900566683,OSM
Chicago,,9658,Park Ave,41.848756536086704,-87.6071629946422,OSM
Chicago,,5031,Park Ave,41.92579794713792,-87.63647629126731,OSM
Chicago,,7762,Elm St,41.85731343168218,-87.6167325797002,OSM
Chicago,,6067,Oak Ave,41.90677029330451,-87.61730881808771,OSM
Chicago,,3517,Washington Blvd,41.86681391309575,-87.63924328181805,OSM
Chicago,,2500,Park Ave,41.88994014490839,-87.64556251818183,OSM
Chicago,,9600,Oak Ave,41.92069574388831,-87.60917365402761,OSM
Chicago,,8146,Main St,41.89084993150593,-87.59123743229348,OSM
Chicago,,1248,Washington Blvd,41.842697339372044,-87.6135409360427,OSM
Chicago,,1230,Washington Blvd,41.87998693393766,-87.67645170371412,OSM
Chicago,,3048,Elm St,41.89614955613465,-87.63322780760171,OSM
Chicago,,7849,Maple Dr,41.83676668094311,-87.58266227338527,OSM
Chicago,,434,Washington Blvd,41.88491254869943,-87.62154220476067,OSM
Chicago,,6156,Oak Ave,41.866605126533,-87.64611796990306,OSM
Chicago,,8199,Main St,41.91779064969826,-87.63482740381106,OSM
Chicago,,9919,Maple Dr,41.881920634155556,-87.64234429601014,OSM
Chicago,,9138,Washington Blvd,41.91127287956003,-87.6512607179637,OSM
Chicago,,7737,Washington Blvd,41.83191046725318,-87.6100209369768,OSM
Chicago,,4414,Elm St,41.89771534245696,-87.65439602841124,OSM
Chicago,,7057,Maple Dr,41.87697773596249,-87.61198499803531,OSM
Chicago,,2193,Maple Dr,41.82929422907474,-87.65673721423829,OSM
Chicago,,5990,Oak Ave,41.86160888414338,-87.5899224074414,OSM
Chicago,,4357,Oak Ave,41.869697402447315,-87.59986165063687,OSM
Chicago,,9867,Oak Ave,41.90688165525546,-87.63196892414587,OSM
Chicago,,3840,Oak Ave,41.85973272056134,-87.60177836569694,OSM
Chicago,,2706,Maple Dr,41.88509651488472,-87.65385202406235,OSM
Chicago,,6971,Park Ave,41.8487649563435,-87.66455688430733,OSM
Chicago,,5443,Elm St,41.845549528215855,-87.66611394596394,OSM
Chicago,,5891,Washington Blvd,41.885104318647336,-87.63897077280994,OSM
Chicago,,1504,Elm St,41.84196078636948,-87.62336799722586,OSM
Chicago,,9715,Maple Dr,41.92496416185508,-87.6763875875201,OSM
Chicago,,5376,Elm St,41.92490235537667,-87.64799231602929,OSM
Chicago,,2335,Washington Blvd,41.879885924319645,-87.59641847294328,OSM
Chicago,,32,Main St,41.851383018517794,-87.61917379512042,OSM
Chicago,,72,Elm St,41.861703848555344,-87.66006567930638,OSM
Chicago,,9151,Oak Ave,41.86461968337373,-87.61679361024868,OSM
Chicago,,9826,Maple Dr,41.87708353111243,-87.67527265476987,OSM
Chicago,,6737,Oak Ave,41.83135382161376,-87.62356366282003,OSM
Chicago,,9251,Park Ave,41.845960120816954,-87.61062813426723,OSM
Chicago,,987,Elm St,41.91457829820265,-87.60738864181296,OSM
Chicago,,7322,Oak Ave,41.871764903607485,-87.60735462594145,OSM
Chicago,,4216,Park Ave,41.89076638614305,-87.66680911083249,OSM
Chicago,,856,Washington Blvd,41.87631296872992,-87.63212370819403,OSM
Chicago,,7423,Park Ave,41.888303362249744,-87.62396997035151,OSM
Chicago,,7784,Washington Blvd,41.926602731733354,-87.62353842879975,OSM
Chicago,,9915,Washington Blvd,41.856915285482,-87.58915191133221,OSM
Chicago,,6148,Oak Ave,41.886247095379304,-87.66242815462732,OSM
Chicago,,310,Main St,41.829305107796706,-87.65033068456967,OSM
Chicago,,7385,Washington Blvd,41.84431657002894,-87.67366816004696,OSM
Chicago,,2456,Park Ave,41.83590426660019,-87.60730907811973,OSM
Chicago,,6309,Oak Ave,41.90327189280971,-87.601756439022,OSM
Chicago,,7298,Oak Ave,41.89952600887687,-87.67146591193428,OSM
Chicago,,271,Main St,41.86735551291786,-87.59214489495923,OSM
Chicago,,3032,Main St,41.90211795238531,-87.67380411583001,OSM
Chicago,,2616,Main St,41.85751164454473,-87.59109820897669,OSM
Chicago,,377,Main St,41.86938099337048,-87.58592559091217,OSM
Chicago,,5999,Park Ave,41.83735630331397,-87.66348269596351,OSM
Chicago,,4451,Elm St,41.85068977567555,-87.6689633091876,OSM
Chicago,,8050,Washington Blvd,41.86874418772519,-87.67874523276373,OSM
Chicago,,1262,Oak Ave,41.84435502180698,-87.6136197368686,OSM
Chicago,,7422,Main St,41.88630332655284,-87.58717590038067,OSM
Chicago,,3523,Main St,41.87663462850485,-87.60762203721437,OSM
Chicago,,7192,Maple Dr,41.83449103133805,-87.60719133348579,OSM
Chicago,,9656,Main St,41.85190448549334,-87.58838949552488,OSM
Chicago,,6908,Elm St,41.91760920378433,-87.59115847193736,OSM
Chicago,,9133,Maple Dr,41.89624282757422,-87.61222113024908,OSM
Chicago,,477,Washington Blvd,41.89449541878407,-87.6160153966258,OSM
Chicago,,8027,Elm St,41.88489615873365,-87.63451766208887,OSM
Chicago,,1018,Elm St,41.887163425581484,-87.64492390490277,OSM
Chicago,,9582,Washington Blvd,41.83787484560267,-87.67915159552629,OSM
Chicago,,3412,Oak Ave,41.87123299010146,-87.63820831810064,OSM
Chicago,,6780,Washington Blvd,41.83491792416803,-87.62531965648249,OSM
Chicago,,3651,Washington Blvd,41.889310948839885,-87.65206050444175,OSM
Chicago,,8446,Oak Ave,41.88327569919333,-87.66971300902277,OSM
Chicago,,8498,Main St,41.92735093622058,-87.63724622187908,OSM
Chicago,,6149,Elm St,41.88063874723862,-87.60077664893365,OSM
Chicago,,8715,Oak Ave,41.88699978478503,-87.66512841877552,OSM
Chicago,,2675,Elm St,41.901983360087065,-87.61122546124928,OSM
Chicago,,1507,Park Ave,41.859300489141255,-87.64214567147133,OSM
Chicago,,9094,Oak Ave,41.91772192827729,-87.67389998047061,OSM
Chicago,,72,Oak Ave,41.82919943060241,-87.63543866371045,OSM
Chicago,,4945,Park Ave,41.87788337930595,-87.59540492844098,OSM
Chicago,,9307,Elm St,41.92195999720428,-87.61476334742449,OSM
Chicago,,6172,Park Ave,41.88538922724782,-87.67643180044229,OSM
Chicago,,3525,Park Ave,41.917704412067195,-87.64767542355472,OSM
Chicago,,8117,Oak Ave,41.893734536294794,-87.58848775172311,OSM
Chicago,,2558,Maple Dr,41.862662531815765,-87.61217300170786,OSM
Chicago,,3417,Oak Ave,41.89232004522914,-87.65841134869073,OSM
Chicago,,8130,Park Ave,41.92366924809591,-87.65807345335618,OSM
Chicago,,2928,Washington Blvd,41.91161813897298,-87.65421053746657,OSM
Chicago,,4597,Washington Blvd,41.92689894972194,-87.58324034820224,OSM
Chicago,,7662,Washington Blvd,41.84153433155133,-87.59714564655314,OSM
Chicago,,6619,Maple Dr,41.87311090068123,-87.65209905583939,OSM
Chicago,,7099,Park Ave,41.91020028323151,-87.64912569894503,OSM
Chicago,,4084,Maple Dr,41.843858952564986,-87.60430180130874,OSM
Chicago,,7284,Maple Dr,41.87974965349098,-87.65832141569311,OSM
Chicago,,8050,Elm St,41.864978506477684,-87.67944870198339,OSM
Chicago,,3509,Park Ave,41.88189990023901,-87.59650958582722,OSM
Chicago,,584,Elm St,41.87391870470533,-87.60736247001466,OSM
Chicago,,3718,Elm St,41.836713610666315,-87.66785993775389,OSM
Chicago,,3264,Maple Dr,41.880993429484185,-87.60823176420001,OSM
Chicago,,2653,Oak Ave,41.8496373440589,-87.67473646817,OSM
Chicago,,1228,Park Ave,41.884303930077934,-87.65267356896865,OSM
Chicago,,4983,Maple Dr,41.9249558019927,-87.6795365507383,OSM
Chicago,,3949,Oak Ave,41.87066667400613,-87.64083819684232,OSM
Chicago,,2152,Main St,41.86024347632836,-87.63506792451645,OSM
Chicago,,2781,Oak Ave,41.86809524841033,-87.61970406292015,OSM
Chicago,,9139,Maple Dr,41.86541982093565,-87.66607264393166,OSM
Chicago,,7466,Washington Blvd,41.887818322351116,-87.65647928867494,OSM
Chicago,,5877,Oak Ave,41.89159958663568,-87.58468903506488,OSM
Chicago,,4652,Maple Dr,41.849457932735596,-87.61456008992742,OSM
Chicago,,6792,Main St,41.926217486976086,-87.61307554659443,OSM
Chicago,,7867,Elm St,41.92706671105062,-87.63772435010017,OSM
Chicago,,6608,Oak Ave,41.92660219746404,-87.66281795031914,OSM
Chicago,,8504,Elm St,41.92528455353003,-87.59818671240237,OSM
Chicago,,9478,Elm St,41.854776371114525,-87.62616260228904,OSM
Chicago,,7631,Park Ave,41.86443437873746,-87.59568484320951,OSM
Chicago,,2275,Oak Ave,41.90063340704737,-87.63390499283558,OSM
Chicago,,5623,Main St,41.89259321164305,-87.58279093154611,OSM
Chicago,,8119,Elm St,41.85158583048009,-87.656471362673,OSM
Chicago,,1736,Washington Blvd,41.92336010039989,-87.60865241455946,OSM
Chicago,,4822,Oak Ave,41.8654230410156,-87.6476683646329,OSM
Chicago,,9623,Washington Blvd,41.9279177214598,-87.6330470227706,OSM
Chicago,,1243,Park Ave,41.847255717005204,-87.65905025516608,OSM
Chicago,,3357,Maple Dr,41.84671260804542,-87.6382088490338,OSM
Chicago,,762,Park Ave,41.85926611705434,-87.66119800249633,OSM
Chicago,,2438,Elm St,41.850654190506305,-87.58635608217648,OSM
Chicago,,3560,Washington Blvd,41.846118913825094,-87.63519563590081,OSM
Chicago,,1628,Park Ave,41.85336489260348,-87.60869591772395,OSM
Chicago,,2907,Oak Ave,41.832121831793444,-87.63674619874853,OSM
Chicago,,9941,Elm St,41.83119541028495,-87.65162115561614,OSM
Chicago,,9922,Maple Dr,41.83910036576707,-87.60330915946861,OSM
Chicago,,7535,Washington Blvd,41.90171219320898,-87.67484357277057,OSM
Chicago,,9459,Elm St,41.83712210417786,-87.61930426880988,OSM
Chicago,,644,Oak Ave,41.92045848134144,-87.67073703607487,OSM
Chicago,,966,Elm St,41.86231945553257,-87.5945092519924,OSM
Chicago,,9670,Maple Dr,41.855533922569045,-87.61390705314385,OSM
Chicago,,8359,Main St,41.90213438444952,-87.60753714690853,OSM
Chicago,,3962,Maple Dr,41.83736060977086,-87.59158195326859,OSM
Chicago,,7611,Park Ave,41.8925983709521,-87.58880617641555,OSM
Chicago,,2532,Oak Ave,41.92459514084398,-87.67101358179205,OSM
Chicago,,4298,Main St,41.86681984766822,-87.6026919218241,OSM
Chicago,,4741,Maple Dr,41.86996719408815,-87.59275501014135,OSM
Chicago,,6742,Washington Blvd,41.83433082344115,-87.65171976226215,OSM
Chicago,,5494,Elm St,41.898894454702514,-87.61586939675426,OSM
Chicago,,3159,Maple Dr,41.908895532158844,-87.60672768688184,OSM
Chicago,,295,Main St,41.85562547666493,-87.62605139608092,OSM
Chicago,,6726,Maple Dr,41.83769454327083,-87.64907310219718,OSM
Chicago,,8789,Park Ave,41.906830325889025,-87.62616361748047,OSM
Chicago,,2474,Elm St,41.92108407713769,-87.65807873646827,OSM
Chicago,,3832,Maple Dr,41.8429811854847,-87.62096305712284,OSM
Chicago,,8161,Washington Blvd,41.91626173468334,-87.62330357537233,OSM
Chicago,,2827,Elm St,41.85687110111382,-87.61044458095695,OSM
Chicago,,9612,Elm St,41.86475271568472,-87.62676667709091,OSM
Chicago,,4197,Main St,41.84555699744006,-87.59742166781037,OSM
Chicago,,9329,Maple Dr,41.84101036037576,-87.61868449744382,OSM
Chicago,,5356,Washington Blvd,41.910545419606976,-87.64348713816277,OSM
Chicago,,2599,Elm St,41.875919136190205,-87.67262986242649,OSM
Chicago,,5083,Oak Ave,41.85405170459105,-87.66954083722354,OSM
Chicago,,5212,Maple Dr,41.83147967543691,-87.66321245384638,OSM
Chicago,,7554,Park Ave,41.856806006973464,-87.65630005922888,OSM
Chicago,,7802,Park Ave,41.92470951224641,-87.62378237653083,OSM
Chicago,,8437,Oak Ave,41.8922780724837,-87.63894854793351,OSM
Chicago,,5353,Main St,41.8943043322401,-87.62391352160708,OSM
Chicago,,2671,Washington Blvd,41.910227658340695,-87.60941547149896,OSM
Chicago,,9167,Park Ave,41.89085334564607,-87.6046074175392,OSM
Chicago,,3857,Park Ave,41.907822738951296,-87.60793689311538,OSM
Chicago,,9133,Oak Ave,41.90859777506311,-87.62436854211613,OSM
Chicago,,722,Maple Dr,41.85826717609992,-87.658944768034,OSM
Chicago,,5139,Park Ave,41.8420963538032,-87.60187883344544,OSM
Chicago,,1274,Main St,41.90665690652683,-87.6658145382816,OSM
Chicago,,1998,Main St,41.88362053516373,-87.62684841023474,OSM
Chicago,,1609,Washington Blvd,41.86556111253843,-87.62921904342116,OSM
Chicago,,4887,Elm St,41.88029034171306,-87.61634740310072,OSM
Chicago,,5980,Oak Ave,41.90769622360835,-87.59158887737304,OSM
Chicago,,8421,Washington Blvd,41.91912507848162,-87.61186317349359,OSM
Chicago,,3545,Elm St,41.87255256428682,-87.62201909470994,OSM
Chicago,,7217,Maple Dr,41.880125540439465,-87.65111981849266,OSM
Chicago,,3754,Washington Blvd,41.90996274981162,-87.64206100435153,OSM
Chicago,,8598,Park Ave,41.86394128329139,-87.62194882249912,OSM
Chicago,,1139,Maple Dr,41.87418409177496,-87.60335069475926,OSM
Chicago,,2562,Oak Ave,41.85864701250673,-87.61774424340774,OSM
Chicago,,4796,Main St,41.83372409190395,-87.6232667705428,OSM
Chicago,,6339,Maple Dr,41.8804757124624,-87.65727856805469,OSM
Chicago,,727,Washington Blvd,41.878151308625334,-87.63945144558856,OSM
Chicago,,8003,Park Ave,41.88557467387913,-87.59948926689569,OSM
Chicago,,9368,Main St,41.90221887935075,-87.65601763006616,OSM
Chicago,,2309,Maple Dr,41.84302071176023,-87.64367094921798,OSM
Chicago,,1546,Elm St,41.8466984684453,-87.58528415223554,OSM
Chicago,,9018,Washington Blvd,41.88673255709345,-87.64254957709481,OSM
Chicago,,3331,Main St,41.89759650468562,-87.65068612309511,OSM
Chicago,,7151,Main St,41.88447594417448,-87.65630725919858,OSM
Chicago,,225,Elm St,41.90540584394963,-87.63774217179437,OSM
Chicago,,8815,Park Ave,41.91954418922309,-87.67596071786394,OSM
Chicago,,821,Elm St,41.90813064021508,-87.67077225700794,OSM
Chicago,,332,Main St,41.82984303904615,-87.58987884760425,OSM
Chicago,,7415,Elm St,41.927734170281,-87.67769958182781,OSM
Chicago,,3425,Elm St,41.91657716071991,-87.63039096662553,OSM
Chicago,,7083,Washington Blvd,41.86111695985892,-87.67271422475015,OSM
Chicago,,7104,Main St,41.83533279127301,-87.63168565408776,OSM
Chicago,,3539,Elm St,41.834158000653154,-87.66748451337958,OSM
Chicago,,5154,Oak Ave,41.84912792331406,-87.64595384017836,OSM
Chicago,,9198,Oak Ave,41.841838973312896,-87.59159383770661,OSM
Chicago,,9754,Maple Dr,41.90695693804161,-87.65814280086514,OSM
Chicago,,1859,Main St,41.8835134113816,-87.64486901032838,OSM
Chicago,,1934,Maple Dr,41.82888960921791,-87.59815619569862,OSM
Chicago,,6661,Washington Blvd,41.90589874683786,-87.59897782595702,OSM
Chicago,,9160,Maple Dr,41.917042438402575,-87.61386175091445,OSM
Chicago,,8851,Main St,41.86093387218827,-87.66002096661484,OSM
Chicago,,3546,Elm St,41.91883366392972,-87.63849100998868,OSM
Chicago,,8213,Oak Ave,41.85214749231626,-87.58709037773106,OSM
Chicago,,6847,Main St,41.82915919510699,-87.65676059934367,OSM
Chicago,,854,Main St,41.84094555461972,-87.60380266926076,OSM
Chicago,,1104,Main St,41.865027130435394,-87.61448351825892,OSM
Chicago,,5458,Park Ave,41.900587000899804,-87.67709822679682,OSM
Chicago,,7312,Park Ave,41.87104212466554,-87.65449504087087,OSM
Chicago,,6620,Elm St,41.90507547026007,-87.62052566261491,OSM
Chicago,,7473,Maple Dr,41.911627533744756,-87.6450040396695,OSM
Chicago,,197,Oak Ave,41.863678922725526,-87.67232441922364,OSM
Chicago,,1218,Washington Blvd,41.925193761967,-87.63257800175255,OSM
Chicago,,4940,Oak Ave,41.839248704523136,-87.64585536888804,OSM
Chicago,,6131,Maple Dr,41.86392313276745,-87.60333415480706,OSM
Chicago,,8774,Main St,41.92735436344208,-87.58062102907992,OSM
Chicago,,8301,Washington Blvd,41.83554382671091,-87.63924591846391,OSM
Chicago,,9958,Maple Dr,41.911725754435615,-87.65519427128885,OSM
Chicago,,3726,Park Ave,41.921515460587734,-87.58935122635388,OSM
Chicago,,1912,Park Ave,41.87039401007568,-87.59631747008588,OSM
Chicago,,5090,Maple Dr,41.888186686825556,-87.6205442116777,OSM
Chicago,,6756,Main St,41.84699741722841,-87.62018091780035,OSM
Chicago,,5308,Elm St,41.86783057887061,-87.58245793458951,OSM
Chicago,,299,Elm St,41.89660645593786,-87.65467232553218,OSM
Chicago,,9996,Washington Blvd,41.873379796555895,-87.6084880808655,OSM
Chicago,,5293,Maple Dr,41.852587369346736,-87.67276841521355,OSM
Chicago,,9206,Park Ave,41.83470321560707,-87.67670572211308,OSM
Chicago,,269,Park Ave,41.92006666500839,-87.60144729873119,OSM
Chicago,,6542,Maple Dr,41.86632168761772,-87.64161840717851,OSM
Chicago,,28,Park Ave,41.89745337471943,-87.58419423252789,OSM
Chicago,,7351,Park Ave,41.855454152490985,-87.60732076313323,OSM
Chicago,,9271,Washington Blvd,41.86827878350406,-87.64162018637833,OSM
Chicago,,353,Main St,41.85282647454422,-87.65247553901749,OSM
Chicago,,3532,Maple Dr,41.90070603952448,-87.58147923827838,OSM
Chicago,,5905,Park Ave,41.84545937189429,-87.64894775321473,OSM
Chicago,,1583,Maple Dr,41.872348070306565,-87.62815769314402,OSM
Chicago,,7315,Oak Ave,41.8692995567576,-87.63815061562433,OSM
Chicago,,9649,Park Ave,41.83323106250477,-87.64731692243653,OSM
Chicago,,6573,Park Ave,41.86291649263055,-87.61695111939396,OSM
Chicago,,7737,Elm St,41.92654085470428,-87.66256301635963,OSM
Chicago,,6075,Elm St,41.831294690874095,-87.66856019448622,OSM
Chicago,,1760,Oak Ave,41.919959373161745,-87.63082231524119,OSM
Chicago,,1110,Elm St,41.83443807253597,-87.63966378698127,OSM
Chicago,,9630,Park Ave,41.85831181983238,-87.64021384165429,OSM
Chicago,,6115,Elm St,41.85520623307371,-87.59628382325434,OSM
Chicago,,2804,Oak Ave,41.922093159179994,-87.66584427023459,OSM
Chicago,,3598,Washington Blvd,41.924265151759684,-87.59157011330618,OSM
Chicago,,6931,Oak Ave,41.855059568798644,-87.63746162517033,OSM
Chicago,,4723,Maple Dr,41.88563196813035,-87.66205279077279,OSM
Chicago,,9051,Washington Blvd,41.92746193464523,-87.58294170383027,OSM
Chicago,,9735,Maple Dr,41.916067532941774,-87.64356909771763,OSM
Chicago,,8802,Oak Ave,41.85115214135507,-87.62266715150241,OSM
Chicago,,4005,Elm St,41.846554001475766,-87.6565654638739,OSM
Chicago,,7759,Elm St,41.89920256516389,-87.59281278501037,OSM
Chicago,,9895,Washington Blvd,41.837842677341776,-87.66539347631736,OSM
Chicago,,2880,Washington Blvd,41.85046826924038,-87.62319189026024,OSM
Chicago,,7236,Maple Dr,41.83871898541303,-87.63890508906594,OSM
Chicago,,2845,Elm St,41.92693388135063,-87.60323678536734,OSM
Chicago,,6755,Washington Blvd,41.84371976309752,-87.67309543378649,OSM
Chicago,,6442,Oak Ave,41.91973586053643,-87.58075600643856,OSM
Chicago,,4600,Main St,41.923497128059076,-87.64643168597496,OSM
Chicago,,9442,Park Ave,41.91669808952203,-87.58957057761715,OSM
Chicago,,3476,Park Ave,41.8555324466113,-87.6611301995463,OSM
Chicago,,3061,Park Ave,41.86323172308433,-87.67461567171065,OSM
Chicago,,3813,Main St,41.833001839021605,-87.64619989916815,OSM
Chicago,,9500,Park Ave,41.89023062432356,-87.63384231937683,OSM
Chicago,,3908,Washington Blvd,41.87688979701491,-87.60422145025139,OSM
Chicago,,7763,Elm St,41.89401937288933,-87.60917152115306,OSM
Chicago,,6189,Main St,41.916802655656795,-87.66023049896283,OSM
Chicago,,9310,Park Ave,41.86117850577515,-87.63723528030162,OSM
Chicago,,6992,Elm St,41.91802185287674,-87.63242333161907,OSM
Chicago,,4152,Oak Ave,41.88685633180467,-87.62957318968354,OSM
Chicago,,6248,Park Ave,41.90913908606942,-87.62852805747389,OSM
Chicago,,328,Maple Dr,41.89476763139164,-87.67607145119861,OSM
Chicago,,1611,Park Ave,41.91049642757884,-87.59213461946008,OSM
Chicago,,9610,Washington Blvd,41.83018517772643,-87.59425009044811,OSM
Chicago,,6851,Elm St,41.83546729234627,-87.6711411068423,OSM
Chicago,,1697,Washington Blvd,41.87784288875682,-87.61919806790144,OSM
Chicago,,9733,Elm St,41.830182474715485,-87.60731390123614,OSM
Chicago,,8880,Maple Dr,41.920872143572765,-87.64687186853392,OSM
Chicago,,3524,Maple Dr,41.91733355417886,-87.61573196770902,OSM
Chicago,,1543,Washington Blvd,41.841682401099824,-87.62245213195474,OSM
Chicago,,3863,Oak Ave,41.84944648047993,-87.67270123978658,OSM
Chicago,,6016,Elm St,41.83216724002385,-87.60632645311577,OSM
Chicago,,3279,Maple Dr,41.83082311527465,-87.60213649140746,OSM
Chicago,,9428,Washington Blvd,41.833085818764395,-87.61667156432351,OSM
Chicago,,1452,Washington Blvd,41.89193407556826,-87.61671843871248,OSM
Chicago,,1531,Park Ave,41.92807281056797,-87.67810913462806,OSM
Chicago,,7695,Washington Blvd,41.91794244170041,-87.58082965099798,OSM
Chicago,,4974,Maple Dr,41.89748057497844,-87.62185091511107,OSM
Chicago,,1571,Elm St,41.87555496527559,-87.63757017218869,OSM
Chicago,,1418,Washington Blvd,41.86670233669169,-87.65592960203635,OSM
Chicago,,1879,Maple Dr,41.908081562355804,-87.60998865053296,OSM
Chicago,,2200,Oak Ave,41.92712820047161,-87.62489092472828,OSM
Chicago,,6323,Elm St,41.86108881810974,-87.65801120743735,OSM
Chicago,,7742,Maple Dr,41.9147522359434,-87.63803920642347,OSM
Chicago,,803,Washington Blvd,41.92452011229371,-87.61253895445624,OSM
Chicago,,946,Oak Ave,41.89067119911443,-87.61564867231728,OSM
Chicago,,2747,Main St,41.914011078017545,-87.63385841751871,OSM
Chicago,,4323,Park Ave,41.84739521237186,-87.6534993846432,OSM
Chicago,,949,Elm St,41.90283484654168,-87.6047988247231,OSM
Chicago,,6436,Washington Blvd,41.87170472441593,-87.67785315965968,OSM
Chicago,,4507,Main St,41.89615721049137,-87.59035477381903,OSM
Chicago,,6364,Elm St,41.844852175304425,-87.67141231193717,OSM
Chicago,,2156,Elm St,41.89137319302822,-87.64651663243313,OSM
Chicago,,4255,Maple Dr,41.86569147613142,-87.58023399106834,OSM
Chicago,,6150,Main St,41.87586968092854,-87.62349400504137,OSM
Chicago,,1644,Elm St,41.85790127020926,-87.660145322257,OSM
Chicago,,4141,Washington Blvd,41.83789678946631,-87.6510137604093,OSM
Chicago,,7466,Elm St,41.83198549137467,-87.62231164250672,OSM
Chicago,,2284,Elm St,41.90674182970295,-87.65067682765698,OSM
Chicago,,1013,Washington Blvd,41.876120902203226,-87.61171528629072,OSM
Chicago,,8111,Maple Dr,41.890517319282914,-87.59305695377223,OSM
Chicago,,1295,Maple Dr,41.90480205978407,-87.67955805755399,OSM
Chicago,,2783,Elm St,41.88705099652067,-87.6613675834466,OSM
Chicago,,6023,Maple Dr,41.92437175353037,-87.61719549642636,OSM
Chicago,,9891,Park Ave,41.86609689034515,-87.6779334809768,OSM
Chicago,,3519,Main St,41.888934504733726,-87.60061919026018,OSM
Chicago,,1072,Park Ave,41.842376027274405,-87.67424137648227,OSM
Chicago,,1965,Main St,41.921042799153376,-87.5811858057941,OSM
Chicago,,9135,Oak Ave,41.92434633630888,-87.58985813707687,OSM
Chicago,,3289,Maple Dr,41.880712507638385,-87.58695875008313,OSM
Chicago,,1159,Elm St,41.92682462057908,-87.67255307029279,OSM
Chicago,,2220,Washington Blvd,41.85670083373886,-87.65453663840971,OSM
Chicago,,7587,Maple Dr,41.891224213346334,-87.65172378870061,OSM
Chicago,,5350,Oak Ave,41.83167253821245,-87.6026388438618,OSM
Chicago,,4767,Park Ave,41.84095549022428,-87.61988065637892,OSM
Chicago,,1831,Oak Ave,41.91825272643729,-87.65224465503634,OSM
Chicago,,8119,Washington Blvd,41.888078759084756,-87.6019099260036,OSM
Chicago,,6266,Park Ave,41.92085258100809,-87.67959514793047,OSM
Chicago,,3064,Washington Blvd,41.923826391124415,-87.62287266756267,OSM
Chicago,,9015,Oak Ave,41.90846747513147,-87.67870922957287,OSM
Chicago,,2358,Main St,41.89673195029819,-87.61813448127457,OSM
Chicago,,2110,Washington Blvd,41.851748941869594,-87.66393017591034,OSM
Chicago,,1239,Elm St,41.84443413302324,-87.62507764733905,OSM
Chicago,,5925,Park Ave,41.87286364873218,-87.63828545139798,OSM
Chicago,,9311,Oak Ave,41.89075876898754,-87.66272929218627,OSM
Chicago,,7754,Main St,41.923620316181186,-87.66052465185007,OSM
Chicago,,9213,Elm St,41.84699689283622,-87.59835639006008,OSM
Chicago,,8166,Oak Ave,41.82901017835195,-87.63328248418709,OSM
Chicago,,5567,Elm St,41.840543976995114,-87.65654893639869,OSM
Chicago,,1258,Park Ave,41.91989096536035,-87.66202062327535,OSM
Chicago,,1032,Maple Dr,41.924042864486246,-87.60438217878406,OSM
Chicago,,7001,Washington Blvd,41.865805694006056,-87.63347362212691,OSM
Chicago,,7505,Maple Dr,41.8393645275274,-87.65034620922022,OSM
Chicago,,2025,Oak Ave,41.8639880099614,-87.63867631033577,OSM
Chicago,,5653,Elm St,41.886835032863736,-87.60598164976052,OSM
Chicago,,6834,Maple Dr,41.86820291967382,-87.64328012878286,OSM
Chicago,,532,Washington Blvd,41.84442947872095,-87.59153260136178,OSM
Chicago,,7952,Park Ave,41.883870747379866,-87.64277932183164,OSM
Chicago,,5969,Main St,41.87153360944129,-87.62047290752933,OSM
Chicago,,4566,Park Ave,41.91011523230935,-87.66059222457822,OSM
Chicago,,674,Main St,41.856407165542585,-87.67016508468133,OSM
Chicago,,974,Main St,41.83003729393818,-87.61854564880863,OSM
Chicago,,3354,Elm St,41.90156530031554,-87.60018925022767,OSM
Chicago,,3809,Oak Ave,41.84862084704133,-87.60350983312426,OSM
Chicago,,4062,Park Ave,41.84247861790112,-87.61140910604675,OSM
Chicago,,2006,Oak Ave,41.90636478987482,-87.63300654632074,OSM
Chicago,,6750,Park Ave,41.87604441209517,-87.60173705140264,OSM
Chicago,,706,Park Ave,41.867603165848095,-87.65899224502013,OSM
Chicago,,3874,Oak Ave,41.876446689608464,-87.67042470740702,OSM
Chicago,,6771,Oak Ave,41.90377312741052,-87.62076434139601,OSM
Chicago,,2293,Park Ave,41.86218168738473,-87.6327389141743,OSM
Chicago,,2637,Oak Ave,41.89618628724511,-87.6624465780264,OSM
Chicago,,3428,Oak Ave,41.90465159182531,-87.6166819934512,OSM
Chicago,,2201,Washington Blvd,41.91557497138854,-87.67649469558344,OSM
Chicago,,8183,Washington Blvd,41.83702294622593,-87.64234218153422,OSM
Chicago,,395,Maple Dr,41.85507707661185,-87.65930618436568,OSM
Chicago,,2487,Washington Blvd,41.84227180693758,-87.59371841019654,OSM
Chicago,,5291,Elm St,41.87763889329082,-87.67007147546782,OSM
Chicago,,2383,Park Ave,41.91374083046564,-87.61536760381763,OSM
Chicago,,9079,Oak Ave,41.87897750450528,-87.59100789780479,OSM
Chicago,,3004,Washington Blvd,41.868477725214284,-87.6734892843214,OSM
Chicago,,7550,Park Ave,41.88121287976491,-87.665012469362,OSM
Chicago,,7065,Main St,41.85649460101808,-87.64430354644993,OSM
Chicago,,4219,Main St,41.915771064030984,-87.61006247917759,OSM
Chicago,,8905,Maple Dr,41.912519897791164,-87.58936489552786,OSM
Chicago,,5196,Park Ave,41.83937092227993,-87.59284266457435,OSM
Chicago,,5834,Washington Blvd,41.9069070934445,-87.60245861273607,OSM
Chicago,,4090,Elm St,41.84757944328187,-87.6273059747232,OSM
Chicago,,19,Maple Dr,41.844923450469686,-87.62512364176416,OSM
Chicago,,3278,Main St,41.867897874520644,-87.58619617868548,OSM
Chicago,,332,Main St,41.889457986992355,-87.62404526859909,OSM
Chicago,,6443,Elm St,41.89207012905117,-87.65849468914874,OSM
Chicago,,4911,Park Ave,41.832527261080756,-87.66567564445974,OSM
Chicago,,8182,Park Ave,41.919646253114756,-87.61552438394386,OSM
Chicago,,4197,Elm St,41.9178101176883,-87.6049241474334,OSM
Chicago,,8655,Elm St,41.8490180772138,-87.61106423056813,OSM
Chicago,,2599,Oak Ave,41.847197604590846,-87.66793008099269,OSM
Chicago,,2915,Main St,41.83948072266796,-87.60147655415308,OSM
Chicago,,29,Main St,41.86184812550606,-87.6553070297839,OSM
Chicago,,1594,Main St,41.87616699775747,-87.66927318152419,OSM
Chicago,,1432,Park Ave,41.85433927195907,-87.60053866956684,OSM
Chicago,,7414,Maple Dr,41.86641272154214,-87.6522345740633,OSM
Chicago,,6827,Main St,41.852761218022735,-87.62615032045164,OSM
Chicago,,3042,Park Ave,41.86268791050666,-87.61900102522215,OSM
Chicago,,9355,Elm St,41.84697253221256,-87.6116395595068,OSM
Chicago,,3756,Maple Dr,41.836089471239745,-87.66858695471316,OSM
Chicago,,5394,Washington Blvd,41.912492190975485,-87.6090396061096,OSM
Chicago,,7409,Park Ave,41.9174739606718,-87.65994869953634,OSM
Chicago,,7228,Oak Ave,41.85826917147182,-87.64085698018185,OSM
Chicago,,8831,Oak Ave,41.90326793116309,-87.64316911775641,OSM
Chicago,,8479,Elm St,41.8512007038005,-87.66072675393022,OSM
Chicago,,9757,Park Ave,41.910733353523796,-87.59493331012854,OSM
Chicago,,9724,Maple Dr,41.884333436060935,-87.59195522046339,OSM
Chicago,,6255,Maple Dr,41.829633224596904,-87.6382840880653,OSM
Chicago,,8386,Washington Blvd,41.88489953830543,-87.64182628160219,OSM
Chicago,,2148,Park Ave,41.88174649916027,-87.66520058033257,OSM
Chicago,,7811,Oak Ave,41.8574513378429,-87.6679051844254,OSM
Chicago,,9729,Washington Blvd,41.87169066559273,-87.60288042239202,OSM
Chicago,,2774,Washington Blvd,41.87134482716218,-87.67297271279877,OSM
Chicago,,2918,Elm St,41.86348920125627,-87.60742959758967,OSM
Chicago,,1104,Washington Blvd,41.867911317646616,-87.64096651433435,OSM
Chicago,,9911,Maple Dr,41.92596572865166,-87.62129080339336,OSM
Chicago,,4049,Oak Ave,41.847424538189166,-87.63252224546854,OSM
Chicago,,5913,Maple Dr,41.8547154158603,-87.58529028317795,OSM
Chicago,,1988,Elm St,41.87120070851626,-87.67747352605844,OSM
Chicago,,3871,Elm St,41.8362081820037,-87.59448696096278,OSM
Chicago,,6219,Washington Blvd,41.8839470233524,-87.63357821409711,OSM
Chicago,,2791,Park Ave,41.926678700117705,-87.5991210865711,OSM
Chicago,,4802,Main St,41.87995111842631,-87.5982560561962,OSM
Chicago,,915,Park Ave,41.91414690704086,-87.58385443013681,OSM
Chicago,,6006,Main St,41.920047793614195,-87.64524795015856,OSM
Chicago,,3189,Elm St,41.865389775281606,-87.60898099389392,OSM
Chicago,,1811,Main St,41.882468980295656,-87.61770703585786,OSM
Chicago,,4537,Elm St,41.88035460908979,-87.58871487876351,OSM
Chicago,,180,Elm St,41.92517677121525,-87.64457507323493,OSM
Chicago,,1722,Park Ave,41.83376225409556,-87.63402287966264,OSM
Chicago,,49,Park Ave,41.890949099301224,-87.62244390488071,OSM
Chicago,,8041,Oak Ave,41.905316548540256,-87.64133936434347,OSM
Chicago,,3229,Main St,41.91397475735834,-87.61986676564315,OSM
Chicago,,6512,Park Ave,41.887617826206814,-87.66802112509622,OSM
Chicago,,8240,Washington Blvd,41.92412650177044,-87.63268472949736,OSM
Chicago,,286,Elm St,41.91553813875552,-87.5968041499041,OSM
Chicago,,4525,Elm St,41.82989961700533,-87.60503483695952,OSM
Chicago,,7512,Oak Ave,41.925865296556005,-87.66064100970979,OSM
Chicago,,7602,Maple Dr,41.927510132815556,-87.60061034834372,OSM
Chicago,,1054,Elm St,41.880957426967505,-87.61814451834783,OSM
Chicago,,8268,Oak Ave,41.851195073401236,-87.65664352919741,OSM
Chicago,,4185,Main St,41.865429234457466,-87.66163914517325,OSM
Chicago,,5457,Elm St,41.86519627824158,-87.67738723805972,OSM
Chicago,,7097,Elm St,41.860732467286724,-87.6339799488871,OSM
Chicago,,5132,Park Ave,41.86296220837152,-87.62835858471132,OSM
Chicago,,8122,Washington Blvd,41.85824217838225,-87.59301473869806,OSM
Chicago,,6906,Elm St,41.880902034146516,-87.62189116142682,OSM
Chicago,,654,Oak Ave,41.90695903213323,-87.62745926511452,OSM
Chicago,,2113,Elm St,41.87559153907358,-87.61988593448281,OSM
Chicago,,8004,Park Ave,41.913377938314106,-87.59052777213151,OSM
Chicago,,1069,Elm St,41.92757417070266,-87.6156931214923,OSM
Chicago,,3147,Maple Dr,41.846009430248806,-87.6785510234217,OSM
Chicago,,9630,Park Ave,41.86074005226768,-87.66230045732655,OSM
Chicago,,6806,Park Ave,41.83938736249962,-87.59311460580271,OSM
Chicago,,9844,Oak Ave,41.893809410318795,-87.58151926203723,OSM
Chicago,,3162,Washington Blvd,41.862061011153564,-87.67273426281909,OSM
Chicago,,5732,Elm St,41.896511177298635,-87.66408802388918,OSM
Chicago,,1856,Park Ave,41.89563842691628,-87.67324247355971,OSM
Chicago,,5171,Maple Dr,41.923209239856405,-87.59538690202474,OSM
Chicago,,2056,Main St,41.926449296799596,-87.61416607071779,OSM
Chicago,,2142,Park Ave,41.886264648049725,-87.6729907396799,OSM
Chicago,,325,Maple Dr,41.908846325224864,-87.59153106034046,OSM
Chicago,,2968,Washington Blvd,41.87075398859257,-87.6040046565726,OSM
Chicago,,7229,Maple Dr,41.907629052553744,-87.66007898021586,OSM
Chicago,,4702,Elm St,41.90242291871278,-87.64045805405875,OSM
Chicago,,3881,Oak Ave,41.919300614361774,-87.67607047319952,OSM
Chicago,,9157,Washington Blvd,41.84161310494901,-87.6143072727274,OSM
Chicago,,3746,Elm St,41.847304812403,-87.6216558167189,OSM
Chicago,,3273,Elm St,41.91445166419586,-87.6122411046066,OSM
Chicago,,8439,Elm St,41.90830023623974,-87.59474509410302,OSM
Chicago,,3278,Elm St,41.908720311411216,-87.60546531752615,OSM
Chicago,,1116,Washington Blvd,41.90474839107741,-87.62914219203535,OSM
Chicago,,865,Main St,41.83834060911791,-87.617381073563,OSM
Chicago,,2595,Oak Ave,41.83529816677023,-87.6249846751779,OSM
Chicago,,8817,Main St,41.85076250153941,-87.65342552213795,OSM
Chicago,,7377,Park Ave,41.92418262654953,-87.60065909314348,OSM
Chicago,,5154,Washington Blvd,41.90242971962734,-87.66648830221254,OSM
Chicago,,5611,Oak Ave,41.88912471494573,-87.62963537736492,OSM
Chicago,,8791,Elm St,41.88298112161373,-87.62604623210602,OSM
Chicago,,755,Elm St,41.91572517112559,-87.61163614223305,OSM
Chicago,,1413,Oak Ave,41.86388777927467,-87.65695644146449,OSM
Chicago,,8216,Washington Blvd,41.883131648680276,-87.64791652050454,OSM
Chicago,,5379,Main St,41.83635213876684,-87.62433635220843,OSM
Chicago,,6787,Main St,41.90523881435212,-87.59979519827091,OSM
Chicago,,7239,Elm St,41.9035382068517,-87.64950342838397,OSM
Chicago,,1892,Washington Blvd,41.85641372613026,-87.66596976544196,OSM
Chicago,,7703,Main St,41.871636380353436,-87.62700697042341,OSM
Chicago,,6381,Maple Dr,41.85970049089488,-87.6712363495135,OSM
Chicago,,817,Oak Ave,41.85834136864527,-87.67003107660115,OSM
Chicago,,6421,Elm St,41.84883390255682,-87.59788438479062,OSM
Chicago,,2504,Oak Ave,41.86177552655473,-87.66094747409217,OSM
Chicago,,8895,Maple Dr,41.8397614560802,-87.59857874788926,OSM
Chicago,,3883,Oak Ave,41.84220559607344,-87.61384047198369,OSM
Chicago,,6220,Main St,41.85479555968175,-87.61775082037525,OSM
Chicago,,1041,Main St,41.88278954641954,-87.61619739310946,OSM
Chicago,,2585,Maple Dr,41.85217509371316,-87.62612397782166,OSM
Chicago,,8394,Maple Dr,41.854039173835034,-87.67496638255685,OSM
Chicago,,1772,Main St,41.88510957828588,-87.6043498963448,OSM
Chicago,,2259,Elm St,41.919890350755416,-87.65767827430903,OSM
Chicago,,8854,Washington Blvd,41.8519483067507,-87.6286439994565,OSM
Chicago,,5330,Park Ave,41.910064553890294,-87.58313134584547,OSM
Chicago,,6965,Park Ave,41.87686902319701,-87.58513242954261,OSM
Chicago,,3831,Oak Ave,41.83578011591555,-87.63855078549001,OSM
Chicago,,6475,Main St,41.91190577871468,-87.6753886212887,OSM
Chicago,,5905,Washington Blvd,41.89065723455825,-87.63728952663837,OSM
Chicago,,1405,Elm St,41.91019833381664,-87.66591322661233,OSM
Chicago,,9151,Park Ave,41.850425570549454,-87.65776205680865,OSM
Chicago,,9759,Washington Blvd,41.866523698475326,-87.60142628760558,OSM
Chicago,,1204,Park Ave,41.890223850564134,-87.59654628029247,OSM
Chicago,,8484,Maple Dr,41.84761214932318,-87.62029101859153,OSM
Chicago,,1854,Maple Dr,41.851439987484355,-87.59349941586515,OSM
Chicago,,8021,Park Ave,41.839747235793446,-87.58503226575418,OSM
Chicago,,5063,Oak Ave,41.856398194921226,-87.62908004353349,OSM
Chicago,,2356,Elm St,41.908940549387,-87.67816850431143,OSM
Chicago,,1055,Washington Blvd,41.918273762218284,-87.64288197304309,OSM
Chicago,,6943,Park Ave,41.86231919383038,-87.64641359138987,OSM
Chicago,,4522,Washington Blvd,41.86702973107931,-87.5861064425631,OSM
Chicago,,3625,Maple Dr,41.829838047218516,-87.61362553268016,OSM
Chicago,,1752,Oak Ave,41.85439196262885,-87.65185611567823,OSM
Chicago,,5904,Park Ave,41.8580188635632,-87.62166422325154,OSM
Chicago,,8372,Elm St,41.901905129270666,-87.61811324330242,OSM
Chicago,,7664,Elm St,41.924259349640515,-87.64170232320436,OSM
Chicago,,5422,Washington Blvd,41.91926704013966,-87.63697067371577,OSM
Chicago,,7898,Maple Dr,41.85107684329328,-87.63331580862122,OSM
Chicago,,8289,Oak Ave,41.82902264361426,-87.67225627551713,OSM
Chicago,,6951,Park Ave,41.83527145341195,-87.62762990203106,OSM
Chicago,,2147,Washington Blvd,41.860662607124354,-87.60923550211278,OSM
Chicago,,2167,Maple Dr,41.917562784837905,-87.65617000822094,OSM
Chicago,,2505,Main St,41.844135101369105,-87.67356213808455,OSM
Chicago,,8116,Washington Blvd,41.86413836343126,-87.67037026897478,OSM
Chicago,,4611,Oak Ave,41.9027715231589,-87.63558499749422,OSM
Chicago,,7401,Park Ave,41.91630418945148,-87.5971521896577,OSM
Chicago,,1085,Elm St,41.86099402101338,-87.66273428180192,OSM
Chicago,,6195,Main St,41.906037397395586,-87.63372662644262,OSM
Chicago,,5574,Oak Ave,41.915979933128355,-87.6574193237119,OSM
Chicago,,4692,Elm St,41.909219343269505,-87.62781398011666,OSM
Chicago,,8562,Oak Ave,41.87961131037967,-87.60085005877922,OSM
Chicago,,1417,Oak Ave,41.8874630400648,-87.58898717528092,OSM
Chicago,,2461,Oak Ave,41.85897060951199,-87.65001753961411,OSM
Chicago,,6111,Park Ave,41.909498131154415,-87.6126069570761,OSM
Chicago,,9749,Main St,41.91292370627066,-87.595189471014,OSM
Chicago,,7392,Park Ave,41.91315377717032,-87.62722825080402,OSM
Chicago,,7616,Main St,41.894717190417744,-87.66046590831453,OSM
Chicago,,888,Washington Blvd,41.89274348713725,-87.62726959152795,OSM
Chicago,,5147,Main St,41.857607511713475,-87.66858048943168,OSM
Chicago,,2604,Oak Ave,41.8315712058382,-87.6374199981483,OSM
Chicago,,2528,Elm St,41.90650399541559,-87.63189613712558,OSM
Chicago,,7677,Elm St,41.86434757990987,-87.67754805997386,OSM
Chicago,,5889,Washington Blvd,41.86671461923798,-87.5990334555432,OSM
Chicago,,1218,Maple Dr,41.873501709883854,-87.6208372321101,OSM
Chicago,,7359,Main St,41.84063180275545,-87.58845514412349,OSM
Chicago,,8679,Park Ave,41.85991692416626,-87.637532414322,OSM
Chicago,,5697,Oak Ave,41.89860299327824,-87.60909067073698,OSM
Chicago,,6809,Washington Blvd,41.85052722639722,-87.66925400817789,OSM
Chicago,,2453,Maple Dr,41.8351903964057,-87.6377005281092,OSM
Chicago,,2413,Main St,41.92157337101145,-87.62343073836233,OSM
Chicago,,9548,Oak Ave,41.87694604242857,-87.62610173306558,OSM
Chicago,,6121,Washington Blvd,41.83222585772078,-87.63117031914324,OSM
Chicago,,3406,Oak Ave,41.845523995065285,-87.66466361753903,OSM
Chicago,,7688,Maple Dr,41.899238202167226,-87.62188795869446,OSM
Chicago,,8562,Park Ave,41.91802210162419,-87.63550083105311,OSM
Chicago,,5408,Main St,41.89764095431943,-87.67445499956145,OSM
Chicago,,6302,Maple Dr,41.88675948674059,-87.58636712688569,OSM
Chicago,,424,Maple Dr,41.84031793740211,-87.58021593203479,OSM
Chicago,,9297,Washington Blvd,41.84643854318224,-87.65531836349584,OSM
Chicago,,5346,Elm St,41.8619465743074,-87.62963193641345,OSM
Chicago,,2559,Maple Dr,41.871597783212074,-87.67112761903202,OSM
Chicago,,4365,Washington Blvd,41.89712841383024,-87.60827463435272,OSM
Chicago,,9858,Main St,41.88019536503127,-87.64593160750545,OSM
Chicago,,9898,Park Ave,41.907128840922915,-87.66700332916318,OSM
Chicago,,9212,Maple Dr,41.83628060708426,-87.5854384678891,OSM
Chicago,,37,Elm St,41.8820483266813,-87.66507575246277,OSM
Chicago,,1328,Park Ave,41.89595883705537,-87.585099228044,OSM
Chicago,,7857,Oak Ave,41.924180897439015,-87.5900922557525,OSM
Chicago,,8846,Elm St,41.847092708547734,-87.67860375685389,OSM
Chicago,,9157,Park Ave,41.90340379303187,-87.58845168775075,OSM
Chicago,,1900,Elm St,41.9051848834064,-87.67751617182034,OSM
Chicago,,9102,Maple Dr,41.89571637832751,-87.59728086758344,OSM
Chicago,,5480,Park Ave,41.91777589436456,-87.5897220274592,OSM
Chicago,,7880,Elm St,41.82828561442466,-87.67422181756018,OSM
Chicago,,4447,Oak Ave,41.860990060315956,-87.59646441602038,OSM
Chicago,,2880,Washington Blvd,41.84074940189434,-87.67360084187109,OSM
Chicago,,8537,Oak Ave,41.91696980186599,-87.6303516492869,OSM
Chicago,,8025,Park Ave,41.86891718427973,-87.62810695040403,OSM
Chicago,,5702,Oak Ave,41.85985398081767,-87.6045395288602,OSM
Chicago,,6538,Maple Dr,41.907288962286685,-87.60679032231239,OSM
Chicago,,4531,Park Ave,41.85614405031905,-87.61939256352318,OSM
Chicago,,554,Washington Blvd,41.83858195954013,-87.63729074956686,OSM
Chicago,,5764,Oak Ave,41.850531063487736,-87.6196554200669,OSM
Chicago,,5842,Main St,41.88401609484269,-87.67723674733635,OSM
Chicago,,8029,Elm St,41.89049611350261,-87.59373322901494,OSM
Chicago,,5519,Elm St,41.863072302981365,-87.59975277039578,OSM
Chicago,,5600,Park Ave,41.86654066996129,-87.66198439633679,OSM
Chicago,,2932,Oak Ave,41.88488090709221,-87.67299291620854,OSM
Chicago,,4540,Oak Ave,41.8699152436977,-87.58699164389931,OSM
Chicago,,6197,Main St,41.84449473171223,-87.5809488440828,OSM
Chicago,,1416,Elm St,41.89379994231711,-87.67065276696508,OSM
Chicago,,9475,Main St,41.87179238192698,-87.62795020243242,OSM
Chicago,,9588,Elm St,41.865557447255505,-87.60299891348396,OSM
Chicago,,8899,Oak Ave,41.86845904675402,-87.5827883756759,OSM
Chicago,,233,Park Ave,41.86421586195954,-87.64888412772017,OSM
Chicago,,5890,Main St,41.888777800967915,-87.60129047955962,OSM
Chicago,,2409,Oak Ave,41.831134226345405,-87.60929564258001,OSM
Chicago,,6021,Park Ave,41.89666972026088,-87.59480253874368,OSM
Chicago,,6331,Oak Ave,41.885917743369454,-87.66308589374675,OSM
Chicago,,2072,Park Ave,41.92420094360319,-87.66336100091077,OSM
Chicago,,8611,Park Ave,41.90089516232058,-87.61722809894842,OSM
Chicago,,1714,Washington Blvd,41.87652462697996,-87.64037958179797,OSM
Chicago,,5252,Oak Ave,41.92426897348119,-87.67700572923486,OSM
Chicago,,4939,Park Ave,41.906856023485254,-87.6011233321252,OSM
Chicago,,4621,Washington Blvd,41.92103640892239,-87.6185842943139,OSM
Chicago,,4734,Washington Blvd,41.87647068113427,-87.67095823544277,OSM
Chicago,,1981,Maple Dr,41.91755400751995,-87.64059210424047,OSM
Chicago,,2396,Elm St,41.91769060598395,-87.59868525883734,OSM
Chicago,,2111,Oak Ave,41.89411483205006,-87.62241075914527,OSM
Chicago,,571,Maple Dr,41.842716453292695,-87.58543541206708,OSM
Chicago,,3322,Maple Dr,41.89603506105764,-87.5938241844023,OSM
Chicago,,6589,Washington Blvd,41.86799435720546,-87.62019922175531,OSM
Chicago,,7246,Park Ave,41.87665563730229,-87.63211808566288,OSM
Chicago,,8995,Elm St,41.885263623699274,-87.65805990417792,OSM
Chicago,,1941,Washington Blvd,41.91257103344717,-87.6781869561259,OSM
Chicago,,7518,Park Ave,41.902728077275505,-87.64222137689036,OSM
Chicago,,4966,Maple Dr,41.83637824391313,-87.60430826261744,OSM
Chicago,,6622,Oak Ave,41.87864502691713,-87.65768239405962,OSM
Chicago,,9665,Main St,41.8862007405442,-87.6709826569753,OSM
Chicago,,3002,Park Ave,41.9255868942567,-87.6346666537619,OSM
Chicago,,6052,Park Ave,41.84001032770818,-87.6440836125619,OSM
Chicago,,9476,Maple Dr,41.87890935665728,-87.61712758140527,OSM
Chicago,,4913,Park Ave,41.841657132387496,-87.61288908405155,OSM
Chicago,,9677,Main St,41.913219015658164,-87.67021696727282,OSM
Chicago,,2363,Washington Blvd,41.873066295067424,-87.6774684474567,OSM
Chicago,,9228,Main St,41.845799718807044,-87.66460476264568,OSM
Chicago,,3507,Washington Blvd,41.92471546470899,-87.66129719316228,OSM
Chicago,,9827,Main St,41.91439967782233,-87.65135224965084,OSM
Chicago,,7688,Oak Ave,41.906279842866596,-87.60767022648278,OSM
Chicago,,3229,Elm St,41.83485907633772,-87.62749628298448,OSM
Chicago,,3594,Park Ave,41.908704514684246,-87.670771036321,OSM
Chicago,,5777,Oak Ave,41.85306308802598,-87.66447494372937,OSM
Chicago,,5329,Washington Blvd,41.92132108941189,-87.64671735793705,OSM
Chicago,,3521,Main St,41.92034009109748,-87.62103598831725,OSM
Chicago,,108,Washington Blvd,41.870636865117035,-87.58404088559902,OSM
Chicago,,5379,Maple Dr,41.87221463732766,-87.65577796214166,OSM
Chicago,,1662,Main St,41.92295283002376,-87.66190114327523,OSM
Chicago,,6319,Main St,41.87697049832139,-87.61491753133815,OSM
Chicago,,1672,Park Ave,41.850875281509474,-87.62404409944251,OSM
Chicago,,6680,Oak Ave,41.91612699380175,-87.66115932805555,OSM
Chicago,,644,Washington Blvd,41.91463484014185,-87.63093014670815,OSM
Chicago,,5536,Washington Blvd,41.863949848648126,-87.59909512735209,OSM
Chicago,,5884,Oak Ave,41.92243722358158,-87.64083765882434,OSM
Chicago,,1846,Main St,41.84939083389519,-87.67346926490127,OSM
Chicago,,3773,Main St,41.92640571081519,-87.61046068675854,OSM
Chicago,,4476,Maple Dr,41.88591806383751,-87.5817565574026,OSM
Chicago,,2426,Park Ave,41.84771102304798,-87.58180834805448,OSM
Chicago,,1426,Main St,41.84848181562148,-87.60295322212923,OSM
Chicago,,7792,Oak Ave,41.8555628922156,-87.64771670617742,OSM
Chicago,,3470,Park Ave,41.86533447666973,-87.62737019040917,OSM
Chicago,,4856,Elm St,41.87660985388912,-87.59839523395577,OSM
Chicago,,9498,Main St,41.92538478821194,-87.67928222214927,OSM
Chicago,,5614,Washington Blvd,41.88323168287435,-87.62034822454065,OSM
Chicago,,878,Main St,41.876637578508515,-87.63411128098136,OSM
Chicago,,5145,Washington Blvd,41.876782441469906,-87.584247159953,OSM
Chicago,,8036,Maple Dr,41.86365887254916,-87.67106628294268,OSM
Chicago,,2278,Washington Blvd,41.8969804819093,-87.61635694559293,OSM
Chicago,,4263,Washington Blvd,41.828250702880894,-87.60742835752481,OSM
Chicago,,815,Washington Blvd,41.833200072944635,-87.67887176077565,OSM
Chicago,,9805,Maple Dr,41.90968693523874,-87.61474793481659,OSM
Chicago,,1226,Elm St,41.8582115173663,-87.65230698009937,OSM
Chicago,,503,Oak Ave,41.836907699754015,-87.66092022711304,OSM
Chicago,,4612,Elm St,41.851766615397345,-87.59827317822601,OSM
Chicago,,385,Maple Dr,41.91296170320409,-87.67433199517289,OSM
Chicago,,6314,Washington Blvd,41.83066538505061,-87.65091819725558,OSM
Chicago,,78,Main St,41.85263726851851,-87.59610859466369,OSM
Chicago,,9383,Maple Dr,41.88192368505586,-87.60743477767805,OSM
Chicago,,958,Elm St,41.87370721635613,-87.62259382886052,OSM
Chicago,,9868,Park Ave,41.92248111485189,-87.62366631087573,OSM
Chicago,,9070,Elm St,41.84092417768654,-87.6512144191793,OSM
Chicago,,2656,Washington Blvd,41.83757125064269,-87.66333420041539,OSM
Chicago,,9715,Elm St,41.919811407182316,-87.5993585404712,OSM
Chicago,,4048,Maple Dr,41.92179379534051,-87.653582741566,OSM
Chicago,,6552,Park Ave,41.858588756463,-87.59251269133833,OSM
Chicago,,8292,Washington Blvd,41.879784800657724,-87.67274757665585,OSM
Chicago,,7574,Oak Ave,41.89609888715016,-87.6459299344362,OSM
Chicago,,2659,Main St,41.88052687078435,-87.63968714027038,OSM
Chicago,,4277,Park Ave,41.87237969126384,-87.62772200894311,OSM
Chicago,,6567,Elm St,41.89450610887906,-87.58341540762953,OSM
Chicago,,8814,Main St,41.829342188240005,-87.64021722995057,OSM
Chicago,,6672,Washington Blvd,41.83944096088054,-87.58889765622206,OSM
Chicago,,1517,Elm St,41.86011943560629,-87.6278218108613,OSM
Chicago,,6230,Washington Blvd,41.90747332541927,-87.60746582004697,OSM
Chicago,,8019,Washington Blvd,41.89375645921996,-87.59178868383253,OSM
Chicago,,8776,Elm St,41.87373247659834,-87.6419349965243,OSM
Chicago,,3533,Park Ave,41.88247979198541,-87.64884369338499,OSM
Chicago,,6225,Main St,41.86287958676235,-87.6542369132788,OSM
Chicago,,4580,Oak Ave,41.881126093645456,-87.61137000641271,OSM
Chicago,,4515,Washington Blvd,41.919967891745706,-87.59542602667595,OSM
Chicago,,9606,Elm St,41.835557518241885,-87.66246331923097,OSM
Chicago,,2926,Park Ave,41.84138490920769,-87.66371703217264,OSM
Chicago,,7198,Main St,41.89984564215732,-87.62527225618388,OSM
Chicago,,3895,Oak Ave,41.89039233207664,-87.6606593042701,OSM
Chicago,,3430,Park Ave,41.841731852994485,-87.6496442711891,OSM
Chicago,,1791,Main St,41.85784871263465,-87.59184283967303,OSM
Chicago,,2909,Main St,41.862033101769235,-87.67530277252048,OSM
Chicago,,6799,Park Ave,41.92160949834161,-87.64410946076407,OSM
Chicago,,5332,Main St,41.86553050846211,-87.65174913790631,OSM
Chicago,,4691,Main St,41.85293578738808,-87.58466261520933,OSM
Chicago,,7817,Park Ave,41.873747573239044,-87.61027561129833,OSM
Chicago,,3077,Oak Ave,41.893856704583754,-87.64060419465062,OSM
Chicago,,3318,Washington Blvd,41.85973436872074,-87.60052122452254,OSM
Chicago,,2344,Park Ave,41.9138527746185,-87.65445549664891,OSM
Chicago,,5721,Elm St,41.831316684073705,-87.675607257202,OSM
Chicago,,6754,Oak Ave,41.90275267893199,-87.63365785377843,OSM
Chicago,,6113,Main St,41.87058876361326,-87.581321961639,OSM
Chicago,,1372,Oak Ave,41.88974075307095,-87.67537564542148,OSM
Chicago,,3079,Maple Dr,41.915816040685726,-87.63214768416752,OSM
Chicago,,976,Maple Dr,41.898371437556236,-87.59473092128219,OSM
Chicago,,2849,Park Ave,41.85046624033094,-87.67778972168081,OSM
Chicago,,4631,Washington Blvd,41.89647451511315,-87.65317468582181,OSM
Chicago,,1696,Maple Dr,41.85745070201328,-87.58588599061822,OSM
Chicago,,3621,Maple Dr,41.8924686736391,-87.65986817673192,OSM
Chicago,,4972,Main St,41.84095690517651,-87.64636010247675,OSM
Chicago,,6019,Elm St,41.86756003502342,-87.65138259974498,OSM
Chicago,,6903,Oak Ave,41.876592330593176,-87.6539617328054,OSM
Chicago,,9369,Main St,41.92361949906389,-87.65333580717389,OSM
Chicago,,7384,Main St,41.840561726449,-87.63866853642388,OSM
Chicago,,3082,Elm St,41.92647521050758,-87.66764176846691,OSM
Chicago,,7022,Park Ave,41.89415853860196,-87.63611314207779,OSM
Chicago,,7232,Park Ave,41.89623679022245,-87.6581752178155,OSM
Chicago,,8546,Washington Blvd,41.84570607831014,-87.63236581458312,OSM
Chicago,,7715,Park Ave,41.91697359924607,-87.64866767710946,OSM
Chicago,,3508,Park Ave,41.89587772980086,-87.66479253877988,OSM
Chicago,,6300,Park Ave,41.898800697653215,-87.64174837589275,OSM
Chicago,,9355,Washington Blvd,41.866697293591564,-87.6751859868089,OSM
Chicago,,9123,Elm St,41.829532824359646,-87.6003950700324,OSM
Chicago,,7000,Park Ave,41.82850566266732,-87.64391427921603,OSM
Chicago,,5956,Maple Dr,41.833744031343166,-87.6775101483371,OSM
Chicago,,4168,Maple Dr,41.906067530447544,-87.61757035501307,OSM
Chicago,,6745,Park Ave,41.83757414231682,-87.62550953933072,OSM
Chicago,,6262,Main St,41.9247139564546,-87.58020231732779,OSM
Chicago,,1464,Elm St,41.86723016808355,-87.67703256309161,OSM
Chicago,,4046,Main St,41.861954957603324,-87.635270599436,OSM
Chicago,,375,Oak Ave,41.84307445746988,-87.62495319563959,OSM
Chicago,,9126,Elm St,41.86440606502173,-87.60276614257728,OSM
Chicago,,885,Main St,41.88380367607605,-87.65316704612056,OSM
Chicago,,7110,Oak Ave,41.916953202128695,-87.63829679409154,OSM
Chicago,,2343,Oak Ave,41.90071545291533,-87.59003104162169,OSM
Chicago,,1381,Park Ave,41.866841778070295,-87.59481933259823,OSM
Chicago,,2820,Washington Blvd,41.84870805384686,-87.60367843795373,OSM
Chicago,,8165,Main St,41.880190360727205,-87.65186153447604,OSM
Chicago,,5436,Washington Blvd,41.89176202553734,-87.61582089294826,OSM
Chicago,,8889,Main St,41.89922958236557,-87.66305216159492,OSM
Chicago,,3695,Washington Blvd,41.863565071879265,-87.58323462214885,OSM
Chicago,,6680,Washington Blvd,41.87806277879456,-87.64040026948689,OSM
Chicago,,6345,Park Ave,41.91238783836341,-87.64334861264439,OSM
Chicago,,7245,Park Ave,41.92290221837703,-87.6744065623789,OSM
Chicago,,2009,Park Ave,41.850488774394734,-87.593847046809,OSM
Chicago,,4086,Maple Dr,41.8942997536888,-87.67423398639599,OSM
Chicago,,8605,Oak Ave,41.85386368384662,-87.6722107860481,OSM
Chicago,,3806,Oak Ave,41.90009593756496,-87.60004197760657,OSM
Chicago,,2640,Oak Ave,41.92797338741918,-87.62810229059438,OSM
Chicago,,3275,Oak Ave,41.83576759648861,-87.62895968232806,OSM
Chicago,,1284,Maple Dr,41.91031832730604,-87.67022537885408,OSM
Chicago,,7793,Maple Dr,41.90500705490888,-87.59520888300864,OSM
Chicago,,2111,Park Ave,41.885587396120584,-87.6787737129803,OSM
Chicago,,5494,Park Ave,41.89684983704478,-87.62539579539865,OSM
Chicago,,1457,Washington Blvd,41.85342050318864,-87.59588853154497,OSM
Chicago,,9006,Elm St,41.844593711421496,-87.65702438069628,OSM
Chicago,,8104,Main St,41.86996877899617,-87.63645483235466,OSM
Chicago,,8272,Main St,41.87928017410838,-87.62190712397488,OSM
Chicago,,6893,Elm St,41.89544486641134,-87.6277805428205,OSM
Chicago,,7890,Oak Ave,41.83644845667319,-87.6240520626103,OSM
Chicago,,8043,Elm St,41.82895533528107,-87.58729676131955,OSM
Chicago,,492,Maple Dr,41.883248931089426,-87.67437834155976,OSM
Chicago,,3946,Maple Dr,41.90857037259451,-87.63750746343248,OSM
Chicago,,1964,Elm St,41.88983010466901,-87.62159218495715,OSM
Chicago,,5844,Washington Blvd,41.92594165393246,-87.66384174278477,OSM
Chicago,,1459,Main St,41.86733841176012,-87.61505343290693,OSM
Chicago,,150,Elm St,41.83259896011516,-87.62854359228177,OSM
Chicago,,9508,Park Ave,41.85840764682119,-87.62745425512706,OSM
Chicago,,1614,Elm St,41.88629395580868,-87.62376225606413,OSM
Chicago,,2350,Main St,41.893921756755375,-87.63890408412897,OSM
Chicago,,7788,Oak Ave,41.918934330241754,-87.67778649622531,OSM
Chicago,,1146,Maple Dr,41.852071661631356,-87.62834816516879,OSM
Chicago,,8425,Oak Ave,41.92402708475017,-87.60058586034205,OSM
Chicago,,6527,Park Ave,41.8365140427627,-87.5920982701742,OSM
Chicago,,4669,Main St,41.87640751090644,-87.66478725572546,OSM
Chicago,,6432,Washington Blvd,41.92588372841208,-87.67477773671766,OSM
Chicago,,6577,Oak Ave,41.86474833041911,-87.62435096776919,OSM
Chicago,,6283,Oak Ave,41.896151466094985,-87.67256517973378,OSM
Chicago,,1890,Maple Dr,41.85100619419199,-87.66149342419445,OSM
Chicago,,8704,Maple Dr,41.87504995830942,-87.64364530599019,OSM
Chicago,,372,Washington Blvd,41.895858779817026,-87.58748340072394,OSM
Chicago,,9851,Main St,41.92479509281606,-87.6385412903427,OSM
Chicago,,9225,Main St,41.914933867156634,-87.60903088976646,OSM
Chicago,,9722,Maple Dr,41.91172858989095,-87.60242169473959,OSM
Chicago,,9628,Washington Blvd,41.90077027392292,-87.60518935345651,OSM
Chicago,,3901,Maple Dr,41.85931742578235,-87.67295569438761,OSM
Chicago,,6895,Oak Ave,41.92782240409341,-87.65252045416715,OSM
Chicago,,7932,Elm St,41.90374518900245,-87.62785910130599,OSM
Chicago,,2351,Main St,41.856852587942,-87.65172141811146,OSM
Chicago,,7855,Elm St,41.853612568601264,-87.63104296281948,OSM
Chicago,,3217,Main St,41.92151359267472,-87.61725743160436,OSM
Chicago,,5673,Washington Blvd,41.91735547253876,-87.59890305542524,OSM
Chicago,,7183,Main St,41.92402789175225,-87.59789988412305,OSM
Chicago,,5561,Maple Dr,41.83519071960009,-87.6640085957253,OSM
Chicago,,625,Washington Blvd,41.83716056883514,-87.64077269937381,OSM
Chicago,,3672,Washington Blvd,41.91974905406303,-87.67295771437178,OSM
Chicago,,9408,Elm St,41.84298806286102,-87.66568114793769,OSM
Chicago,,2001,Oak Ave,41.896412270762255,-87.60163475129178,OSM
Chicago,,4273,Elm St,41.879302827945835,-87.60440203390253,OSM
Chicago,,406,Elm St,41.88753302972973,-87.6700293802204,OSM
Chicago,,3407,Maple Dr,41.897941226191946,-87.66113339114952,OSM
Chicago,,4157,Main St,41.90099276393127,-87.58633366388011,OSM
Chicago,,4813,Maple Dr,41.87831254773225,-87.61812026124097,OSM
Chicago,,7928,Maple Dr,41.835386311458684,-87.62393844072054,OSM
Chicago,,1646,Park Ave,41.92590828432933,-87.65613515355695,OSM
Chicago,,4575,Maple Dr,41.84926690154323,-87.67971400676976,OSM
Chicago,,4837,Oak Ave,41.9017674546721,-87.64671961761499,OSM
Chicago,,6785,Park Ave,41.86646271537074,-87.62283119407464,OSM
Chicago,,7540,Washington Blvd,41.870872281070454,-87.6413217022145,OSM
Chicago,,7804,Oak Ave,41.83155991633485,-87.58421215028427,OSM
Chicago,,7116,Elm St,41.90671825936877,-87.61880300104406,OSM
Chicago,,729,Maple Dr,41.87211335236705,-87.6748343253421,OSM
Chicago,,9193,Main St,41.887882642815576,-87.6796784434916,OSM
Chicago,,7272,Elm St,41.88917409910539,-87.61631020930858,OSM
Chicago,,7143,Oak Ave,41.85399004990628,-87.61133777085202,OSM
Chicago,,145,Washington Blvd,41.840422046067154,-87.58113675980725,OSM
Chicago,,7411,Elm St,41.860132072534036,-87.6607473876189,OSM
Chicago,,3343,Maple Dr,41.89375045788117,-87.58898003118937,OSM
Chicago,,8698,Park Ave,41.91943918806922,-87.59804624397661,OSM
Chicago,,7769,Oak Ave,41.927881675708534,-87.6705115416666,OSM
Chicago,,8315,Main St,41.887326193702734,-87.58934848849705,OSM
Chicago,,7313,Park Ave,41.91414470486069,-87.67188434492392,OSM
Chicago,,5968,Maple Dr,41.9210291902168,-87.62426854691341,OSM
Chicago,,2818,Elm St,41.87120370329433,-87.60313429850736,OSM
Chicago,,9197,Elm St,41.90413176399621,-87.61657764662623,OSM
Chicago,,9198,Main St,41.87140158955038,-87.67327411256268,OSM
Chicago,,7121,Main St,41.85834709360241,-87.59512303756188,OSM
Chicago,,5096,Maple Dr,41.84073072106723,-87.60265887592607,OSM
Chicago,,7155,Park Ave,41.920167244957106,-87.648199749175,OSM
Chicago,,4300,Main St,41.92448303829777,-87.6169619658871,OSM
Chicago,,9625,Washington Blvd,41.83023260970366,-87.61369090354756,OSM
Chicago,,6471,Elm St,41.82903302358927,-87.61314054308943,OSM
Chicago,,6773,Park Ave,41.88190098831299,-87.61475239158194,OSM
Chicago,,5574,Park Ave,41.84396679296271,-87.61426250510672,OSM
Chicago,,3701,Washington Blvd,41.92557491280754,-87.606419499535,OSM
Chicago,,3243,Main St,41.911305330972354,-87.67965444395796,OSM
Chicago,,4643,Maple Dr,41.862807689205894,-87.62547145402014,OSM
Chicago,,3095,Oak Ave,41.89917144365404,-87.6030008914808,OSM
Chicago,,8142,Oak Ave,41.86237003120338,-87.59718159985363,OSM
Chicago,,4473,Oak Ave,41.85399090895747,-87.62073579575578,OSM
Chicago,,6724,Washington Blvd,41.87948250397441,-87.67068994584425,OSM
Chicago,,2042,Washington Blvd,41.92131939178956,-87.59895747180136,OSM
Chicago,,5149,Main St,41.91999735057749,-87.62195080541845,OSM
Chicago,,9224,Main St,41.882230601919154,-87.63336569986457,OSM
Chicago,,8137,Maple Dr,41.86001756104785,-87.65407351573006,OSM
Chicago,,5964,Main St,41.84967979212695,-87.64849555093095,OSM
Chicago,,6418,Park Ave,41.88483471324407,-87.61476424542919,OSM
Chicago,,4282,Park Ave,41.83887743087165,-87.64033739272413,OSM
San Francisco,,4222,Oak Ave,37.80666694317429,-122.40802585484847,OSM
San Francisco,,2378,Washington Blvd,37.797894736776534,-122.42615041470154,OSM
San Francisco,,4210,Washington Blvd,37.7903626950659,-122.45331439887455,OSM
San Francisco,,6216,Park Ave,37.75284874215454,-122.38255562877968,OSM
San Francisco,,4965,Oak Ave,37.77683703021219,-122.4111033582615,OSM
San Francisco,,6129,Main St,37.743810904101124,-122.4142234210703,OSM
San Francisco,,8898,Maple Dr,37.82377210511964,-122.44869431165155,OSM
San Francisco,,5541,Oak Ave,37.76166507536495,-122.43849371738365,OSM
San Francisco,,6632,Elm St,37.740830274408495,-122.43564789710777,OSM
San Francisco,,3703,Main St,37.7488261270924,-122.40618547214497,OSM
San Francisco,,4729,Washington Blvd,37.794201131189894,-122.4631942154944,OSM
San Francisco,,7522,Oak Ave,37.76231147957665,-122.39100503537553,OSM
San Francisco,,5146,Washington Blvd,37.809182976697734,-122.37108223187917,OSM
San Francisco,,6038,Elm St,37.727369902264584,-122.38717777622924,OSM
San Francisco,,5513,Oak Ave,37.77034637188878,-122.391508489792,OSM
San Francisco,,6728,Oak Ave,37.77107379388161,-122.43728420929045,OSM
San Francisco,,7977,Elm St,37.796635149363574,-122.46143327887287,OSM
San Francisco,,6817,Oak Ave,37.80179922192081,-122.3727108153632,OSM
San Francisco,,8863,Park Ave,37.734694432641994,-122.46854475398244,OSM
San Francisco,,7911,Oak Ave,37.7957972536733,-122.43986797631055,OSM
San Francisco,,4044,Park Ave,37.80642155366714,-122.45813145040819,OSM
San Francisco,,3215,Maple Dr,37.79374583388796,-122.44941151610803,OSM
San Francisco,,3377,Park Ave,37.730765533633175,-122.381685222646,OSM
San Francisco,,5643,Main St,37.78994801145892,-122.46700801264222,OSM
San Francisco,,9410,Maple Dr,37.72539623474371,-122.40475353571594,OSM
San Francisco,,1037,Maple Dr,37.77351694475065,-122.45196281235147,OSM
San Francisco,,5663,Elm St,37.81830397592719,-122.43801578072394,OSM
San Francisco,,1929,Main St,37.72950681262032,-122.38002141894466,OSM
San Francisco,,3712,Oak Ave,37.737472793626345,-122.37806816336399,OSM
San Francisco,,2554,Maple Dr,37.759049138641195,-122.4040461581428,OSM
San Francisco,,9820,Oak Ave,37.77635990925174,-122.37385870112644,OSM
San Francisco,,5207,Park Ave,37.80463488422852,-122.45963765923486,OSM
San Francisco,,9427,Washington Blvd,37.75537725510285,-122.43137060585772,OSM
San Francisco,,2235,Maple Dr,37.754812472363696,-122.43938044165644,OSM
San Francisco,,270,Elm St,37.809413082072695,-122.41118256332385,OSM
San Francisco,,7237,Elm St,37.77767664200888,-122.38440718898167,OSM
San Francisco,,8940,Washington Blvd,37.78989595468411,-122.43383903754984,OSM
San Francisco,,259,Washington Blvd,37.794917655175766,-122.4256859118601,OSM
San Francisco,,5514,Park Ave,37.7705907268079,-122.4196294232502,OSM
San Francisco,,4564,Park Ave,37.72694247336482,-122.42594401604983,OSM
San Francisco,,7194,Main St,37.76548778678472,-122.46075255109774,OSM
San Francisco,,6624,Maple Dr,37.819449287891615,-122.4304159691486,OSM
San Francisco,,9076,Main St,37.810749543184514,-122.41175268223859,OSM
San Francisco,,9509,Park Ave,37.727489289333704,-122.40428590519961,OSM
San Francisco,,5906,Maple Dr,37.82151803899119,-122.41507518644438,OSM
San Francisco,,8665,Park Ave,37.7523698673734,-122.46826113673315,OSM
San Francisco,,8223,Main St,37.75507568792793,-122.38302918387366,OSM
San Francisco,,7123,Elm St,37.780040660944046,-122.40063154778889,OSM
San Francisco,,7701,Washington Blvd,37.73532988243974,-122.42988966796455,OSM
San Francisco,,5358,Maple Dr,37.74118591680575,-122.3926948180188,OSM
San Francisco,,3634,Main St,37.76006196272097,-122.3921643087728,OSM
San Francisco,,7643,Oak Ave,37.73531209648003,-122.4326332907387,OSM
San Francisco,,8533,Elm St,37.77911257870121,-122.39834531728481,OSM
San Francisco,,4748,Park Ave,37.74979449927483,-122.43404199667702,OSM
San Francisco,,2181,Washington Blvd,37.765974089400544,-122.43630762415026,OSM
San Francisco,,1732,Oak Ave,37.79514874273353,-122.41967014696728,OSM
San Francisco,,8687,Elm St,37.73894444683821,-122.38671966572652,OSM
San Francisco,,8409,Oak Ave,37.751514836523015,-122.43226317180988,OSM
San Francisco,,6399,Washington Blvd,37.81707662919354,-122.3858387261457,OSM
San Francisco,,6518,Maple Dr,37.77455195536205,-122.39102032962099,OSM
San Francisco,,1097,Maple Dr,37.78040817449807,-122.44207462948107,OSM
San Francisco,,5724,Maple Dr,37.78031961184895,-122.37857176106866,OSM
San Francisco,,2134,Maple Dr,37.77800808191614,-122.4220547919414,OSM
San Francisco,,7049,Washington Blvd,37.80642963244113,-122.45045567441396,OSM
San Francisco,,3927,Maple Dr,37.774556971007094,-122.45821611371802,OSM
San Francisco,,7534,Oak Ave,37.77731981566127,-122.4129280683026,OSM
San Francisco,,6252,Elm St,37.743874121455896,-122.41322989245512,OSM
San Francisco,,5646,Washington Blvd,37.76446295691468,-122.46267331206663,OSM
San Francisco,,3526,Oak Ave,37.79981122483304,-122.45875099146461,OSM
San Francisco,,6340,Elm St,37.73502034606131,-122.44842203055104,OSM
San Francisco,,6350,Main St,37.77250101455291,-122.3973751128331,OSM
San Francisco,,1004,Elm St,37.81994639169364,-122.39129193347252,OSM
San Francisco,,6602,Oak Ave,37.7870815221367,-122.3899841370283,OSM
San Francisco,,208,Oak Ave,37.75889470379377,-122.4348313293744,OSM
San Francisco,,1020,Oak Ave,37.73357111418412,-122.37783910501095,OSM
San Francisco,,3066,Park Ave,37.799628187589576,-122.37425019396379,OSM
San Francisco,,9990,Washington Blvd,37.80932524862441,-122.44004977791651,OSM
San Francisco,,1573,Oak Ave,37.75742233896145,-122.36969355769595,OSM
San Francisco,,5020,Park Ave,37.823152484873646,-122.38777859810115,OSM
San Francisco,,4060,Oak Ave,37.800511619129054,-122.37948494556375,OSM
San Francisco,,7966,Elm St,37.72553450914426,-122.41950606628458,OSM
San Francisco,,1388,Washington Blvd,37.78794742465773,-122.42629762142528,OSM
San Francisco,,8550,Elm St,37.77145559846999,-122.46104927117409,OSM
San Francisco,,4107,Park Ave,37.74918207854952,-122.3925516822354,OSM
San Francisco,,8640,Park Ave,37.74864129679201,-122.46841276789603,OSM
San Francisco,,1966,Park Ave,37.81720630917713,-122.40654734364705,OSM
San Francisco,,8177,Oak Ave,37.80930983718658,-122.45010358253612,OSM
San Francisco,,2684,Elm St,37.75307511002274,-122.4408007590347,OSM
San Francisco,,5399,Elm St,37.773539073436964,-122.40014080456014,OSM
San Francisco,,585,Washington Blvd,37.73735268235113,-122.40951641010894,OSM
San Francisco,,2207,Park Ave,37.73111883535904,-122.4608682922286,OSM
San Francisco,,4343,Oak Ave,37.764012167483806,-122.38726756558717,OSM
San Francisco,,470,Oak Ave,37.72865742859655,-122.46217473733132,OSM
San Francisco,,4767,Washington Blvd,37.73848050073078,-122.42880890344858,OSM
San Francisco,,5439,Oak Ave,37.80358519369635,-122.43519066143334,OSM
San Francisco,,4400,Oak Ave,37.80902280346263,-122.46229317680621,OSM
San Francisco,,6940,Main St,37.7915580320814,-122.42579182053022,OSM
San Francisco,,5436,Washington Blvd,37.79025910987452,-122.44772722008908,OSM
San Francisco,,7611,Main St,37.75732747411848,-122.38624357393968,OSM
San Francisco,,2941,Washington Blvd,37.807954993446835,-122.40615269451726,OSM
San Francisco,,5943,Oak Ave,37.74588563835974,-122.39824005288938,OSM
San Francisco,,6086,Washington Blvd,37.7967504202249,-122.40959477309444,OSM
San Francisco,,6432,Oak Ave,37.73390909522358,-122.46537513271241,OSM
San Francisco,,3915,Oak Ave,37.7645072883912,-122.42533851881683,OSM
San Francisco,,1415,Oak Ave,37.78287950218957,-122.3804402386849,OSM
San Francisco,,5680,Washington Blvd,37.73901218236973,-122.37491837168187,OSM
San Francisco,,7402,Maple Dr,37.73319039030174,-122.40502319273753,OSM
San Francisco,,5145,Park Ave,37.729540912614524,-122.42960926539229,OSM
San Francisco,,9402,Maple Dr,37.759671475191745,-122.41405222043328,OSM
San Francisco,,3901,Washington Blvd,37.765093171604185,-122.38706430901584,OSM
San Francisco,,4855,Main St,37.74135572121608,-122.41793504786898,OSM
San Francisco,,429,Oak Ave,37.7457829036306,-122.4097441731386,OSM
San Francisco,,3740,Main St,37.748065690312956,-122.39786813209545,OSM
San Francisco,,5428,Main St,37.78791208617825,-122.43099746492221,OSM
San Francisco,,4796,Main St,37.731819879904506,-122.43125133472934,OSM
San Francisco,,1256,Oak Ave,37.73024863210301,-122.38302138982982,OSM
San Francisco,,55,Main St,37.79520649230676,-122.3909144647702,OSM
San Francisco,,7303,Elm St,37.78799680933045,-122.37416914924994,OSM
San Francisco,,1719,Main St,37.76870771452825,-122.41046439303798,OSM
San Francisco,,140,Main St,37.824649088300085,-122.38436930986776,OSM
San Francisco,,5289,Park Ave,37.7507219020175,-122.43437130106399,OSM
San Francisco,,8645,Washington Blvd,37.789876957426706,-122.44242556127737,OSM
San Francisco,,4105,Washington Blvd,37.8159033718186,-122.42622555711387,OSM
San Francisco,,8950,Park Ave,37.755845692944185,-122.3746105934038,OSM
San Francisco,,3187,Elm St,37.79371747899603,-122.43278203173304,OSM
San Francisco,,5664,Park Ave,37.80652793298536,-122.37005938598838,OSM
San Francisco,,2622,Oak Ave,37.758418649015724,-122.46242938935974,OSM
San Francisco,,1993,Elm St,37.777925864548536,-122.44767704160792,OSM
San Francisco,,653,Oak Ave,37.761978775107764,-122.40273628366711,OSM
San Francisco,,6134,Oak Ave,37.73609451870165,-122.3927899181666,OSM
San Francisco,,1740,Main St,37.727960113078,-122.43642175528662,OSM
San Francisco,,2198,Elm St,37.75488616254556,-122.3906355557835,OSM
San Francisco,,4697,Park Ave,37.78463863274967,-122.3887524543976,OSM
San Francisco,,8440,Main St,37.76624751583607,-122.44484290376654,OSM
San Francisco,,4894,Main St,37.739307239033344,-122.38532459688861,OSM
San Francisco,,6631,Main St,37.76114154162218,-122.45895685573768,OSM
San Francisco,,9418,Oak Ave,37.80345325355273,-122.44205378615193,OSM
San Francisco,,6580,Washington Blvd,37.76930043937605,-122.46186605616128,OSM
San Francisco,,9011,Washington Blvd,37.82288599024607,-122.39243984560309,OSM
San Francisco,,1816,Main St,37.79467342647363,-122.43689580123974,OSM
San Francisco,,8210,Washington Blvd,37.781990775693366,-122.3939106631311,OSM
San Francisco,,6814,Washington Blvd,37.76689262494857,-122.43702287848345,OSM
San Francisco,,385,Washington Blvd,37.8076641449406,-122.44635486780926,OSM
San Francisco,,4774,Maple Dr,37.80619054550327,-122.37721553867402,OSM
San Francisco,,7684,Elm St,37.77948130643895,-122.43866784230373,OSM
San Francisco,,9333,Washington Blvd,37.75194502382022,-122.4559124428905,OSM
San Francisco,,4231,Elm St,37.75677207036886,-122.44011663956385,OSM
San Francisco,,4148,Park Ave,37.7833969714923,-122.42302654126804,OSM
San Francisco,,7977,Elm St,37.740105232041735,-122.39510860093631,OSM
San Francisco,,6670,Park Ave,37.81377932977507,-122.4310747867973,OSM
San Francisco,,4599,Main St,37.75565713490145,-122.38334613547583,OSM
San Francisco,,3879,Main St,37.73422285522132,-122.45056882230313,OSM
San Francisco,,7860,Oak Ave,37.764901420551304,-122.37357009923898,OSM
San Francisco,,8644,Main St,37.741967995950496,-122.43337999230029,OSM
San Francisco,,6069,Main St,37.741909578917976,-122.42091049695867,OSM
San Francisco,,5576,Elm St,37.75038885300527,-122.44266651705593,OSM
San Francisco,,4176,Maple Dr,37.796282338817385,-122.45420660762572,OSM
San Francisco,,832,Oak Ave,37.77180037239933,-122.37773772495697,OSM
San Francisco,,6004,Oak Ave,37.79414322093431,-122.4580558117038,OSM
San Francisco,,4275,Washington Blvd,37.76832207626746,-122.45293288603409,OSM
San Francisco,,9758,Oak Ave,37.816773590470795,-122.4529715157177,OSM
San Francisco,,7297,Oak Ave,37.739415647874054,-122.43979511058514,OSM
San Francisco,,1805,Elm St,37.73738885637552,-122.38650759354122,OSM
San Francisco,,3234,Main St,37.7450301538653,-122.3915126634636,OSM
San Francisco,,652,Washington Blvd,37.81942027422161,-122.44333420429857,OSM
San Francisco,,7526,Park Ave,37.80464121085885,-122.43918768267785,OSM
San Francisco,,8580,Maple Dr,37.80195533504604,-122.43203402293227,OSM
San Francisco,,5398,Elm St,37.76536421506697,-122.44815716779266,OSM
San Francisco,,6767,Maple Dr,37.737934834335206,-122.37220656541902,OSM
San Francisco,,9166,Elm St,37.7566485321422,-122.43497768406478,OSM
San Francisco,,6817,Washington Blvd,37.75909770612637,-122.39399568214027,OSM
San Francisco,,906,Main St,37.75482237068047,-122.43639694648616,OSM
San Francisco,,9242,Maple Dr,37.82470008081493,-122.39696787873815,OSM
San Francisco,,6599,Main St,37.74985475133086,-122.37725341489593,OSM
San Francisco,,5718,Maple Dr,37.79858496112231,-122.39150408928623,OSM
San Francisco,,4339,Main St,37.763845761014316,-122.38134163430101,OSM
San Francisco,,8680,Oak Ave,37.77143611243144,-122.40763367943033,OSM
San Francisco,,3371,Main St,37.7895309680677,-122.4056087472122,OSM
San Francisco,,1064,Park Ave,37.75820894726702,-122.42870386098073,OSM
San Francisco,,5290,Maple Dr,37.764176265095784,-122.4449513698788,OSM
San Francisco,,7981,Elm St,37.81257446064134,-122.45950273493595,OSM
San Francisco,,3424,Main St,37.74956501805266,-122.45146431118651,OSM
San Francisco,,5145,Washington Blvd,37.75798629672892,-122.4589467382913,OSM
San Francisco,,2199,Main St,37.78221323524098,-122.41758464989412,OSM
San Francisco,,8255,Washington Blvd,37.82225496516851,-122.43782309646792,OSM
San Francisco,,9481,Maple Dr,37.76561997074021,-122.45137973938131,OSM
San Francisco,,670,Washington Blvd,37.74937827348544,-122.37625087064777,OSM
San Francisco,,8605,Main St,37.75117639139001,-122.43143673655041,OSM
San Francisco,,6253,Washington Blvd,37.74286847160639,-122.38567146417327,OSM
San Francisco,,672,Elm St,37.728308386153216,-122.43900760944473,OSM
San Francisco,,1700,Elm St,37.80004482156742,-122.43444889739389,OSM
San Francisco,,2237,Main St,37.744670524916764,-122.42833210993548,OSM
San Francisco,,9234,Elm St,37.77910753868685,-122.40415835796938,OSM
San Francisco,,3068,Oak Ave,37.780484401816736,-122.38909202071804,OSM
San Francisco,,4145,Elm St,37.79676658107783,-122.37087690561421,OSM
San Francisco,,9056,Maple Dr,37.81046668650588,-122.42924752344865,OSM
San Francisco,,5738,Maple Dr,37.75155068202588,-122.39681214121548,OSM
San Francisco,,2389,Park Ave,37.767612302558916,-122.37856972660057,OSM
San Francisco,,5312,Park Ave,37.787513209225835,-122.43696077185231,OSM
San Francisco,,8395,Park Ave,37.76541439007823,-122.38240066015116,OSM
San Francisco,,1692,Park Ave,37.75741816103364,-122.39457052089982,OSM
San Francisco,,157,Elm St,37.78650823480695,-122.40244173300859,OSM
San Francisco,,322,Elm St,37.814822844476865,-122.38526519223005,OSM
San Francisco,,9580,Washington Blvd,37.798051886426244,-122.4238114977531,OSM
San Francisco,,7578,Maple Dr,37.814627373301086,-122.45311500951651,OSM
San Francisco,,405,Oak Ave,37.74868934528799,-122.45258390546061,OSM
San Francisco,,3380,Main St,37.74701996438568,-122.38442185119739,OSM
San Francisco,,222,Park Ave,37.82076775529744,-122.37808695284106,OSM
San Francisco,,6538,Washington Blvd,37.78100548764223,-122.39212312305415,OSM
San Francisco,,6291,Main St,37.7647451074474,-122.38029286682516,OSM
San Francisco,,8945,Elm St,37.72542283342832,-122.3839867764121,OSM
San Francisco,,6006,Elm St,37.81342199171755,-122.45759802168138,OSM
San Francisco,,6857,Oak Ave,37.764251153453735,-122.39070250425456,OSM
San Francisco,,1738,Oak Ave,37.746206834323075,-122.44836133244016,OSM
San Francisco,,7170,Oak Ave,37.77199036354974,-122.40530674144141,OSM
San Francisco,,1929,Oak Ave,37.79736573889818,-122.3770607452126,OSM
San Francisco,,8231,Main St,37.73888795853411,-122.4401444924413,OSM
San Francisco,,4814,Oak Ave,37.798381739216104,-122.46304854636084,OSM
San Francisco,,9795,Main St,37.76987086343251,-122.42408185325579,OSM
San Francisco,,3581,Washington Blvd,37.76283358065135,-122.41732200319915,OSM
San Francisco,,7953,Oak Ave,37.803183594648004,-122.40435334482878,OSM
San Francisco,,8224,Elm St,37.76879369035392,-122.43507582197309,OSM
San Francisco,,824,Park Ave,37.75530361923549,-122.42283872754433,OSM
San Francisco,,1226,Elm St,37.75863800813149,-122.43507841221549,OSM
San Francisco,,5524,Elm St,37.76617337126785,-122.37765498137273,OSM
San Francisco,,1720,Main St,37.7734119469529,-122.46472875318584,OSM
San Francisco,,8150,Park Ave,37.75202988247117,-122.43477627146129,OSM
San Francisco,,1882,Main St,37.80921024494126,-122.42938007647615,OSM
San Francisco,,4396,Washington Blvd,37.81722160789122,-122.42577547525394,OSM
San Francisco,,3951,Maple Dr,37.819782437132304,-122.45900629151582,OSM
San Francisco,,760,Elm St,37.78125397293669,-122.44376069495462,OSM
San Francisco,,159,Main St,37.77531152133471,-122.46569230531799,OSM
San Francisco,,5725,Washington Blvd,37.78798862812525,-122.45738856832472,OSM
San Francisco,,8318,Oak Ave,37.78842896367797,-122.38599474471718,OSM
San Francisco,,4513,Elm St,37.75123254076309,-122.4159131853472,OSM
San Francisco,,1601,Elm St,37.742218213847,-122.41106610508437,OSM
San Francisco,,2349,Maple Dr,37.8127302141568,-122.44030905033527,OSM
San Francisco,,2126,Main St,37.75328037199864,-122.4281579464325,OSM
San Francisco,,4935,Park Ave,37.788653333447776,-122.41768983274713,OSM
San Francisco,,6405,Main St,37.76831113657627,-122.37890549744358,OSM
San Francisco,,1063,Washington Blvd,37.761138460719074,-122.46243336026022,OSM
San Francisco,,1446,Maple Dr,37.7329053177966,-122.38466477209569,OSM
San Francisco,,9457,Elm St,37.769582223989616,-122.41240349912864,OSM
San Francisco,,4530,Washington Blvd,37.81132656790843,-122.40137140608262,OSM
San Francisco,,9516,Washington Blvd,37.73944036550654,-122.45726679943537,OSM
San Francisco,,4361,Oak Ave,37.78800770297375,-122.44025777118132,OSM
San Francisco,,1304,Oak Ave,37.803220398744095,-122.39301441850432,OSM
San Francisco,,236,Maple Dr,37.78217027945206,-122.45924762010729,OSM
San Francisco,,3378,Washington Blvd,37.75380460539227,-122.37081236646847,OSM
San Francisco,,8033,Maple Dr,37.7769084353408,-122.40268667167875,OSM
San Francisco,,1466,Maple Dr,37.78846981952636,-122.37987123703695,OSM
San Francisco,,2854,Oak Ave,37.82090310182127,-122.39807885510349,OSM
San Francisco,,4967,Elm St,37.804260898160045,-122.42294139226586,OSM
San Francisco,,8273,Main St,37.76219620273018,-122.44179122611297,OSM
San Francisco,,1995,Maple Dr,37.73420896882795,-122.46173962744024,OSM
San Francisco,,2159,Park Ave,37.73301948242983,-122.45422686007664,OSM
San Francisco,,2928,Maple Dr,37.79044589885669,-122.3728366707197,OSM
San Francisco,,1836,Maple Dr,37.75860918869327,-122.45263276831211,OSM
San Francisco,,8110,Washington Blvd,37.78830107200844,-122.44238568430599,OSM
San Francisco,,6002,Maple Dr,37.748141584199615,-122.37784263265361,OSM
San Francisco,,7528,Maple Dr,37.78529604317733,-122.4579764737753,OSM
San Francisco,,9922,Park Ave,37.80672575956986,-122.43973395967534,OSM
San Francisco,,1701,Main St,37.79782242216285,-122.42201785720651,OSM
San Francisco,,8697,Washington Blvd,37.797199804414085,-122.37172208728046,OSM
San Francisco,,7071,Washington Blvd,37.770757059935164,-122.42509896048463,OSM
San Francisco,,344,Park Ave,37.727416504148366,-122.37910533989206,OSM
San Francisco,,2524,Main St,37.74364316436071,-122.42835409726455,OSM
San Francisco,,7780,Maple Dr,37.750287567631595,-122.39557238718815,OSM
San Francisco,,3380,Oak Ave,37.824854364282864,-122.4600585629145,OSM
San Francisco,,9859,Maple Dr,37.81649263223545,-122.39977996308997,OSM
San Francisco,,8267,Elm St,37.74570115910216,-122.43131671558675,OSM
San Francisco,,7403,Maple Dr,37.76125891174445,-122.46870098942985,OSM
San Francisco,,4513,Main St,37.743301002875484,-122.46140699143031,OSM
San Francisco,,7875,Oak Ave,37.78695027817543,-122.4648911132402,OSM
San Francisco,,5099,Park Ave,37.74950120619914,-122.46466155118283,OSM
San Francisco,,3853,Main St,37.822646910284746,-122.39737249894033,OSM
San Francisco,,1021,Maple Dr,37.78628494691976,-122.46323902498057,OSM
San Francisco,,1829,Washington Blvd,37.755590883714646,-122.43847145250831,OSM
San Francisco,,2164,Oak Ave,37.81452872446865,-122.4251075300256,OSM
San Francisco,,1467,Park Ave,37.75765097755652,-122.42216028669276,OSM
San Francisco,,6702,Park Ave,37.77065235989151,-122.45646364504051,OSM
San Francisco,,697,Main St,37.78617929992789,-122.4166206735635,OSM
San Francisco,,4685,Main St,37.77153787749771,-122.39304385339872,OSM
San Francisco,,3676,Washington Blvd,37.821808208474835,-122.40872969340955,OSM
San Francisco,,5398,Maple Dr,37.82244718092022,-122.44442832304817,OSM
San Francisco,,4828,Main St,37.779315645504305,-122.41412544521047,OSM
San Francisco,,6210,Oak Ave,37.73678064544822,-122.4290863688501,OSM
San Francisco,,2214,Oak Ave,37.8013903063811,-122.38208459888646,OSM
San Francisco,,7748,Park Ave,37.803430976817666,-122.44686779279645,OSM
San Francisco,,5108,Main St,37.80092870526857,-122.37800618375692,OSM
San Francisco,,4988,Elm St,37.810131365281585,-122.39286618660394,OSM
San Francisco,,6846,Park Ave,37.76038713529258,-122.46158718348518,OSM
San Francisco,,1811,Washington Blvd,37.730549434451234,-122.40693441959625,OSM
San Francisco,,9470,Elm St,37.811720789105706,-122.4469188144345,OSM
San Francisco,,2121,Oak Ave,37.81461769310426,-122.43747528768193,OSM
San Francisco,,5548,Oak Ave,37.775107693144406,-122.39515451256746,OSM
San Francisco,,4798,Park Ave,37.8001769009634,-122.4091509898419,OSM
San Francisco,,6786,Elm St,37.795621927706975,-122.45947039858365,OSM
San Francisco,,8480,Elm St,37.8144081620832,-122.42204733376964,OSM
San Francisco,,9259,Main St,37.80944158966346,-122.45001259568106,OSM
San Francisco,,6807,Park Ave,37.76162589956089,-122.37428665633274,OSM
San Francisco,,3283,Elm St,37.742626499891344,-122.45264768802747,OSM
San Francisco,,5180,Washington Blvd,37.807405584358364,-122.39016340658422,OSM
San Francisco,,5088,Elm St,37.812154165199914,-122.38868703484412,OSM
San Francisco,,5810,Washington Blvd,37.80575740942111,-122.4617171015668,OSM
San Francisco,,2346,Park Ave,37.81776134267992,-122.43170546484552,OSM
San Francisco,,4701,Maple Dr,37.78369860939941,-122.43421424572807,OSM
San Francisco,,9283,Elm St,37.729305675373986,-122.44080573380353,OSM
San Francisco,,2860,Elm St,37.729580448058265,-122.45919787628793,OSM
San Francisco,,7884,Maple Dr,37.770578325207374,-122.41362107261529,OSM
San Francisco,,4728,Park Ave,37.795306000197236,-122.40374395664463,OSM
San Francisco,,3873,Washington Blvd,37.79276551550961,-122.40578155726863,OSM
San Francisco,,3805,Park Ave,37.79710436545991,-122.40999615393285,OSM
San Francisco,,3580,Washington Blvd,37.762568610034094,-122.41338060197552,OSM
San Francisco,,4487,Maple Dr,37.73616462078399,-122.38471868924877,OSM
San Francisco,,7611,Oak Ave,37.81348306364756,-122.38536643685666,OSM
San Francisco,,6698,Maple Dr,37.77571729991943,-122.38639537272572,OSM
San Francisco,,9334,Washington Blvd,37.76280890311674,-122.45804411207583,OSM
San Francisco,,1922,Washington Blvd,37.80833082769717,-122.40735184436097,OSM
San Francisco,,1486,Washington Blvd,37.81176299630469,-122.44664416728466,OSM
San Francisco,,5720,Main St,37.80038722205661,-122.46298002722672,OSM
San Francisco,,3137,Washington Blvd,37.791246901592785,-122.38434750260706,OSM
San Francisco,,7398,Elm St,37.81226337013088,-122.40666218544912,OSM
San Francisco,,5008,Oak Ave,37.80308810074108,-122.4088578704257,OSM
San Francisco,,3571,Maple Dr,37.81853482595674,-122.42398231850598,OSM
San Francisco,,9738,Elm St,37.791485368200426,-122.37277428429137,OSM
San Francisco,,7692,Washington Blvd,37.7722832210679,-122.39594379242516,OSM
San Francisco,,8103,Main St,37.81464201809951,-122.41353775542652,OSM
San Francisco,,3872,Park Ave,37.79022770236328,-122.4358063800755,OSM
San Francisco,,211,Washington Blvd,37.76734440723976,-122.4408029894718,OSM
San Francisco,,6938,Oak Ave,37.798651749368766,-122.44264690111427,OSM
San Francisco,,720,Park Ave,37.787465994534664,-122.42404851992033,OSM
San Francisco,,8826,Maple Dr,37.78448479075387,-122.46886691206555,OSM
San Francisco,,9247,Washington Blvd,37.82371704621557,-122.43045144713756,OSM
San Francisco,,4462,Washington Blvd,37.74202664791138,-122.39815848470808,OSM
San Francisco,,3131,Elm St,37.819289889683205,-122.38110860789185,OSM
San Francisco,,975,Park Ave,37.824850628474636,-122.39440345026733,OSM
San Francisco,,7804,Elm St,37.81029414152972,-122.45685962332777,OSM
San Francisco,,8128,Main St,37.74758818774116,-122.37149651565427,OSM
San Francisco,,9197,Elm St,37.7908644851685,-122.4083965256823,OSM
San Francisco,,7622,Elm St,37.731348053583,-122.45849268860441,OSM
San Francisco,,2736,Oak Ave,37.76880845288076,-122.46528554008232,OSM
San Francisco,,9645,Elm St,37.77349285943907,-122.39180640732357,OSM
San Francisco,,6732,Washington Blvd,37.75933784023311,-122.42524956225645,OSM
San Francisco,,6215,Oak Ave,37.72537445075691,-122.41786461499164,OSM
San Francisco,,6241,Washington Blvd,37.739714920310014,-122.38890825635109,OSM
San Francisco,,9385,Washington Blvd,37.79195654624072,-122.4335245587316,OSM
San Francisco,,7349,Washington Blvd,37.74801155216716,-122.38315237985336,OSM
San Francisco,,3284,Washington Blvd,37.78345639808074,-122.39191254380681,OSM
San Francisco,,2686,Washington Blvd,37.74661740588183,-122.42224939718571,OSM
San Francisco,,9322,Washington Blvd,37.80703716254858,-122.42241742602474,OSM
San Francisco,,3758,Maple Dr,37.80257196683464,-122.37082441560275,OSM
San Francisco,,987,Maple Dr,37.82054787062267,-122.46024985691513,OSM
San Francisco,,5959,Elm St,37.818252988211945,-122.4445471605658,OSM
San Francisco,,387,Maple Dr,37.73258819963315,-122.41627951702267,OSM
San Francisco,,8650,Main St,37.81843515690131,-122.40488202528235,OSM
San Francisco,,2644,Maple Dr,37.820545989215034,-122.37869231240212,OSM
San Francisco,,3389,Maple Dr,37.817383579923316,-122.38241164341095,OSM
San Francisco,,6586,Washington Blvd,37.7460471534502,-122.43064014661846,OSM
San Francisco,,779,Main St,37.82264254765773,-122.45147826187367,OSM
San Francisco,,2928,Main St,37.74443354990391,-122.43594840538536,OSM
San Francisco,,5882,Oak Ave,37.74000843461094,-122.46610828408544,OSM
San Francisco,,8638,Oak Ave,37.80186751032126,-122.46822842508814,OSM
San Francisco,,8177,Maple Dr,37.76090611266995,-122.45938927458288,OSM
San Francisco,,8593,Main St,37.76064113035364,-122.38190262268176,OSM
San Francisco,,6104,Maple Dr,37.773801388337795,-122.38977922441973,OSM
San Francisco,,7654,Elm St,37.77504230241296,-122.37327070653758,OSM
San Francisco,,8252,Washington Blvd,37.74007655461946,-122.42772883492896,OSM
San Francisco,,719,Washington Blvd,37.79488856884988,-122.46307870100985,OSM
San Francisco,,5306,Main St,37.81996857276144,-122.46583171736161,OSM
San Francisco,,1854,Main St,37.804887515256404,-122.42910729484264,OSM
San Francisco,,1250,Washington Blvd,37.74751751169923,-122.44256722196877,OSM
San Francisco,,3444,Park Ave,37.741691512968025,-122.45145580995384,OSM
San Francisco,,3156,Washington Blvd,37.774586967858845,-122.40437171589006,OSM
San Francisco,,4668,Park Ave,37.748191477198795,-122.45922823838566,OSM
San Francisco,,5382,Main St,37.75906375261645,-122.41643755400908,OSM
San Francisco,,9645,Elm St,37.815624553344556,-122.45495589064844,OSM
San Francisco,,9385,Washington Blvd,37.763281786193474,-122.37046553048664,OSM
San Francisco,,8406,Washington Blvd,37.76705956173249,-122.44012022198015,OSM
San Francisco,,1981,Washington Blvd,37.82426188747998,-122.43722773502827,OSM
San Francisco,,4549,Oak Ave,37.72565755414417,-122.40903123957129,OSM
San Francisco,,2899,Main St,37.8170281579627,-122.38899595946147,OSM
San Francisco,,6990,Oak Ave,37.78450336861531,-122.4198510803542,OSM
San Francisco,,2666,Elm St,37.748023368804134,-122.45509468692944,OSM
San Francisco,,2163,Maple Dr,37.73621271691694,-122.40228696867885,OSM
San Francisco,,4125,Washington Blvd,37.73567380750706,-122.40786123198077,OSM
San Francisco,,7568,Main St,37.785282862771446,-122.43924920284543,OSM
San Francisco,,2560,Main St,37.79941892474844,-122.46040024876777,OSM
San Francisco,,5532,Elm St,37.79095383066932,-122.37035649911243,OSM
San Francisco,,656,Elm St,37.78913523671369,-122.42272228748013,OSM
San Francisco,,3253,Main St,37.78341495326882,-122.46174302327519,OSM
San Francisco,,4485,Park Ave,37.75862474487729,-122.39061038077045,OSM
San Francisco,,9410,Elm St,37.818399808522315,-122.45133449922066,OSM
San Francisco,,2530,Elm St,37.72872685289055,-122.4664594661377,OSM
San Francisco,,8710,Main St,37.73996550404486,-122.423247628784,OSM
San Francisco,,277,Washington Blvd,37.77290725599369,-122.43315295633556,OSM
San Francisco,,9198,Elm St,37.807528323045574,-122.42808204040549,OSM
San Francisco,,2953,Park Ave,37.766309483019405,-122.37767275881457,OSM
San Francisco,,8371,Oak Ave,37.756432754048504,-122.42814306786885,OSM
San Francisco,,2104,Maple Dr,37.77331516967625,-122.37772525482913,OSM
San Francisco,,2703,Oak Ave,37.7278788284563,-122.45921592056148,OSM
San Francisco,,7835,Elm St,37.76264633466411,-122.46435086890588,OSM
San Francisco,,8676,Elm St,37.785802670644976,-122.42885633378732,OSM
San Francisco,,6582,Washington Blvd,37.80644785287761,-122.3904485494977,OSM
San Francisco,,9913,Washington Blvd,37.77617854328305,-122.41271189571135,OSM
San Francisco,,4199,Oak Ave,37.796271852999645,-122.41392230568219,OSM
San Francisco,,4670,Park Ave,37.82273924366504,-122.4057233198768,OSM
San Francisco,,5482,Park Ave,37.80375835962174,-122.46462424266261,OSM
San Francisco,,1569,Oak Ave,37.730193068622725,-122.46569838788713,OSM
San Francisco,,582,Park Ave,37.751197167823996,-122.45425676928147,OSM
San Francisco,,8416,Main St,37.78299710667921,-122.46436092675809,OSM
San Francisco,,3945,Washington Blvd,37.789101107849916,-122.39972781864618,OSM
San Francisco,,647,Oak Ave,37.806575085511824,-122.39000054018963,OSM
San Francisco,,3269,Washington Blvd,37.72987086015951,-122.4004041134242,OSM
San Francisco,,8009,Main St,37.75017574044928,-122.3919068546271,OSM
San Francisco,,2964,Oak Ave,37.77840239892298,-122.44737162452923,OSM
San Francisco,,9490,Main St,37.733863822154945,-122.44894210484898,OSM
San Francisco,,811,Elm St,37.81954643737456,-122.3765315269201,OSM
San Francisco,,8069,Washington Blvd,37.77915977318768,-122.46072772734689,OSM
San Francisco,,1016,Elm St,37.807664200421314,-122.44271374895327,OSM
San Francisco,,838,Oak Ave,37.81378442613809,-122.38787630214681,OSM
San Francisco,,2748,Main St,37.75346186543025,-122.38374171508006,OSM
San Francisco,,8455,Washington Blvd,37.762435248403605,-122.39170730837519,OSM
San Francisco,,1795,Maple Dr,37.78861283898778,-122.3862544896143,OSM
San Francisco,,9783,Main St,37.78515957161788,-122.45082052755622,OSM
San Francisco,,4214,Park Ave,37.78126130538017,-122.44531167817817,OSM
San Francisco,,8068,Oak Ave,37.73019494888666,-122.44607164843583,OSM
San Francisco,,717,Oak Ave,37.81285123004466,-122.44557211557036,OSM
San Francisco,,1606,Washington Blvd,37.78018580256768,-122.4107876729155,OSM
San Francisco,,5778,Washington Blvd,37.77379926378422,-122.453795848824,OSM
San Francisco,,2937,Maple Dr,37.81318468999892,-122.42588174178297,OSM
San Francisco,,7682,Elm St,37.81265077083563,-122.43376639409198,OSM
San Francisco,,4716,Park Ave,37.749669641890456,-122.44490911351457,OSM
San Francisco,,4300,Washington Blvd,37.7758816000954,-122.43812599059508,OSM
San Francisco,,5319,Washington Blvd,37.77581047824562,-122.40809818137906,OSM
San Francisco,,1479,Oak Ave,37.807856461483084,-122.39998145582814,OSM
San Francisco,,9340,Main St,37.749905139584776,-122.38453828516413,OSM
San Francisco,,4569,Oak Ave,37.795999738145696,-122.43244301415184,OSM
San Francisco,,6219,Main St,37.81593951297256,-122.43848389332176,OSM
San Francisco,,5552,Maple Dr,37.770133192046416,-122.37023713763276,OSM
San Francisco,,2951,Maple Dr,37.72961175866819,-122.44618988055838,OSM
San Francisco,,2063,Main St,37.76518162219953,-122.45803195615377,OSM
San Francisco,,3999,Maple Dr,37.77030581524989,-122.37357462253838,OSM
San Francisco,,9101,Park Ave,37.80310256901124,-122.46282519276342,OSM
San Francisco,,4427,Oak Ave,37.79094163782881,-122.40429351110487,OSM
San Francisco,,2053,Park Ave,37.7400235685533,-122.42337300778576,OSM
San Francisco,,9137,Oak Ave,37.79959408620221,-122.45199158921963,OSM
San Francisco,,5876,Elm St,37.78239540933209,-122.40484436170067,OSM
San Francisco,,4115,Park Ave,37.75416494384815,-122.45710667838318,OSM
San Francisco,,9339,Maple Dr,37.76404112807912,-122.38477847038745,OSM
San Francisco,,1314,Park Ave,37.80623970883709,-122.38914884586553,OSM
San Francisco,,7935,Elm St,37.81235583551405,-122.44334562404573,OSM
San Francisco,,5759,Oak Ave,37.738328434852185,-122.42773802867833,OSM
San Francisco,,4385,Elm St,37.77455258859766,-122.40387348283011,OSM
San Francisco,,9952,Washington Blvd,37.799081228450014,-122.38202123686469,OSM
San Francisco,,7341,Washington Blvd,37.8176237690139,-122.42848013526397,OSM
San Francisco,,8347,Washington Blvd,37.74060816236528,-122.45117854356698,OSM
San Francisco,,5058,Oak Ave,37.814926771472955,-122.44080397910473,OSM
San Francisco,,4939,Park Ave,37.79739629370311,-122.38971785399471,OSM
San Francisco,,1742,Maple Dr,37.727619339830106,-122.45462216556942,OSM
San Francisco,,3263,Park Ave,37.804633610706524,-122.4171036147585,OSM
San Francisco,,7833,Elm St,37.78657923441399,-122.37294670419824,OSM
San Francisco,,9747,Oak Ave,37.748959512894906,-122.41668952603769,OSM
San Francisco,,1139,Washington Blvd,37.733839835709496,-122.41875473409067,OSM
San Francisco,,306,Washington Blvd,37.78262484328919,-122.44930756694902,OSM
San Francisco,,3333,Elm St,37.78173891552898,-122.44753520138781,OSM
San Francisco,,6133,Washington Blvd,37.80250781853491,-122.45770204049823,OSM
San Francisco,,2717,Main St,37.818557963439574,-122.36950728259143,OSM
San Francisco,,5723,Oak Ave,37.75851091867782,-122.38613842333817,OSM
San Francisco,,7862,Park Ave,37.72732248449087,-122.41909014508683,OSM
San Francisco,,7764,Park Ave,37.73072091752624,-122.42601581334046,OSM
San Francisco,,9619,Main St,37.745784302001496,-122.38427564003214,OSM
San Francisco,,8677,Washington Blvd,37.77641306076295,-122.39270741438115,OSM
San Francisco,,6563,Main St,37.77364741398077,-122.45451841722051,OSM
San Francisco,,6011,Maple Dr,37.77703703952601,-122.42710344178224,OSM
San Francisco,,1653,Elm St,37.77683518980495,-122.3789852274409,OSM
San Francisco,,471,Main St,37.797128749248984,-122.46777182315304,OSM
San Francisco,,848,Park Ave,37.742555782798746,-122.4215898708793,OSM
San Francisco,,4119,Washington Blvd,37.776227979170926,-122.38386499953948,OSM
San Francisco,,9401,Park Ave,37.76994374668779,-122.4253597204082,OSM
San Francisco,,1535,Washington Blvd,37.73059053204037,-122.4415988876986,OSM
San Francisco,,2628,Oak Ave,37.72536150128912,-122.43816799060058,OSM
San Francisco,,2288,Maple Dr,37.7710524183793,-122.391304687109,OSM
San Francisco,,6701,Maple Dr,37.76026128981559,-122.39246532732605,OSM
San Francisco,,194,Maple Dr,37.7597938693678,-122.37600562323384,OSM
San Francisco,,1248,Elm St,37.81704964836148,-122.46288061056607,OSM
San Francisco,,5949,Main St,37.7603681061769,-122.44469632778151,OSM
San Francisco,,4528,Park Ave,37.77533410621517,-122.38485173890994,OSM
San Francisco,,4364,Washington Blvd,37.74155075739913,-122.42518937146487,OSM
San Francisco,,8061,Elm St,37.79286409473584,-122.42955743337389,OSM
San Francisco,,9430,Maple Dr,37.818177116691835,-122.4621940319091,OSM
San Francisco,,6390,Washington Blvd,37.76481535233344,-122.3906221242733,OSM
San Francisco,,7045,Maple Dr,37.76061252098357,-122.41110073633145,OSM
San Francisco,,2943,Main St,37.81652455681962,-122.38457704860267,OSM
San Francisco,,8479,Park Ave,37.79075145600567,-122.40799833884188,OSM
San Francisco,,8249,Park Ave,37.75896775539187,-122.40791510716444,OSM
San Francisco,,9329,Oak Ave,37.78627674077525,-122.39656828568603,OSM
San Francisco,,7981,Maple Dr,37.73288055174349,-122.40252300907952,OSM
San Francisco,,7946,Main St,37.81410827444948,-122.38719549597754,OSM
San Francisco,,4422,Park Ave,37.80732474364992,-122.43324901861776,OSM
San Francisco,,2566,Oak Ave,37.81754245084063,-122.44371003811143,OSM
San Francisco,,5817,Park Ave,37.7803046889835,-122.43967279381997,OSM
San Francisco,,934,Main St,37.75399327825281,-122.41410630108139,OSM
San Francisco,,1471,Main St,37.74863324180791,-122.37289699708197,OSM
San Francisco,,7142,Main St,37.774675411992945,-122.44669618490305,OSM
San Francisco,,8158,Main St,37.797926782284385,-122.4148793330157,OSM
San Francisco,,6182,Oak Ave,37.745611022875366,-122.43682669470897,OSM
San Francisco,,1976,Elm St,37.80467768594522,-122.37933178623777,OSM
San Francisco,,3531,Main St,37.82194527980441,-122.37112996074326,OSM
San Francisco,,7211,Washington Blvd,37.78827008706852,-122.43237465626255,OSM
San Francisco,,4671,Main St,37.74227489445667,-122.40790589650179,OSM
San Francisco,,7533,Elm St,37.821709272746844,-122.42185025837067,OSM
San Francisco,,9502,Oak Ave,37.82365070792819,-122.44147905095505,OSM
San Francisco,,3935,Washington Blvd,37.76582186407874,-122.39768224863153,OSM
San Francisco,,3647,Elm St,37.81761081009378,-122.39845729854666,OSM
San Francisco,,1939,Park Ave,37.76788615942611,-122.46754291290202,OSM
San Francisco,,3923,Main St,37.735992900781,-122.45731770786801,OSM
San Francisco,,6807,Washington Blvd,37.81306229820243,-122.46716341169,OSM
San Francisco,,9353,Park Ave,37.779154502352554,-122.40976071825088,OSM
San Francisco,,2247,Elm St,37.760590876018995,-122.37450867538756,OSM
San Francisco,,5565,Washington Blvd,37.73537538078023,-122.40749076900082,OSM
San Francisco,,4337,Elm St,37.80208382677182,-122.4666678039893,OSM
San Francisco,,2887,Washington Blvd,37.80281183392201,-122.46012300380403,OSM
San Francisco,,15,Washington Blvd,37.76260169823032,-122.37728877473339,OSM
San Francisco,,6228,Park Ave,37.738368393051594,-122.39386752105267,OSM
San Francisco,,7813,Oak Ave,37.78861515246235,-122.4598358555971,OSM
San Francisco,,558,Washington Blvd,37.8218638241267,-122.4329214727488,OSM
San Francisco,,7754,Elm St,37.772218931295654,-122.41418359452247,OSM
San Francisco,,865,Elm St,37.7982190911758,-122.46729117175383,OSM
San Francisco,,5799,Park Ave,37.778655022522926,-122.44441486194357,OSM
San Francisco,,7362,Park Ave,37.78396374968013,-122.41187803061206,OSM
San Francisco,,9574,Main St,37.76722260821215,-122.44235996903662,OSM
San Francisco,,9632,Maple Dr,37.77712826608864,-122.46271103370104,OSM
San Francisco,,9611,Park Ave,37.77498155528377,-122.43245929726767,OSM
San Francisco,,7268,Main St,37.73668043974001,-122.42029136613927,OSM
San Francisco,,6856,Maple Dr,37.7768865979241,-122.39537156815307,OSM
San Francisco,,1840,Maple Dr,37.77133029389995,-122.46613042640625,OSM
San Francisco,,3570,Park Ave,37.749722861003974,-122.46657436963626,OSM
San Francisco,,3034,Maple Dr,37.72706680437998,-122.42462651726535,OSM
San Francisco,,5491,Maple Dr,37.747414372155006,-122.43908027303623,OSM
San Francisco,,4614,Washington Blvd,37.81591259239227,-122.43831285131998,OSM
San Francisco,,6766,Maple Dr,37.81570373126256,-122.43807964727304,OSM
San Francisco,,792,Maple Dr,37.76099242638288,-122.46072688568054,OSM
San Francisco,,179,Maple Dr,37.73043624172323,-122.42514580825582,OSM
San Francisco,,591,Washington Blvd,37.7369668737249,-122.46625890002545,OSM
San Francisco,,5206,Main St,37.80161447070574,-122.38082166749298,OSM
San Francisco,,8823,Oak Ave,37.75112267426789,-122.45321019056112,OSM
San Francisco,,9402,Maple Dr,37.75769313572682,-122.40934789696945,OSM
San Francisco,,7119,Elm St,37.75338206910303,-122.398072474297,OSM
San Francisco,,7926,Elm St,37.78498714376452,-122.42373730402434,OSM
San Francisco,,8180,Main St,37.82445014005039,-122.38047046694773,OSM
San Francisco,,2648,Main St,37.79411947922011,-122.46441792606623,OSM
San Francisco,,1223,Maple Dr,37.757052922656584,-122.40557302302604,OSM
San Francisco,,4088,Washington Blvd,37.81646596704626,-122.45100144989105,OSM
San Francisco,,293,Maple Dr,37.8193581544809,-122.46422362294282,OSM
San Francisco,,4107,Maple Dr,37.74659490814113,-122.38607690490524,OSM
San Francisco,,9324,Main St,37.75398698630456,-122.45592328685929,OSM
San Francisco,,6492,Washington Blvd,37.80113311240007,-122.41365005019601,OSM
San Francisco,,1902,Elm St,37.763983133951115,-122.37459379832343,OSM
San Francisco,,738,Oak Ave,37.75669148009974,-122.43529382013651,OSM
San Francisco,,7038,Elm St,37.729531831580374,-122.42185451607742,OSM
San Francisco,,5101,Maple Dr,37.789425395058146,-122.4295073185444,OSM
San Francisco,,9968,Maple Dr,37.77814245105417,-122.42465544088883,OSM
San Francisco,,6844,Maple Dr,37.80548921880858,-122.44077666273373,OSM
San Francisco,,500,Park Ave,37.771727515417325,-122.37893468112814,OSM
San Francisco,,7434,Oak Ave,37.818870955731136,-122.39332643868025,OSM
San Francisco,,579,Main St,37.755505624541165,-122.3891388558449,OSM
San Francisco,,2253,Oak Ave,37.78482666448644,-122.39838533308745,OSM
San Francisco,,6310,Oak Ave,37.746688948912016,-122.46050368346361,OSM
San Francisco,,4531,Park Ave,37.72985923283175,-122.4644891463839,OSM
San Francisco,,9411,Main St,37.74964495694179,-122.4572568994972,OSM
San Francisco,,2034,Elm St,37.73711252954047,-122.38528569015085,OSM
San Francisco,,9271,Washington Blvd,37.739686064204164,-122.4431268932199,OSM
San Francisco,,3407,Maple Dr,37.78162958271216,-122.42034561811953,OSM
San Francisco,,2433,Main St,37.7452028250692,-122.42601834749065,OSM
San Francisco,,6910,Park Ave,37.79309960070847,-122.43215848437707,OSM
San Francisco,,3307,Maple Dr,37.8162000855337,-122.38873721745853,OSM
San Francisco,,8609,Main St,37.75755577280198,-122.41425981939307,OSM
San Francisco,,5323,Oak Ave,37.819117958132786,-122.4030338157223,OSM
San Francisco,,8577,Maple Dr,37.74525722072944,-122.37557924179615,OSM
San Francisco,,2383,Washington Blvd,37.78103326846692,-122.44323417740088,OSM
San Francisco,,9906,Maple Dr,37.7776952165033,-122.37808665628938,OSM
San Francisco,,2742,Elm St,37.80317915028435,-122.40675079234329,OSM
San Francisco,,1628,Park Ave,37.74358054713165,-122.44965252192955,OSM
San Francisco,,4062,Elm St,37.75110021948802,-122.3865745621844,OSM
San Francisco,,7627,Elm St,37.79111071907411,-122.42240007391631,OSM
San Francisco,,7994,Main St,37.76461661191162,-122.38501494480859,OSM
San Francisco,,6965,Park Ave,37.77053070684283,-122.4157400816252,OSM
San Francisco,,4839,Elm St,37.81781004974757,-122.37687442719132,OSM
San Francisco,,329,Washington Blvd,37.80061588826084,-122.39371426365754,OSM
San Francisco,,680,Main St,37.75617940541338,-122.46852129507711,OSM
San Francisco,,7853,Main St,37.78270142515858,-122.45041444153482,OSM
San Francisco,,8466,Washington Blvd,37.78271349638265,-122.42337446183879,OSM
San Francisco,,7322,Elm St,37.73932983280567,-122.3988355512813,OSM
San Francisco,,4679,Washington Blvd,37.79890431258597,-122.37936308218913,OSM
San Francisco,,2491,Main St,37.75063390463248,-122.37278081702205,OSM
San Francisco,,265,Maple Dr,37.80006080451012,-122.45800133041222,OSM
San Francisco,,2863,Elm St,37.73291280679816,-122.39261768480326,OSM
San Francisco,,8239,Oak Ave,37.77406014802711,-122.39858367888868,OSM
San Francisco,,475,Elm St,37.72660478936581,-122.39653626254206,OSM
San Francisco,,9444,Main St,37.73408504675328,-122.45071692170603,OSM
San Francisco,,7255,Elm St,37.77537441236708,-122.46725668769146,OSM
San Francisco,,9041,Park Ave,37.78756136587465,-122.44991462290194,OSM
San Francisco,,7688,Main St,37.74849671402588,-122.42483756024693,OSM
San Francisco,,1937,Main St,37.79988152626801,-122.46923259290219,OSM
San Francisco,,2732,Oak Ave,37.81837529701813,-122.40946672317844,OSM
San Francisco,,5582,Main St,37.752925210476185,-122.38021112837863,OSM
San Francisco,,5363,Main St,37.734597102681164,-122.44735619857096,OSM
San Francisco,,2668,Main St,37.76062116046325,-122.39565528138418,OSM
San Francisco,,3106,Washington Blvd,37.81117173039014,-122.43475027092185,OSM
San Francisco,,6018,Elm St,37.74641516651647,-122.37000834619856,OSM
San Francisco,,3302,Elm St,37.77786689163057,-122.40142829641586,OSM
San Francisco,,1362,Washington Blvd,37.73849578959723,-122.40544779407236,OSM
San Francisco,,748,Main St,37.79346835081808,-122.36985996247608,OSM
San Francisco,,4070,Elm St,37.747718882177296,-122.4239988018194,OSM
San Francisco,,834,Oak Ave,37.76911216530159,-122.4685847219294,OSM
San Francisco,,2463,Maple Dr,37.741586098887666,-122.38400312980224,OSM
San Francisco,,787,Park Ave,37.789986917580286,-122.39427741974457,OSM
San Francisco,,7495,Main St,37.774871789949785,-122.43795148738216,OSM
San Francisco,,8069,Washington Blvd,37.76532341797979,-122.39519121763368,OSM
San Francisco,,2111,Washington Blvd,37.73010636779917,-122.39313609616384,OSM
San Francisco,,1294,Park Ave,37.8214786961296,-122.4205068273526,OSM
San Francisco,,7109,Maple Dr,37.74567577578376,-122.3732731120643,OSM
San Francisco,,1255,Maple Dr,37.727635123065724,-122.36975707652965,OSM
San Francisco,,9113,Park Ave,37.806377907096675,-122.37657923961464,OSM
San Francisco,,7162,Washington Blvd,37.78292799572446,-122.44644323905925,OSM
San Francisco,,7040,Main St,37.73669196436915,-122.38919361472715,OSM
San Francisco,,2578,Maple Dr,37.7842937884575,-122.44862219489539,OSM
San Francisco,,5904,Oak Ave,37.821591870891815,-122.45070526994385,OSM
San Francisco,,6048,Main St,37.803836519571874,-122.43851443054992,OSM
San Francisco,,4626,Main St,37.79294638938012,-122.42052795684688,OSM
San Francisco,,6528,Park Ave,37.76364740940881,-122.39008031648942,OSM
San Francisco,,1986,Oak Ave,37.8234276127929,-122.39378754303068,OSM
San Francisco,,7849,Park Ave,37.80867920061083,-122.43570558268127,OSM
San Francisco,,7404,Oak Ave,37.74834226728521,-122.46736207409177,OSM
San Francisco,,5305,Elm St,37.82448788816926,-122.38945981579619,OSM
San Francisco,,9286,Maple Dr,37.80292717436042,-122.40774096061402,OSM
San Francisco,,4220,Washington Blvd,37.82188335523004,-122.46163134375738,OSM
San Francisco,,674,Elm St,37.80586084536802,-122.37404164447281,OSM
San Francisco,,4965,Elm St,37.72963577032396,-122.44775449613708,OSM
San Francisco,,331,Washington Blvd,37.811007055659516,-122.4417263099009,OSM
San Francisco,,9762,Park Ave,37.78138060826105,-122.42844966250917,OSM
San Francisco,,9562,Park Ave,37.76022010085573,-122.38016894739195,OSM
San Francisco,,5292,Elm St,37.72869974775618,-122.46603435965137,OSM
San Francisco,,3471,Main St,37.74643411837534,-122.38277796208389,OSM
San Francisco,,2232,Maple Dr,37.744312237187195,-122.38168764880604,OSM
San Francisco,,1616,Washington Blvd,37.77257527983342,-122.40008384614104,OSM
San Francisco,,7540,Main St,37.76391051324535,-122.41035570146089,OSM
San Francisco,,6325,Washington Blvd,37.7636374607799,-122.39791868753804,OSM
San Francisco,,8122,Park Ave,37.8040825320462,-122.41353349609285,OSM
San Francisco,,1370,Park Ave,37.753713569669046,-122.42631353326222,OSM
San Francisco,,1124,Main St,37.79315019106991,-122.375496884263,OSM
San Francisco,,5904,Main St,37.75099243384512,-122.44355037830009,OSM
San Francisco,,1139,Oak Ave,37.77125041814644,-122.43250745508777,OSM
San Francisco,,711,Main St,37.82358696258662,-122.37022766670839,OSM
San Francisco,,9620,Oak Ave,37.76110398740519,-122.4687800070809,OSM
San Francisco,,9414,Main St,37.764467570186376,-122.42924295947739,OSM
San Francisco,,5263,Washington Blvd,37.77270286142599,-122.37125344021864,OSM
San Francisco,,8720,Oak Ave,37.763863858423754,-122.38943249386735,OSM
San Francisco,,333,Elm St,37.807812933389584,-122.44276217347844,OSM
San Francisco,,921,Elm St,37.76907906282803,-122.39721158141603,OSM
San Francisco,,127,Oak Ave,37.80441282279545,-122.39838031807241,OSM
San Francisco,,2587,Main St,37.807073130768536,-122.40505636695853,OSM
San Francisco,,9724,Oak Ave,37.74799526300645,-122.38121639216374,OSM
San Francisco,,7536,Maple Dr,37.724905157649516,-122.38618117671942,OSM
San Francisco,,4614,Elm St,37.772209418336026,-122.45475629579508,OSM
San Francisco,,891,Maple Dr,37.74426601516614,-122.45120071047506,OSM
San Francisco,,2314,Maple Dr,37.74135626093509,-122.42899341471693,OSM
San Francisco,,9527,Main St,37.75649045495756,-122.38094630530492,OSM
San Francisco,,7777,Main St,37.729048979766155,-122.3748606836224,OSM
San Francisco,,7173,Main St,37.811967441123684,-122.38940609063407,OSM
San Francisco,,3200,Elm St,37.79759300847455,-122.3794177399201,OSM
San Francisco,,1119,Park Ave,37.7642531473005,-122.3960974623542,OSM
San Francisco,,9211,Oak Ave,37.82152295410243,-122.38250127739029,OSM
San Francisco,,7807,Main St,37.755241552184216,-122.44632199693638,OSM
San Francisco,,8697,Maple Dr,37.78036249957014,-122.38482271723022,OSM
San Francisco,,4268,Main St,37.809746551197264,-122.4657876836525,OSM
San Francisco,,3087,Washington Blvd,37.76859952613816,-122.40681555985167,OSM
San Francisco,,1663,Elm St,37.82117585951097,-122.4100603239529,OSM
San Francisco,,8813,Oak Ave,37.80571701000127,-122.46574924332793,OSM
San Francisco,,2379,Maple Dr,37.82133653994134,-122.39095147027854,OSM
San Francisco,,6444,Main St,37.73461161208368,-122.41668967683688,OSM
San Francisco,,3906,Washington Blvd,37.82070160838141,-122.41472425478189,OSM
San Francisco,,925,Washington Blvd,37.82097405106293,-122.46917720629457,OSM
San Francisco,,8447,Maple Dr,37.78051351584569,-122.39243610462961,OSM
San Francisco,,3550,Oak Ave,37.808518509110414,-122.42183950032262,OSM
San Francisco,,3950,Washington Blvd,37.80476079441752,-122.37008488894438,OSM
San Francisco,,953,Park Ave,37.76235866679535,-122.42143663298371,OSM
San Francisco,,2658,Main St,37.79236827871982,-122.45374090131098,OSM
San Francisco,,7259,Park Ave,37.74815966718819,-122.39880424965723,OSM
San Francisco,,7113,Maple Dr,37.747101805954856,-122.39295012780696,OSM
San Francisco,,9048,Oak Ave,37.782724261108584,-122.44962729632485,OSM
San Francisco,,9445,Elm St,37.80978650983804,-122.39331360261093,OSM
San Francisco,,101,Oak Ave,37.78295025202487,-122.44949387944972,OSM
San Francisco,,8753,Elm St,37.760946951338894,-122.39011061018566,OSM
San Francisco,,7295,Washington Blvd,37.80939034676751,-122.373768259874,OSM
San Francisco,,4038,Park Ave,37.75850900969613,-122.43545777802014,OSM
San Francisco,,5060,Maple Dr,37.813695764848205,-122.43110307983515,OSM
San Francisco,,7595,Main St,37.781558600061864,-122.43940118400096,OSM
San Francisco,,8789,Oak Ave,37.79561461847821,-122.42429173781846,OSM
San Francisco,,5654,Washington Blvd,37.81351550403022,-122.44904825037096,OSM
San Francisco,,2881,Maple Dr,37.757577451749015,-122.39691356908908,OSM
San Francisco,,1622,Oak Ave,37.73519035525383,-122.45766091097119,OSM
San Francisco,,7757,Maple Dr,37.76382739731612,-122.46007389057752,OSM
San Francisco,,2024,Maple Dr,37.75029969717469,-122.4259317104035,OSM
San Francisco,,419,Park Ave,37.74048425980803,-122.45521159162578,OSM
San Francisco,,2877,Main St,37.726054605752694,-122.42822629548688,OSM
San Francisco,,5185,Maple Dr,37.750522213688846,-122.40715233626001,OSM
San Francisco,,7620,Elm St,37.777000286993314,-122.4379288306882,OSM
San Francisco,,6217,Park Ave,37.76319113408742,-122.37120854946124,OSM
San Francisco,,9259,Elm St,37.802573288226725,-122.37642187358448,OSM
San Francisco,,3125,Park Ave,37.73266689725106,-122.37130796994089,OSM
San Francisco,,7450,Elm St,37.7921126652815,-122.42024267764836,OSM
San Francisco,,7691,Oak Ave,37.72877870830846,-122.4357013101111,OSM
San Francisco,,3715,Washington Blvd,37.74094866205089,-122.44154025103772,OSM
San Francisco,,733,Main St,37.810596063933,-122.39090790413344,OSM
San Francisco,,6087,Park Ave,37.76666183194597,-122.40222282707397,OSM
San Francisco,,5811,Park Ave,37.80662338759167,-122.39640789559803,OSM
San Francisco,,942,Park Ave,37.796821953086024,-122.44837877698407,OSM
San Francisco,,8035,Main St,37.772247770404164,-122.37218145414751,OSM
San Francisco,,5620,Washington Blvd,37.7573232242695,-122.4158633997667,OSM
San Francisco,,6318,Oak Ave,37.76020640217864,-122.38597981442618,OSM
San Francisco,,1230,Main St,37.786594836918624,-122.37798432767435,OSM
San Francisco,,7237,Park Ave,37.737601411545235,-122.45417721569947,OSM
San Francisco,,1350,Maple Dr,37.76247193521249,-122.39286739625405,OSM
San Francisco,,9298,Park Ave,37.804056215827394,-122.41840064658528,OSM
San Francisco,,763,Oak Ave,37.80179537418224,-122.37792637912767,OSM
San Francisco,,3335,Main St,37.764182026409976,-122.43064923488724,OSM
San Francisco,,1535,Main St,37.79788181949531,-122.4209660514938,OSM
San Francisco,,8612,Washington Blvd,37.813142097169354,-122.38438599104693,OSM
San Francisco,,9432,Maple Dr,37.76597017929562,-122.4547356246968,OSM
San Francisco,,9150,Washington Blvd,37.74209642144317,-122.38820946955548,OSM
San Francisco,,636,Washington Blvd,37.74069848097338,-122.40148510629942,OSM
San Francisco,,7623,Maple Dr,37.79488668568611,-122.41739233331852,OSM
San Francisco,,6434,Main St,37.780038050539545,-122.37296651470523,OSM
San Francisco,,8144,Oak Ave,37.73745979842314,-122.38410209143407,OSM
San Francisco,,6168,Park Ave,37.80441259641749,-122.43731663266975,OSM
San Francisco,,5434,Washington Blvd,37.81914040720438,-122.45670459880351,OSM
San Francisco,,5218,Oak Ave,37.7850828097767,-122.37674326572893,OSM
San Francisco,,9804,Maple Dr,37.764508636154325,-122.44819700958416,OSM
San Francisco,,4211,Oak Ave,37.805175573718735,-122.3948744367673,OSM
San Francisco,,8995,Elm St,37.80511900389937,-122.41778615902061,OSM
San Francisco,,5205,Elm St,37.73626881954897,-122.44430625924304,OSM
San Francisco,,9407,Park Ave,37.77281729224242,-122.44445437715282,OSM
San Francisco,,6494,Main St,37.75451301776278,-122.38327283819197,OSM
San Francisco,,6085,Oak Ave,37.770580501489135,-122.42472262788645,OSM
San Francisco,,2138,Oak Ave,37.80306636421582,-122.43136589920577,OSM
San Francisco,,4727,Maple Dr,37.759541986552186,-122.39355102626882,OSM
San Francisco,,6519,Oak Ave,37.80887516029981,-122.45436993667545,OSM
San Francisco,,9045,Park Ave,37.78344023390857,-122.42532364662299,OSM
San Francisco,,4618,Park Ave,37.78619953591841,-122.44236837920253,OSM
San Francisco,,485,Elm St,37.74474165207786,-122.40660116399397,OSM
San Francisco,,6965,Elm St,37.81071756439438,-122.4076140807967,OSM
San Francisco,,3527,Main St,37.7321598297783,-122.40142378511887,OSM
San Francisco,,9164,Maple Dr,37.79402627054512,-122.37582675095466,OSM
San Francisco,,306,Elm St,37.75533794877109,-122.4144720345242,OSM
San Francisco,,2611,Park Ave,37.7567395166665,-122.40020607724908,OSM
San Francisco,,7680,Washington Blvd,37.76696275814177,-122.3762362734388,OSM
San Francisco,,7642,Elm St,37.743532287783644,-122.43101320997042,OSM
San Francisco,,8991,Washington Blvd,37.74159528070679,-122.3916898337054,OSM
San Francisco,,7442,Park Ave,37.78223632273793,-122.43752882723622,OSM
San Francisco,,2814,Elm St,37.74913313800521,-122.44651776296934,OSM
San Francisco,,9407,Washington Blvd,37.73813428328526,-122.44791031420381,OSM
San Francisco,,8744,Main St,37.73713443677113,-122.37480619414808,OSM
San Francisco,,771,Main St,37.738467065232015,-122.45089090193741,OSM
San Francisco,,8761,Maple Dr,37.772327535471554,-122.39211301227664,OSM
San Francisco,,4601,Main St,37.776815809652476,-122.46109442714669,OSM
San Francisco,,906,Oak Ave,37.730826055757674,-122.38586930965529,OSM
San Francisco,,9107,Park Ave,37.79184945640291,-122.38577982451841,OSM
San Francisco,,102,Maple Dr,37.818244464324195,-122.3841901543499,OSM
San Francisco,,6121,Maple Dr,37.76549426720889,-122.38026975350587,OSM
San Francisco,,43,Elm St,37.730886456011085,-122.45419626029742,OSM
San Francisco,,1282,Maple Dr,37.763016878942935,-122.46055024593691,OSM
San Francisco,,1180,Maple Dr,37.77950539267203,-122.43382986533821,OSM
San Francisco,,5945,Maple Dr,37.768100936394774,-122.45829157181771,OSM
San Francisco,,9542,Washington Blvd,37.77291554037938,-122.41930456238254,OSM
San Francisco,,5143,Maple Dr,37.80086707285321,-122.38844783072523,OSM
San Francisco,,6804,Elm St,37.80871606738056,-122.42583035401701,OSM
San Francisco,,5666,Elm St,37.79173836530764,-122.45493466217972,OSM
San Francisco,,6451,Park Ave,37.730694706413296,-122.39808905191299,OSM
San Francisco,,1358,Oak Ave,37.806587861546305,-122.45375989793766,OSM
San Francisco,,4866,Washington Blvd,37.738218920258014,-122.433587001197,OSM
San Francisco,,2941,Elm St,37.74373230338339,-122.42352605900734,OSM
San Francisco,,734,Washington Blvd,37.738285264279135,-122.4431391720444,OSM
San Francisco,,9661,Oak Ave,37.728180587283035,-122.38122145927866,OSM
San Francisco,,3880,Park Ave,37.73703301513758,-122.42607219474074,OSM
San Francisco,,1793,Elm St,37.81517463382365,-122.43289649926191,OSM
San Francisco,,1548,Oak Ave,37.74764206467373,-122.37821536810729,OSM
San Francisco,,154,Main St,37.75662860589643,-122.46681785549053,OSM
San Francisco,,4417,Maple Dr,37.740755671405964,-122.38844714848392,OSM
San Francisco,,3505,Elm St,37.801809578780485,-122.37677698741972,OSM
San Francisco,,7570,Park Ave,37.75506308578087,-122.40787154432543,OSM
San Francisco,,5356,Maple Dr,37.72558639341875,-122.43189163872245,OSM
San Francisco,,1157,Park Ave,37.73740219592504,-122.42174035835491,OSM
San Francisco,,8758,Park Ave,37.80286605664976,-122.40848668690548,OSM
San Francisco,,2153,Park Ave,37.752058737530895,-122.45123079659679,OSM
San Francisco,,3134,Maple Dr,37.7386344851226,-122.44785292658516,OSM
San Francisco,,1427,Washington Blvd,37.77641209549624,-122.42967575635436,OSM
San Francisco,,9529,Elm St,37.78707490492377,-122.37598765772563,OSM
San Francisco,,2003,Oak Ave,37.799810063477906,-122.38265972427004,OSM
San Francisco,,1144,Park Ave,37.80172421726216,-122.45250667006117,OSM
San Francisco,,225,Oak Ave,37.76758126630714,-122.42814592934694,OSM
San Francisco,,2414,Park Ave,37.81855939404509,-122.44466056409236,OSM
San Francisco,,5735,Oak Ave,37.74231006697805,-122.39074140371156,OSM
San Francisco,,5007,Maple Dr,37.74798092734692,-122.41308386041122,OSM
San Francisco,,8346,Park Ave,37.780473728836164,-122.37371571548208,OSM
San Francisco,,2202,Park Ave,37.74245634485711,-122.451612699313,OSM
San Francisco,,4658,Elm St,37.731279878330916,-122.4311920893478,OSM
San Francisco,,115,Park Ave,37.74157385211303,-122.38871459742693,OSM
San Francisco,,3920,Washington Blvd,37.798294769379225,-122.3789599345936,OSM
San Francisco,,7724,Maple Dr,37.75085514950948,-122.38703088309332,OSM
San Francisco,,427,Maple Dr,37.79333830820995,-122.44801433114294,OSM
San Francisco,,8173,Park Ave,37.81690941967749,-122.44816173500374,OSM
San Francisco,,3760,Elm St,37.75876986863875,-122.38513401050061,OSM
San Francisco,,3220,Maple Dr,37.80680636780029,-122.37259886911451,OSM
San Francisco,,6524,Elm St,37.75637661626266,-122.44621838919387,OSM
San Francisco,,1366,Elm St,37.81835402532775,-122.38564576475324,OSM
San Francisco,,2485,Main St,37.73653608653791,-122.42016520173553,OSM
San Francisco,,8311,Washington Blvd,37.76749499464045,-122.46821422709523,OSM
San Francisco,,3378,Main St,37.771126557558205,-122.4564654703841,OSM
San Francisco,,8665,Elm St,37.799522703642246,-122.40470546821993,OSM
San Francisco,,6659,Elm St,37.8089378286715,-122.42580545422653,OSM
San Francisco,,8542,Oak Ave,37.782486302297606,-122.43203883105504,OSM
San Francisco,,8836,Maple Dr,37.7429822151405,-122.37206172939742,OSM
San Francisco,,9631,Maple Dr,37.7337444557765,-122.42368272351017,OSM
San Francisco,,9028,Park Ave,37.80301702271316,-122.42772122547179,OSM
San Francisco,,20,Park Ave,37.74293475451113,-122.46166603066062,OSM
San Francisco,,3862,Washington Blvd,37.743422345736775,-122.44053544248271,OSM
San Francisco,,9237,Maple Dr,37.77670725135949,-122.45407199215497,OSM
San Francisco,,2095,Maple Dr,37.72826718606444,-122.4636489625426,OSM
San Francisco,,8796,Elm St,37.77252688360081,-122.4020936783512,OSM
San Francisco,,5368,Main St,37.740324189079764,-122.42955390269812,OSM
San Francisco,,2475,Elm St,37.72523038459731,-122.41135216783088,OSM
San Francisco,,4609,Park Ave,37.77700139182793,-122.39000936794079,OSM
San Francisco,,4647,Washington Blvd,37.790396182743606,-122.40808389533044,OSM
San Francisco,,8798,Park Ave,37.822045818145085,-122.39788292845934,OSM
San Francisco,,1804,Park Ave,37.78136491146141,-122.38612295907318,OSM
San Francisco,,8968,Maple Dr,37.81446244244366,-122.40225266448329,OSM
San Francisco,,8302,Oak Ave,37.74833549698825,-122.37748989078983,OSM
San Francisco,,7479,Elm St,37.725204074620855,-122.46678576486931,OSM
San Francisco,,956,Maple Dr,37.78799831069245,-122.45524131654004,OSM
San Francisco,,8575,Elm St,37.747713724535664,-122.42414437081142,OSM
San Francisco,,3228,Main St,37.7579426007886,-122.42743102605846,OSM
San Francisco,,4267,Oak Ave,37.76455293571365,-122.46399680463574,OSM
San Francisco,,5881,Oak Ave,37.75145123256713,-122.39527535988084,OSM
San Francisco,,1090,Oak Ave,37.75711228841579,-122.46645888450566,OSM
San Francisco,,3567,Maple Dr,37.80223697911101,-122.43206369334175,OSM
San Francisco,,4778,Oak Ave,37.821763077761645,-122.4681136986833,OSM
San Francisco,,2464,Washington Blvd,37.80428232048607,-122.46481312508901,OSM
San Francisco,,8769,Maple Dr,37.809651601776864,-122.3908658473064,OSM
San Francisco,,4718,Park Ave,37.80151172376815,-122.44260480238887,OSM
San Francisco,,1471,Maple Dr,37.743515785710066,-122.41487997287925,OSM
San Francisco,,9022,Elm St,37.740163665446325,-122.40727920180176,OSM
San Francisco,,794,Maple Dr,37.81012265947201,-122.43441569392715,OSM
San Francisco,,8639,Washington Blvd,37.737716949003406,-122.46316775114408,OSM
San Francisco,,4199,Oak Ave,37.735199700645595,-122.44594372328145,OSM
San Francisco,,1873,Maple Dr,37.80918691083628,-122.40515252930598,OSM
San Francisco,,3356,Washington Blvd,37.80757994084281,-122.46682896834557,OSM
San Francisco,,5760,Washington Blvd,37.770303623996554,-122.37199791333073,OSM
San Francisco,,5017,Maple Dr,37.79799758972308,-122.43288631223963,OSM
San Francisco,,602,Oak Ave,37.809444205113884,-122.42113839375894,OSM
San Francisco,,4781,Main St,37.78068791606256,-122.46522303353538,OSM
San Francisco,,5810,Elm St,37.77099828077863,-122.3845496949042,OSM
San Francisco,,73,Park Ave,37.727392931084474,-122.43931936023499,OSM
San Francisco,,5512,Maple Dr,37.799697611758546,-122.41525578169106,OSM
San Francisco,,1114,Main St,37.731379795628186,-122.41398932128078,OSM
San Francisco,,1566,Maple Dr,37.75570904364106,-122.40105335316296,OSM
San Francisco,,5997,Maple Dr,37.74259897686494,-122.44787655026447,OSM
San Francisco,,8487,Washington Blvd,37.73209664677455,-122.40648732674121,OSM
San Francisco,,4856,Washington Blvd,37.79631576918327,-122.37248567442188,OSM
San Francisco,,7387,Main St,37.76441462812002,-122.43865757284622,OSM
San Francisco,,2289,Oak Ave,37.75686559691978,-122.44068095248319,OSM
San Francisco,,9839,Washington Blvd,37.816667150607806,-122.45473984593323,OSM
San Francisco,,5391,Maple Dr,37.73219773317773,-122.41462686797733,OSM
San Francisco,,283,Main St,37.79084305103405,-122.38004561602067,OSM
San Francisco,,5444,Park Ave,37.74059618404415,-122.44579280070091,OSM
San Francisco,,7658,Main St,37.81766740606181,-122.4073132320896,OSM
San Francisco,,4187,Elm St,37.81255258024808,-122.37841116246,OSM
San Francisco,,6729,Maple Dr,37.7386267551383,-122.38580942784603,OSM
San Francisco,,8084,Washington Blvd,37.7690680283495,-122.44227246089228,OSM
San Francisco,,7424,Oak Ave,37.80332566971988,-122.44970096468926,OSM
San Francisco,,3196,Maple Dr,37.76507520319174,-122.45138426760036,OSM
San Francisco,,322,Elm St,37.789095875499854,-122.43178169279369,OSM
San Francisco,,6722,Elm St,37.806883539731466,-122.41605255645354,OSM
San Francisco,,8105,Main St,37.797534966743854,-122.44455695811106,OSM
San Francisco,,7805,Washington Blvd,37.80622389971252,-122.4676456272287,OSM
San Francisco,,6301,Washington Blvd,37.81469272958412,-122.46812659144392,OSM
San Francisco,,7141,Park Ave,37.818063252297726,-122.42305072893036,OSM
San Francisco,,1182,Park Ave,37.79661855281488,-122.39773152541622,OSM
San Francisco,,7240,Elm St,37.763024709086764,-122.37219217957444,OSM
San Francisco,,6921,Park Ave,37.79758802502406,-122.44320128833273,OSM
San Francisco,,2849,Elm St,37.74498078933236,-122.37246680097391,OSM
San Francisco,,464,Elm St,37.74304968005795,-122.3781275656239,OSM
San Francisco,,1546,Main St,37.72608039332252,-122.39936263783042,OSM
San Francisco,,338,Park Ave,37.798598843225996,-122.45227716162086,OSM
San Francisco,,88,Main St,37.79240927566305,-122.44191776140738,OSM
San Francisco,,1085,Park Ave,37.779654329367425,-122.46593822834966,OSM
San Francisco,,754,Washington Blvd,37.79821066968578,-122.42683484012134,OSM
San Francisco,,351,Washington Blvd,37.732411467998084,-122.43641194406132,OSM
San Francisco,,7651,Oak Ave,37.740079060995235,-122.43280791383933,OSM
San Francisco,,6731,Oak Ave,37.810072023043126,-122.40351954638186,OSM
San Francisco,,5764,Maple Dr,37.811559941100406,-122.40669544485004,OSM
San Francisco,,2127,Elm St,37.811783801047156,-122.37947543219117,OSM
San Francisco,,4941,Elm St,37.796816536269006,-122.43933905733972,OSM
San Francisco,,7934,Oak Ave,37.78724505371515,-122.3824789297298,OSM
San Francisco,,517,Main St,37.808466224798636,-122.45761184416395,OSM
San Francisco,,2393,Elm St,37.81250723791509,-122.41741652922111,OSM
San Francisco,,8173,Washington Blvd,37.74557807692575,-122.46292538697358,OSM
San Francisco,,165,Washington Blvd,37.73810448728874,-122.46165425794482,OSM
San Francisco,,2008,Elm St,37.81723800923057,-122.42170182161779,OSM
San Francisco,,7183,Park Ave,37.78053831753953,-122.41865816396208,OSM
San Francisco,,662,Main St,37.77569596317899,-122.4009624243042,OSM
San Francisco,,8830,Elm St,37.80029093671345,-122.4207410509146,OSM
San Francisco,,9109,Main St,37.814098524656295,-122.37883386128107,OSM
San Francisco,,4678,Oak Ave,37.75271291841116,-122.37324720860644,OSM
San Francisco,,6693,Park Ave,37.79860817084629,-122.45200508787768,OSM
San Francisco,,8511,Main St,37.76787601006383,-122.40063831366533,OSM
San Francisco,,1667,Maple Dr,37.77129343042316,-122.4266513737415,OSM
San Francisco,,8991,Park Ave,37.763455173518956,-122.426045899888,OSM
San Francisco,,5639,Park Ave,37.77441033582408,-122.44482805190172,OSM
San Francisco,,8456,Park Ave,37.74169317867663,-122.42603815469703,OSM
San Francisco,,1806,Park Ave,37.743767228709515,-122.46845801673051,OSM
San Francisco,,7748,Maple Dr,37.761553473613574,-122.46297057056135,OSM
San Francisco,,8254,Washington Blvd,37.805152272804825,-122.38900822535074,OSM
San Francisco,,9866,Washington Blvd,37.806691125889714,-122.41991576195413,OSM
San Francisco,,3031,Park Ave,37.79322519198322,-122.39353607458827,OSM
San Francisco,,3880,Washington Blvd,37.81330998081899,-122.39631838854623,OSM
San Francisco,,5674,Maple Dr,37.81459000257761,-122.3709858065863,OSM
San Francisco,,4527,Elm St,37.72889004793302,-122.45506610487605,OSM
San Francisco,,3268,Main St,37.75999538156721,-122.39266393914916,OSM
San Francisco,,1867,Elm St,37.76383580430923,-122.45460953186411,OSM
San Francisco,,2026,Maple Dr,37.798210419328306,-122.37793414071186,OSM
San Francisco,,7962,Washington Blvd,37.791239273178604,-122.43833813403201,OSM
San Francisco,,8194,Washington Blvd,37.79408568656086,-122.38893936829267,OSM
San Francisco,,657,Maple Dr,37.779639058870565,-122.44621576369848,OSM
San Francisco,,2020,Oak Ave,37.7278702043982,-122.41387629655569,OSM
San Francisco,,3288,Maple Dr,37.739261822330455,-122.41687777346388,OSM
San Francisco,,1637,Maple Dr,37.81523319041533,-122.40526983107839,OSM
San Francisco,,4506,Maple Dr,37.75302513201913,-122.44128196564868,OSM
San Francisco,,9826,Elm St,37.819110360280014,-122.4600696000676,OSM
San Francisco,,647,Maple Dr,37.74268573084312,-122.40826658062082,OSM
San Francisco,,8783,Oak Ave,37.749997625967445,-122.46749722945935,OSM
San Francisco,,3648,Oak Ave,37.81017370286154,-122.42829477680084,OSM
San Francisco,,2215,Maple Dr,37.734608475854444,-122.3965126667421,OSM
San Francisco,,8390,Oak Ave,37.74421753277785,-122.41800647414453,OSM
San Francisco,,9356,Washington Blvd,37.80149670958764,-122.42073679664384,OSM
San Francisco,,294,Maple Dr,37.777746232684464,-122.39253941868313,OSM
San Francisco,,1655,Elm St,37.75619363646989,-122.40220290654587,OSM
San Francisco,,4118,Elm St,37.81127767556152,-122.37187962221363,OSM
San Francisco,,5492,Main St,37.787951290430364,-122.43077979584568,OSM
San Francisco,,5963,Main St,37.780055639318235,-122.45552235636674,OSM
San Francisco,,5599,Park Ave,37.821748703432775,-122.40884015469932,OSM
San Francisco,,2539,Main St,37.73307262606811,-122.46290242547465,OSM
San Francisco,,2231,Park Ave,37.820163443244496,-122.4048008159598,OSM
San Francisco,,454,Park Ave,37.73094461019538,-122.38597349394603,OSM
San Francisco,,7858,Washington Blvd,37.80797528742329,-122.46265852546247,OSM
San Francisco,,9451,Washington Blvd,37.74574370128466,-122.44407298388911,OSM
San Francisco,,9518,Washington Blvd,37.797633479816184,-122.42303111723129,OSM
San Francisco,,5925,Oak Ave,37.76650648902185,-122.40216302233347,OSM
San Francisco,,6895,Oak Ave,37.7902472084545,-122.38756126166989,OSM
San Francisco,,897,Main St,37.74762109634096,-122.45879148525727,OSM
San Francisco,,7485,Washington Blvd,37.74822113663974,-122.38717862764001,OSM
San Francisco,,8612,Oak Ave,37.75815575354861,-122.42740043594775,OSM
San Francisco,,3945,Oak Ave,37.813807381342095,-122.46573922543932,OSM
San Francisco,,7548,Elm St,37.796725661849464,-122.42671171784798,OSM
San Francisco,,7706,Oak Ave,37.73366675101931,-122.3759501497569,OSM
San Francisco,,6472,Main St,37.813025225928804,-122.38662318809345,OSM
San Francisco,,1756,Maple Dr,37.72727187688109,-122.39245808563942,OSM
San Francisco,,2996,Maple Dr,37.76689414742288,-122.42003931421036,OSM
San Francisco,,7708,Oak Ave,37.75092890427666,-122.39444799452869,OSM
San Francisco,,5567,Washington Blvd,37.73703080775475,-122.37355991682861,OSM
San Francisco,,5343,Park Ave,37.775732951506626,-122.46372264946264,OSM
San Francisco,,2558,Oak Ave,37.75807410678133,-122.37636964297182,OSM
San Francisco,,6569,Elm St,37.75859858996745,-122.4364876039742,OSM
San Francisco,,6587,Park Ave,37.822559361065984,-122.41497069448918,OSM
San Francisco,,7143,Oak Ave,37.81893410328873,-122.42901988084388,OSM
San Francisco,,1002,Park Ave,37.774541339180075,-122.45732636915007,OSM
San Francisco,,5316,Oak Ave,37.78105517009432,-122.3847954646149,OSM
San Francisco,,7037,Main St,37.75033401439293,-122.40987735348199,OSM
San Francisco,,1418,Maple Dr,37.822461531197426,-122.41902056299625,OSM
San Francisco,,6618,Washington Blvd,37.79265308801151,-122.46253176627516,OSM
San Francisco,,4038,Main St,37.80676711105559,-122.40747165388517,OSM
San Francisco,,5695,Washington Blvd,37.79209405730422,-122.46929956227768,OSM
San Francisco,,9334,Elm St,37.779370681179564,-122.41219381363814,OSM
San Francisco,,2757,Washington Blvd,37.79984559365321,-122.43493801460787,OSM
San Francisco,,3583,Washington Blvd,37.80479645485242,-122.46852615921587,OSM
San Francisco,,1947,Main St,37.8122252063449,-122.45683892829433,OSM
San Francisco,,7901,Maple Dr,37.78569638091771,-122.39049073214429,OSM
San Francisco,,5104,Oak Ave,37.73548219050241,-122.4336355617061,OSM
San Francisco,,5350,Washington Blvd,37.777840148597015,-122.42658508396681,OSM
San Francisco,,6282,Main St,37.73551689137388,-122.37773847324476,OSM
San Francisco,,6805,Main St,37.72883094430906,-122.45677990758759,OSM
San Francisco,,3544,Park Ave,37.77745249939768,-122.46594263620197,OSM
San Francisco,,322,Oak Ave,37.7842994672167,-122.44720476011271,OSM
San Francisco,,1876,Park Ave,37.781992557683026,-122.45870106740972,OSM
San Francisco,,8008,Maple Dr,37.7554406826,-122.3991144854438,OSM
San Francisco,,748,Washington Blvd,37.7642810635386,-122.40967941669727,OSM
San Francisco,,4085,Oak Ave,37.762423502072046,-122.43682532253445,OSM
San Francisco,,6984,Maple Dr,37.769411749083176,-122.4274287260784,OSM
San Francisco,,8123,Oak Ave,37.81545401389793,-122.45325528021513,OSM
San Francisco,,454,Elm St,37.740552745689435,-122.4384499660191,OSM
San Francisco,,143,Washington Blvd,37.778473801297054,-122.43755938794297,OSM
San Francisco,,5621,Maple Dr,37.8199868788795,-122.43010544972589,OSM
San Francisco,,1965,Washington Blvd,37.7674478378672,-122.45098970338059,OSM
San Francisco,,5786,Washington Blvd,37.77676849466864,-122.4274371270067,OSM
San Francisco,,3408,Washington Blvd,37.75611170753862,-122.38193710988153,OSM
San Francisco,,9690,Park Ave,37.76173112606054,-122.41059054430562,OSM
San Francisco,,2726,Elm St,37.81274072111879,-122.44457287971471,OSM
San Francisco,,2215,Elm St,37.8175391996921,-122.43392268392297,OSM
San Francisco,,9515,Park Ave,37.77421262386725,-122.40622961993904,OSM
San Francisco,,5776,Maple Dr,37.75127738056918,-122.45376404143407,OSM
San Francisco,,5266,Park Ave,37.75366963394391,-122.44316578175132,OSM
San Francisco,,476,Washington Blvd,37.784989907824375,-122.45060943935889,OSM
San Francisco,,5441,Main St,37.809534012906035,-122.42480054523126,OSM
San Francisco,,2147,Oak Ave,37.8144881407327,-122.45901812551678,OSM
San Francisco,,173,Maple Dr,37.74513171531826,-122.37991635622497,OSM
San Francisco,,280,Main St,37.772851420192985,-122.44927054686026,OSM
San Francisco,,3403,Oak Ave,37.782831228246465,-122.46778325434686,OSM
San Francisco,,6516,Maple Dr,37.778857839559876,-122.3789362999658,OSM
San Francisco,,1036,Park Ave,37.737033340417184,-122.4679669169871,OSM
San Francisco,,2866,Maple Dr,37.775679533055516,-122.43610481741258,OSM
San Francisco,,2222,Elm St,37.75884121540574,-122.4051862128704,OSM
San Francisco,,6822,Washington Blvd,37.73629264167907,-122.37362961640297,OSM
San Francisco,,2258,Elm St,37.7268340215124,-122.4510838345163,OSM
San Francisco,,3098,Elm St,37.78295076587099,-122.4306947424435,OSM
San Francisco,,5572,Oak Ave,37.78215370670972,-122.39248978231839,OSM
San Francisco,,6337,Oak Ave,37.76791333907146,-122.44637802990302,OSM
San Francisco,,7062,Elm St,37.72817430507966,-122.43260870546347,OSM
San Francisco,,5782,Washington Blvd,37.73186127696092,-122.4450600467535,OSM
San Francisco,,7199,Washington Blvd,37.81164965573847,-122.44439487178904,OSM
San Francisco,,8017,Park Ave,37.74941123638608,-122.37221315975142,OSM
San Francisco,,6102,Elm St,37.72525298136426,-122.45124801853781,OSM
San Francisco,,2577,Washington Blvd,37.7582585350136,-122.45678345596367,OSM
San Francisco,,2093,Park Ave,37.73245017019841,-122.38848550367062,OSM
San Francisco,,5719,Oak Ave,37.82038518201195,-122.40299446657335,OSM
San Francisco,,8178,Washington Blvd,37.79925131380312,-122.3992674570287,OSM
San Francisco,,3731,Main St,37.75999969162001,-122.40581368952586,OSM
San Francisco,,1606,Oak Ave,37.78930897307343,-122.37965306155942,OSM
San Francisco,,6512,Oak Ave,37.74026994668987,-122.46488432986271,OSM
San Francisco,,5763,Washington Blvd,37.76799285130107,-122.4278072035172,OSM
San Francisco,,4776,Elm St,37.74280032885783,-122.43430131721985,OSM
San Francisco,,1468,Elm St,37.820176123029746,-122.46793997244099,OSM
San Francisco,,3050,Park Ave,37.782572433804596,-122.43299845103472,OSM
San Francisco,,7783,Washington Blvd,37.79475885715058,-122.38549307484499,OSM
San Francisco,,3169,Main St,37.72944689318025,-122.41046042828319,OSM
San Francisco,,1764,Washington Blvd,37.819788004039644,-122.42386459008839,OSM
San Francisco,,2925,Washington Blvd,37.759357654133424,-122.45692768313968,OSM
San Francisco,,3020,Main St,37.77134934323283,-122.46767805038613,OSM
San Francisco,,4876,Washington Blvd,37.81258736967783,-122.3924942324832,OSM
San Francisco,,8623,Washington Blvd,37.81513648874446,-122.37409824466035,OSM
San Francisco,,7754,Oak Ave,37.78725291602278,-122.40425217025607,OSM
San Francisco,,180,Washington Blvd,37.77070431063,-122.44663823870503,OSM
San Francisco,,3696,Maple Dr,37.78769726491404,-122.44994015715515,OSM
San Francisco,,9161,Washington Blvd,37.789635395489654,-122.44581124333679,OSM
San Francisco,,8632,Park Ave,37.80982437509864,-122.46836496582908,OSM
San Francisco,,2227,Main St,37.811585238837544,-122.42721728556894,OSM
San Francisco,,5614,Main St,37.802165801698,-122.4533590976107,OSM
San Francisco,,6136,Main St,37.77481137916526,-122.45793721719053,OSM
San Francisco,,1341,Washington Blvd,37.73591826683136,-122.42396746534274,OSM
San Francisco,,4023,Maple Dr,37.80280854354012,-122.3751834279941,OSM
San Francisco,,5781,Main St,37.756072214971084,-122.43127290043645,OSM
San Francisco,,963,Elm St,37.775810709966905,-122.46699787956702,OSM
San Francisco,,168,Elm St,37.739629252780816,-122.44657068557717,OSM
San Francisco,,8221,Main St,37.74941707410916,-122.44465050066285,OSM
San Francisco,,3885,Elm St,37.771433198193044,-122.44014784009302,OSM
San Francisco,,2913,Main St,37.74461060575307,-122.4632788951328,OSM
San Francisco,,4495,Washington Blvd,37.74862727097765,-122.4249006982385,OSM
San Francisco,,7253,Washington Blvd,37.75447953890778,-122.44857272020967,OSM
San Francisco,,7085,Oak Ave,37.76738487089811,-122.46628710420778,OSM
San Francisco,,265,Washington Blvd,37.76045452922806,-122.43888974928012,OSM
San Francisco,,5139,Washington Blvd,37.81435334059208,-122.44107250675725,OSM
San Francisco,,1196,Park Ave,37.820062497618125,-122.4018394829074,OSM
San Francisco,,4959,Main St,37.82049065943314,-122.42328728604882,OSM
San Francisco,,2356,Maple Dr,37.82391983450776,-122.39433092487839,OSM
San Francisco,,6845,Park Ave,37.77818311491951,-122.4058821680335,OSM
San Francisco,,6705,Elm St,37.78703710108232,-122.44225171829878,OSM
San Francisco,,1752,Elm St,37.76581639822607,-122.3990843482054,OSM
San Francisco,,6183,Maple Dr,37.78829189954129,-122.41349637841027,OSM
San Francisco,,8684,Maple Dr,37.82396803390437,-122.4067321354013,OSM
San Francisco,,3410,Main St,37.774534304949164,-122.3916939193724,OSM
San Francisco,,684,Elm St,37.78031741445959,-122.42158685977535,OSM
San Francisco,,1358,Maple Dr,37.73473110683955,-122.3963715868349,OSM
San Francisco,,6300,Park Ave,37.79088957084354,-122.44973926244249,OSM
San Francisco,,5280,Main St,37.74249232126072,-122.46355053680682,OSM
San Francisco,,9838,Washington Blvd,37.77146077740849,-122.45550615982462,OSM
San Francisco,,1380,Park Ave,37.77151351608603,-122.44165462416935,OSM
San Francisco,,1045,Oak Ave,37.76128572114252,-122.41451520675301,OSM
San Francisco,,4998,Washington Blvd,37.777695747303106,-122.46503927778139,OSM
San Francisco,,8708,Washington Blvd,37.80763628509818,-122.42280845939264,OSM
San Francisco,,5727,Elm St,37.73601152052049,-122.38526220120742,OSM
San Francisco,,1153,Park Ave,37.77614959941474,-122.41182268543542,OSM
San Francisco,,8286,Park Ave,37.7870478301996,-122.38699757926207,OSM
San Francisco,,1971,Elm St,37.760185479209454,-122.40040270192434,OSM
San Francisco,,3656,Maple Dr,37.77007144727007,-122.40584639433072,OSM
San Francisco,,1712,Washington Blvd,37.78593170840806,-122.41520601994876,OSM
San Francisco,,3907,Maple Dr,37.75990112989744,-122.39985370903293,OSM
San Francisco,,2105,Park Ave,37.81345825854811,-122.45327263100559,OSM
San Francisco,,9398,Maple Dr,37.76801750097141,-122.44232937323193,OSM
San Francisco,,9382,Park Ave,37.767763642417705,-122.38230823730733,OSM
San Francisco,,8210,Washington Blvd,37.81664606129474,-122.41490755215872,OSM
San Francisco,,4913,Washington Blvd,37.76587264425854,-122.38298089782415,OSM
San Francisco,,9122,Park Ave,37.80737028996494,-122.45289515359684,OSM
San Francisco,,5690,Washington Blvd,37.8020642466166,-122.43949192381542,OSM
San Francisco,,6154,Oak Ave,37.7808427501827,-122.40085574517734,OSM
San Francisco,,6132,Main St,37.788488128053785,-122.43795519383214,OSM
San Francisco,,2320,Maple Dr,37.750700024510955,-122.42026165908935,OSM
San Francisco,,2512,Maple Dr,37.72827349522574,-122.46414339360223,OSM
San Francisco,,7460,Oak Ave,37.78684012310602,-122.38925554511884,OSM
San Francisco,,9459,Elm St,37.79081127116063,-122.42328543792789,OSM
San Francisco,,2071,Washington Blvd,37.75306546418431,-122.4040604855117,OSM
San Francisco,,1948,Park Ave,37.80343380130271,-122.40370508465102,OSM
San Francisco,,1406,Elm St,37.725803822117506,-122.39659677101847,OSM
San Francisco,,8129,Main St,37.74604535053833,-122.39180142426842,OSM
San Francisco,,4842,Oak Ave,37.74078345157284,-122.45596569310614,OSM
San Francisco,,4170,Washington Blvd,37.72717791969235,-122.38071041868005,OSM
San Francisco,,9118,Washington Blvd,37.809171930396126,-122.40312230430838,OSM
San Francisco,,711,Maple Dr,37.800345122171215,-122.41538491034576,OSM
San Francisco,,3533,Maple Dr,37.795361374964365,-122.39967731333601,OSM
San Francisco,,790,Maple Dr,37.75325072451493,-122.4476520461911,OSM
San Francisco,,6746,Park Ave,37.746746136465326,-122.43629833369833,OSM
San Francisco,,7393,Oak Ave,37.79165338884967,-122.45870477511174,OSM
San Francisco,,5952,Elm St,37.77426064849242,-122.44630468994842,OSM
San Francisco,,3429,Park Ave,37.76615644276662,-122.4231820274257,OSM
San Francisco,,9523,Maple Dr,37.82199586092187,-122.42067130609965,OSM
San Francisco,,6137,Main St,37.79273009333215,-122.44638841028706,OSM
San Francisco,,5932,Maple Dr,37.79110504251676,-122.3869023162568,OSM
San Francisco,,6351,Elm St,37.792947613769655,-122.42400295814583,OSM
San Francisco,,5443,Maple Dr,37.81411042690443,-122.42778694267342,OSM
San Francisco,,7998,Elm St,37.8000494727,-122.40089152261018,OSM
San Francisco,,3465,Oak Ave,37.783370753928075,-122.38485109206528,OSM
San Francisco,,3946,Main St,37.76382604373933,-122.41630242871395,OSM
San Francisco,,8374,Main St,37.746559542943785,-122.37394520963504,OSM
San Francisco,,3510,Elm St,37.784496149726294,-122.43514185506365,OSM
San Francisco,,3616,Maple Dr,37.78832171237601,-122.41540374940567,OSM
San Francisco,,8005,Elm St,37.81420877559977,-122.41579572248449,OSM
San Francisco,,2096,Main St,37.775235740431626,-122.39970763760078,OSM
San Francisco,,7776,Main St,37.80450385978376,-122.40826372469397,OSM
San Francisco,,2694,Elm St,37.77421789405394,-122.43088365321846,OSM
San Francisco,,8680,Oak Ave,37.79852212596842,-122.40964460335714,OSM
San Francisco,,6128,Park Ave,37.77937158409937,-122.37054370706234,OSM
San Francisco,,5641,Oak Ave,37.819799595937596,-122.39682738052387,OSM
San Francisco,,1139,Main St,37.77174095007061,-122.41446577277132,OSM
San Francisco,,1648,Maple Dr,37.7888953097991,-122.40621936705959,OSM
San Francisco,,5377,Maple Dr,37.81023445020566,-122.41865574414187,OSM
San Francisco,,9916,Maple Dr,37.72597826182764,-122.38574381383387,OSM
San Francisco,,6921,Park Ave,37.82102672004206,-122.39072407935723,OSM
San Francisco,,5572,Oak Ave,37.80192109509019,-122.44352900628442,OSM
San Francisco,,2420,Park Ave,37.729802392238284,-122.40925814280044,OSM
San Francisco,,467,Elm St,37.7298606408662,-122.46669984374098,OSM
San Francisco,,7199,Washington Blvd,37.76773029741616,-122.43373216385157,OSM
San Francisco,,9532,Main St,37.8223453642998,-122.43613155344211,OSM
San Francisco,,4443,Oak Ave,37.75720034315867,-122.3886658330601,OSM
San Francisco,,1611,Maple Dr,37.81325156840453,-122.45719757668579,OSM
San Francisco,,3677,Maple Dr,37.82088776647445,-122.39478186182546,OSM
San Francisco,,6213,Main St,37.81279383166136,-122.40904458000055,OSM
San Francisco,,5342,Park Ave,37.78060787532162,-122.37158487145062,OSM
San Francisco,,4395,Maple Dr,37.755035654268234,-122.45540912519161,OSM
San Francisco,,3044,Washington Blvd,37.72847317399814,-122.45843837678873,OSM
San Francisco,,3349,Park Ave,37.74921756138682,-122.3847073821994,OSM
San Francisco,,2104,Washington Blvd,37.81912956011767,-122.44246777531534,OSM
San Francisco,,5775,Main St,37.811268363508894,-122.41023016686594,OSM
San Francisco,,8078,Elm St,37.758705039318684,-122.45937041132984,OSM
San Francisco,,5091,Oak Ave,37.75147076412364,-122.45457356590912,OSM
San Francisco,,6427,Washington Blvd,37.812253617712656,-122.41618416794194,OSM
San Francisco,,3828,Maple Dr,37.8004240404618,-122.45107041654421,OSM
San Francisco,,2868,Park Ave,37.755504960403684,-122.42005010845445,OSM
San Francisco,,4052,Elm St,37.8229796136638,-122.44852066869369,OSM
San Francisco,,7910,Maple Dr,37.8171099171447,-122.43513035202648,OSM
San Francisco,,2018,Elm St,37.788916843357256,-122.38569886292736,OSM
San Francisco,,4893,Main St,37.78100018129521,-122.46370744747605,OSM
San Francisco,,2201,Main St,37.7549265970274,-122.43335151110058,OSM
San Francisco,,794,Park Ave,37.787308419631515,-122.45223108455664,OSM
San Francisco,,689,Maple Dr,37.7323890030586,-122.39643089135711,OSM
San Francisco,,1124,Oak Ave,37.78871984926646,-122.4189951867605,OSM
San Francisco,,6262,Maple Dr,37.79349981102933,-122.43282088962827,OSM
San Francisco,,7936,Park Ave,37.73737079882062,-122.3975768074026,OSM
San Francisco,,7898,Oak Ave,37.81286289296894,-122.42398959739168,OSM
San Francisco,,2896,Main St,37.744697664607024,-122.39546222046346,OSM
San Francisco,,4169,Maple Dr,37.80745696907941,-122.38476872050256,OSM
San Francisco,,356,Main St,37.79933648701421,-122.40790373729286,OSM
San Francisco,,4131,Elm St,37.809273761621256,-122.37280610346733,OSM
San Francisco,,6611,Washington Blvd,37.81457218559561,-122.43941141804929,OSM
San Francisco,,9177,Main St,37.734360607857774,-122.43001764083021,OSM
San Francisco,,1100,Maple Dr,37.82117552061422,-122.44051603622943,OSM
San Francisco,,5539,Park Ave,37.79041604666908,-122.45392317086343,OSM
San Francisco,,5874,Oak Ave,37.759360492593565,-122.37383415139381,OSM
San Francisco,,823,Main St,37.76903598050968,-122.43463973781546,OSM
San Francisco,,7849,Maple Dr,37.81053524720437,-122.39231506327668,OSM
San Francisco,,4210,Oak Ave,37.77837751822942,-122.39862044502104,OSM
San Francisco,,3882,Main St,37.810886218616886,-122.38394896533995,OSM
San Francisco,,2267,Oak Ave,37.81032082590224,-122.36946853513675,OSM
San Francisco,,4939,Maple Dr,37.79145048376803,-122.3951610653287,OSM
San Francisco,,4276,Main St,37.78511091783146,-122.38240681811226,OSM
San Francisco,,9447,Park Ave,37.81984608704214,-122.40332652821948,OSM
San Francisco,,492,Elm St,37.81072346551075,-122.38247638087832,OSM
San Francisco,,768,Maple Dr,37.74270087957327,-122.39872749909213,OSM
San Francisco,,9463,Washington Blvd,37.77844203512695,-122.42319204532559,OSM
San Francisco,,8861,Main St,37.80721656090944,-122.42475733449638,OSM
San Francisco,,8586,Elm St,37.82427726068416,-122.41320179751206,OSM
San Francisco,,5782,Washington Blvd,37.76258953793462,-122.3706548527169,OSM
San Francisco,,7645,Main St,37.7967420210768,-122.39595703742275,OSM
San Francisco,,7335,Main St,37.76879696607416,-122.37677882242608,OSM
San Francisco,,6746,Maple Dr,37.76718959457141,-122.45217229714328,OSM
San Francisco,,3826,Washington Blvd,37.73741861342432,-122.45021614048265,OSM
San Francisco,,4156,Main St,37.75362343429331,-122.43441255164585,OSM
San Francisco,,2889,Oak Ave,37.75647639510683,-122.41008449811143,OSM
San Francisco,,9846,Oak Ave,37.82084033485739,-122.43303654675721,OSM
San Francisco,,4300,Oak Ave,37.795819281272,-122.45598813764839,OSM
San Francisco,,3518,Main St,37.81891016230676,-122.42343570716702,OSM
San Francisco,,7826,Elm St,37.74029612989347,-122.40395338269225,OSM
San Francisco,,6205,Main St,37.79400089932456,-122.43188855308945,OSM
San Francisco,,385,Maple Dr,37.80884130301313,-122.39695359849749,OSM
San Francisco,,1975,Main St,37.818823610324856,-122.45240248390157,OSM
San Francisco,,1259,Main St,37.82211666901477,-122.3883531994593,OSM
San Francisco,,2864,Elm St,37.816291065518605,-122.3902603910525,OSM
San Francisco,,7119,Oak Ave,37.812752935458256,-122.45949580528804,OSM
San Francisco,,3597,Washington Blvd,37.78026253179043,-122.42696302043515,OSM
San Francisco,,4891,Washington Blvd,37.73053481760014,-122.43333293303061,OSM
San Francisco,,1772,Oak Ave,37.793616853595395,-122.44910577175997,OSM
San Francisco,,7612,Oak Ave,37.740005581850845,-122.4301831615361,OSM
San Francisco,,1098,Maple Dr,37.76478537163339,-122.45463317260389,OSM
San Francisco,,8440,Elm St,37.80339298348831,-122.37832895306182,OSM
San Francisco,,9542,Main St,37.80451233282055,-122.44846751125742,OSM
San Francisco,,8843,Oak Ave,37.74415932562136,-122.39427695912133,OSM
San Francisco,,7182,Elm St,37.73604287862777,-122.46425528361168,OSM
San Francisco,,8572,Elm St,37.81902716816481,-122.43572026255974,OSM
San Francisco,,2151,Main St,37.76389697571074,-122.38905763374053,OSM
San Francisco,,2197,Maple Dr,37.73401975522176,-122.38181443938113,OSM
San Francisco,,2586,Main St,37.77640655177855,-122.42159389484327,OSM
San Francisco,,2281,Oak Ave,37.80052605263826,-122.43318099332642,OSM
San Francisco,,6669,Elm St,37.756913285797246,-122.46688878838053,OSM
San Francisco,,1415,Oak Ave,37.77805792172932,-122.45331295604883,OSM
San Francisco,,4785,Main St,37.800367593651934,-122.41620582114417,OSM
San Francisco,,9921,Washington Blvd,37.81607416871735,-122.42231955587496,OSM
San Francisco,,7332,Elm St,37.82450659019993,-122.46202563832814,OSM
San Francisco,,5076,Main St,37.760162576248945,-122.4547671003943,OSM
San Francisco,,6643,Park Ave,37.76227882697652,-122.39238985370041,OSM
San Francisco,,9198,Main St,37.73291250452336,-122.43173979651776,OSM
San Francisco,,2848,Maple Dr,37.821096404084095,-122.44470371659382,OSM
San Francisco,,6430,Washington Blvd,37.75599103001659,-122.41509741675974,OSM
San Francisco,,5722,Oak Ave,37.73783879134123,-122.40537741295758,OSM
San Francisco,,7473,Maple Dr,37.82187131957257,-122.42850676165803,OSM
San Francisco,,4796,Park Ave,37.78167926747899,-122.37145344768645,OSM
San Francisco,,4009,Main St,37.76595732549088,-122.46806053123869,OSM
San Francisco,,2581,Main St,37.737645831013936,-122.39211978950675,OSM
San Francisco,,1324,Park Ave,37.740851391404455,-122.4200618828905,OSM
San Francisco,,8775,Main St,37.764807710162046,-122.38700703316373,OSM
San Francisco,,2947,Oak Ave,37.73890664655302,-122.42036339826193,OSM
San Francisco,,942,Oak Ave,37.77311869005421,-122.3817375796035,OSM
San Francisco,,7354,Oak Ave,37.78021582602058,-122.42670198725348,OSM
San Francisco,,9084,Park Ave,37.75058171548335,-122.37334807606385,OSM
San Francisco,,9063,Elm St,37.80466547721085,-122.40239857494697,OSM
San Francisco,,5512,Elm St,37.75204304154696,-122.4273260337994,OSM
San Francisco,,3525,Main St,37.733209520788,-122.43175905453671,OSM
San Francisco,,1603,Oak Ave,37.82182175486374,-122.41858073377544,OSM
San Francisco,,2111,Main St,37.739986012354116,-122.3795414330109,OSM
San Francisco,,4042,Maple Dr,37.7298735711306,-122.37505568669943,OSM
San Francisco,,5066,Washington Blvd,37.78720615857855,-122.43200264535109,OSM
San Francisco,,5497,Main St,37.77815096197103,-122.37777431674787,OSM
San Francisco,,4287,Washington Blvd,37.76716434813681,-122.36990053055229,OSM
San Francisco,,5881,Main St,37.80784884247529,-122.42832696569761,OSM
San Francisco,,9877,Maple Dr,37.819639270481495,-122.39299388852751,OSM
San Francisco,,9148,Washington Blvd,37.736929457611446,-122.46120390119388,OSM
San Francisco,,4669,Elm St,37.78995231664755,-122.42127043660011,OSM
San Francisco,,1477,Main St,37.76588662980847,-122.44067229183396,OSM
San Francisco,,7055,Maple Dr,37.7580080024984,-122.42941888361472,OSM
San Francisco,,2006,Maple Dr,37.727672209451,-122.41548810084295,OSM
San Francisco,,543,Park Ave,37.81154177947731,-122.37687538526244,OSM
San Francisco,,2095,Elm St,37.79919849333139,-122.38751434091223,OSM
San Francisco,,2087,Oak Ave,37.816321001011254,-122.4552692583056,OSM
San Francisco,,5291,Park Ave,37.81614543605264,-122.41570692166236,OSM
San Francisco,,283,Elm St,37.81984424217713,-122.41635599823344,OSM
San Francisco,,5325,Washington Blvd,37.78499617085256,-122.4299759948898,OSM
San Francisco,,1344,Maple Dr,37.777522861288965,-122.46579888553906,OSM
San Francisco,,1398,Main St,37.7883252854427,-122.43621308368155,OSM
San Francisco,,5172,Main St,37.794691395870295,-122.42876998480908,OSM
San Francisco,,8267,Oak Ave,37.75652529471064,-122.40839714560046,OSM
San Francisco,,5239,Oak Ave,37.772305985941614,-122.45257212955005,OSM
San Francisco,,1330,Washington Blvd,37.77213122517914,-122.40096019998573,OSM
San Francisco,,7903,Elm St,37.767545182112826,-122.46871202729136,OSM
San Francisco,,7873,Elm St,37.7889543856408,-122.46645584304486,OSM
San Francisco,,668,Washington Blvd,37.74197426949877,-122.41479927036633,OSM
San Francisco,,3040,Maple Dr,37.82410195347774,-122.44914158550445,OSM
San Francisco,,8580,Oak Ave,37.773074424862195,-122.44998679764134,OSM
San Francisco,,599,Washington Blvd,37.818633894483234,-122.42608394621631,OSM
San Francisco,,1888,Elm St,37.75455143537253,-122.40137235008623,OSM
San Francisco,,8171,Park Ave,37.73598614369669,-122.42007948428434,OSM
San Francisco,,6288,Elm St,37.751496548910076,-122.46035631956691,OSM
San Francisco,,5721,Washington Blvd,37.79407709040982,-122.39055646243628,OSM
San Francisco,,9444,Elm St,37.759557680792284,-122.37945981191109,OSM
San Francisco,,3437,Maple Dr,37.76985505770381,-122.4106519602876,OSM
San Francisco,,4098,Oak Ave,37.74247545172627,-122.4053842938992,OSM
San Francisco,,7074,Washington Blvd,37.74602927953536,-122.4345364576475,OSM
San Francisco,,3200,Maple Dr,37.773513154484846,-122.40568410985075,OSM
San Francisco,,2347,Main St,37.77749110917347,-122.45123398024948,OSM
San Francisco,,1207,Park Ave,37.82246582042336,-122.44268376582853,OSM
San Francisco,,9634,Oak Ave,37.762026843102156,-122.42586962457274,OSM
San Francisco,,5366,Elm St,37.79804047116221,-122.39872608114358,OSM
San Francisco,,8692,Oak Ave,37.77341054458508,-122.43896560511268,OSM
San Francisco,,4453,Park Ave,37.75249197652388,-122.40333337848729,OSM
San Francisco,,2933,Washington Blvd,37.77370024580225,-122.3820819880393,OSM
San Francisco,,7165,Elm St,37.77385759864193,-122.39694287928221,OSM
San Francisco,,1678,Washington Blvd,37.818912193277384,-122.4533276055562,OSM
San Francisco,,2351,Elm St,37.7902193582847,-122.46669780619068,OSM
San Francisco,,6065,Main St,37.75577527592638,-122.45029235833701,OSM
San Francisco,,3020,Main St,37.769990061583364,-122.45157559949406,OSM
San Francisco,,8731,Elm St,37.757554945649034,-122.38367174611858,OSM
San Francisco,,3830,Oak Ave,37.73445335046672,-122.45143701315081,OSM
San Francisco,,7380,Park Ave,37.74766796962035,-122.4111982443775,OSM
San Francisco,,3887,Elm St,37.78303997639818,-122.39638173794471,OSM
San Francisco,,1527,Park Ave,37.755665270227965,-122.41904943476808,OSM
San Francisco,,1855,Washington Blvd,37.81632640536157,-122.42569414798655,OSM
San Francisco,,4688,Park Ave,37.750966516432776,-122.37507540636427,OSM
San Francisco,,249,Main St,37.72820440247783,-122.46192378969279,OSM
San Francisco,,8104,Park Ave,37.749562726740464,-122.44426792046983,OSM
San Francisco,,3761,Maple Dr,37.82158226494603,-122.37684060238118,OSM
San Francisco,,9406,Washington Blvd,37.732526202014036,-122.37054053699653,OSM
San Francisco,,4251,Main St,37.807183081689416,-122.423205132499,OSM
San Francisco,,8941,Maple Dr,37.77025058082677,-122.41939720925379,OSM
San Francisco,,255,Elm St,37.76317472395703,-122.4002126532967,OSM
San Francisco,,4085,Elm St,37.821475102768474,-122.39343344345676,OSM
San Francisco,,32,Washington Blvd,37.75649960041012,-122.4583193810218,OSM
San Francisco,,2459,Maple Dr,37.75018688324291,-122.38230702037073,OSM
San Francisco,,1028,Park Ave,37.779720463422194,-122.40188528115667,OSM
San Francisco,,5167,Elm St,37.77817744461027,-122.45729427436788,OSM
San Francisco,,6576,Main St,37.77068003926238,-122.38855760065572,OSM
San Francisco,,3068,Main St,37.7471576466093,-122.39526668686517,OSM
San Francisco,,4019,Maple Dr,37.776586945199654,-122.44729343363467,OSM
San Francisco,,3163,Washington Blvd,37.81916755169855,-122.37284504336071,OSM
San Francisco,,2164,Elm St,37.747562410448985,-122.39505073316555,OSM
San Francisco,,2502,Elm St,37.77134217628399,-122.39056422404842,OSM
San Francisco,,1208,Washington Blvd,37.81471299095567,-122.4319123869024,OSM
San Francisco,,9249,Main St,37.73287450390695,-122.44315076875519,OSM
San Francisco,,3272,Oak Ave,37.78445176550125,-122.43050620721682,OSM
San Francisco,,2435,Oak Ave,37.80874505376727,-122.43745214887724,OSM
San Francisco,,4350,Maple Dr,37.74026205120675,-122.38536073660642,OSM
San Francisco,,59,Main St,37.74773630511814,-122.37435165594141,OSM
San Francisco,,6074,Park Ave,37.730243650666516,-122.40100531578832,OSM
San Francisco,,6445,Elm St,37.764932075619235,-122.40624231725485,OSM
San Francisco,,4364,Elm St,37.7921103372027,-122.37553529585477,OSM
San Francisco,,5338,Park Ave,37.810269642706075,-122.44883826867004,OSM
San Francisco,,9118,Main St,37.77464751363144,-122.45622685804325,OSM
San Francisco,,1039,Oak Ave,37.73157581024687,-122.4427607199109,OSM
San Francisco,,8753,Oak Ave,37.81082826632414,-122.39777670979943,OSM
San Francisco,,2098,Oak Ave,37.81543150847602,-122.44085217514477,OSM
San Francisco,,8096,Elm St,37.75518408869834,-122.40803814498028,OSM
San Francisco,,9015,Elm St,37.74209001033618,-122.4570001221676,OSM
San Francisco,,1640,Maple Dr,37.75857687412704,-122.424089601094,OSM
San Francisco,,6221,Elm St,37.81509523992831,-122.4126458092424,OSM
San Francisco,,577,Washington Blvd,37.80580812534114,-122.43466340500446,OSM
San Francisco,,2615,Oak Ave,37.74338280156382,-122.41139847466202,OSM
San Francisco,,5568,Washington Blvd,37.789526297715405,-122.37342224844,OSM
San Francisco,,6055,Oak Ave,37.779565575527656,-122.43752593569236,OSM
San Francisco,,4461,Oak Ave,37.80376684959455,-122.401154037884,OSM
San Francisco,,7683,Main St,37.7728560582175,-122.43572553528084,OSM
San Francisco,,5000,Main St,37.753192664642576,-122.46442701354792,OSM
San Francisco,,5167,Maple Dr,37.761939787509846,-122.43705601322809,OSM
San Francisco,,6336,Main St,37.783076753339,-122.38989660512017,OSM
San Francisco,,6686,Elm St,37.78217877144474,-122.41605865839621,OSM
San Francisco,,6362,Park Ave,37.765384172809256,-122.4267148960403,OSM
Seattle,,9015,Elm St,47.639286321712575,-122.35284487990239,OSM
Seattle,,8320,Maple Dr,47.59273627338422,-122.35432470901038,OSM
Seattle,,423,Maple Dr,47.60237911540962,-122.3292383116039,OSM
Seattle,,1118,Elm St,47.58487488598743,-122.32706427925733,OSM
Seattle,,7190,Maple Dr,47.602907787385824,-122.36097690504893,OSM
Seattle,,8339,Main St,47.58781828051344,-122.31549826643484,OSM
Seattle,,448,Maple Dr,47.55840024009899,-122.31309640191478,OSM
Seattle,,7546,Elm St,47.635900564299234,-122.28729896082142,OSM
Seattle,,2498,Park Ave,47.61483278167839,-122.31490243818332,OSM
Seattle,,1353,Washington Blvd,47.59412872327624,-122.35764328894331,OSM
Seattle,,4279,Main St,47.617660849960544,-122.35069080480075,OSM
Seattle,,6582,Maple Dr,47.62078003251573,-122.30982988961819,OSM
Seattle,,6793,Park Ave,47.63743753995327,-122.30960741261119,OSM
Seattle,,3654,Main St,47.582560540218225,-122.34236400330748,OSM
Seattle,,8232,Elm St,47.58249174883895,-122.32180152470359,OSM
Seattle,,6703,Elm St,47.60963252031261,-122.34649995540731,OSM
Seattle,,8699,Oak Ave,47.60744604467629,-122.3588462761014,OSM
Seattle,,8179,Oak Ave,47.568447962815405,-122.35057023943222,OSM
Seattle,,4463,Park Ave,47.59112700965016,-122.29528184779069,OSM
Seattle,,3385,Elm St,47.56287888916388,-122.3024855046579,OSM
Seattle,,7250,Washington Blvd,47.61908797886342,-122.33526684663765,OSM
Seattle,,3984,Main St,47.580902783743475,-122.3342238787836,OSM
Seattle,,6168,Oak Ave,47.6042401427094,-122.37693343504463,OSM
Seattle,,8334,Park Ave,47.59708937316489,-122.36563730779031,OSM
Seattle,,8865,Elm St,47.56877470313507,-122.36125236804486,OSM
Seattle,,1166,Main St,47.64416917888046,-122.3127446649302,OSM
Seattle,,6401,Park Ave,47.561720712948656,-122.3151812484582,OSM
Seattle,,6438,Oak Ave,47.5795013127427,-122.31015812415575,OSM
Seattle,,6778,Main St,47.6356204765065,-122.34004125558947,OSM
Seattle,,6103,Elm St,47.62972493937632,-122.37519537623787,OSM
Seattle,,8408,Oak Ave,47.57623490347701,-122.3022868865578,OSM
Seattle,,9912,Park Ave,47.62382952289534,-122.35152940354197,OSM
Seattle,,7359,Oak Ave,47.61048389220746,-122.34445268086064,OSM
Seattle,,6285,Oak Ave,47.60420084975005,-122.3002592657986,OSM
Seattle,,3587,Elm St,47.558197972157615,-122.35330473022066,OSM
Seattle,,9261,Maple Dr,47.567641685140394,-122.36739693997555,OSM
Seattle,,4140,Washington Blvd,47.577321266963644,-122.30176151506045,OSM
Seattle,,6578,Maple Dr,47.589277383514144,-122.30039893418386,OSM
Seattle,,128,Park Ave,47.590029318986176,-122.36349409346182,OSM
Seattle,,431,Main St,47.62908476964459,-122.35920063998142,OSM
Seattle,,3277,Elm St,47.64291222176138,-122.36593527688402,OSM
Seattle,,339,Washington Blvd,47.57266128280001,-122.35621284863788,OSM
Seattle,,5314,Elm St,47.58603714760364,-122.28519592028226,OSM
Seattle,,7034,Maple Dr,47.61179532513309,-122.35477104221603,OSM
Seattle,,2621,Elm St,47.63281548745817,-122.33513352389579,OSM
Seattle,,8007,Washington Blvd,47.65128322302818,-122.37283724337051,OSM
Seattle,,9880,Maple Dr,47.616741047293786,-122.33299307011606,OSM
Seattle,,8567,Main St,47.58123645134083,-122.32239627300811,OSM
Seattle,,563,Maple Dr,47.56279534975036,-122.36915962230744,OSM
Seattle,,9976,Park Ave,47.5800576125585,-122.35017826649297,OSM
Seattle,,1693,Washington Blvd,47.57749551954241,-122.35334714610174,OSM
Seattle,,8251,Park Ave,47.64699204502161,-122.28473745443654,OSM
Seattle,,3001,Elm St,47.62239078030431,-122.37780775404012,OSM
Seattle,,3120,Elm St,47.56768056527718,-122.36614758790013,OSM
Seattle,,4709,Oak Ave,47.62898035888863,-122.33778056799812,OSM
Seattle,,3756,Oak Ave,47.56716442362145,-122.33235248439262,OSM
Seattle,,5887,Park Ave,47.6142671920454,-122.37560600104563,OSM
Seattle,,2838,Maple Dr,47.65271384427948,-122.28338476751604,OSM
Seattle,,3649,Washington Blvd,47.598238451877855,-122.32499373120156,OSM
Seattle,,476,Elm St,47.60825476632218,-122.35484963995722,OSM
Seattle,,1585,Oak Ave,47.64046669133992,-122.37375756761779,OSM
Seattle,,4926,Oak Ave,47.626382769923325,-122.36350085281876,OSM
Seattle,,6957,Park Ave,47.60706803267918,-122.35869082702453,OSM
Seattle,,4783,Washington Blvd,47.61966747100391,-122.3799595919318,OSM
Seattle,,2101,Elm St,47.646668074826536,-122.2846910085055,OSM
Seattle,,5078,Maple Dr,47.5649303421562,-122.37326920192056,OSM
Seattle,,811,Park Ave,47.63208874717323,-122.36123551041874,OSM
Seattle,,9224,Elm St,47.58420220242792,-122.37913288318381,OSM
Seattle,,2462,Elm St,47.61053829127561,-122.31805066549681,OSM
Seattle,,7018,Washington Blvd,47.61392852107672,-122.29752215573797,OSM
Seattle,,1373,Maple Dr,47.593033956054136,-122.32537497468034,OSM
Seattle,,166,Oak Ave,47.63109052666929,-122.36972082335988,OSM
Seattle,,8607,Maple Dr,47.56061090069701,-122.3047205226,OSM
Seattle,,9905,Maple Dr,47.63618868174155,-122.28896020708967,OSM
Seattle,,1470,Washington Blvd,47.64425297136081,-122.36515779769834,OSM
Seattle,,8115,Washington Blvd,47.59242523241208,-122.30528809549878,OSM
Seattle,,2587,Maple Dr,47.64411822958607,-122.3811147597727,OSM
Seattle,,7850,Maple Dr,47.56857575817288,-122.32411603567502,OSM
Seattle,,2786,Elm St,47.63423810526757,-122.38155536574554,OSM
Seattle,,579,Elm St,47.633991607878976,-122.29280075937007,OSM
Seattle,,5849,Oak Ave,47.56694956596331,-122.37528944767551,OSM
Seattle,,8895,Washington Blvd,47.58347233603999,-122.34013689064724,OSM
Seattle,,6120,Park Ave,47.57891942543646,-122.38176135314173,OSM
Seattle,,7048,Washington Blvd,47.62875692156774,-122.35521013159904,OSM
Seattle,,298,Park Ave,47.65534942951324,-122.35535525222866,OSM
Seattle,,4339,Maple Dr,47.56804270763974,-122.29483551697973,OSM
Seattle,,8936,Washington Blvd,47.60651343498468,-122.35812574644952,OSM
Seattle,,6942,Park Ave,47.63209536770839,-122.29977150709628,OSM
Seattle,,5706,Main St,47.649021667769794,-122.37315903402019,OSM
Seattle,,7429,Oak Ave,47.651247258484695,-122.37891122311703,OSM
Seattle,,2271,Park Ave,47.632738095225605,-122.30802932517963,OSM
Seattle,,2533,Oak Ave,47.61638768495784,-122.30254091131462,OSM
Seattle,,3721,Oak Ave,47.57091398893682,-122.37892825523237,OSM
Seattle,,6910,Elm St,47.557094304441954,-122.31242818199816,OSM
Seattle,,5378,Park Ave,47.650313293044846,-122.33215528548055,OSM
Seattle,,7274,Oak Ave,47.587735032767355,-122.36855427298465,OSM
Seattle,,3310,Oak Ave,47.574161635923055,-122.32741686630962,OSM
Seattle,,6271,Park Ave,47.5814138306476,-122.37372387467173,OSM
Seattle,,2472,Oak Ave,47.57617729724649,-122.35710476441996,OSM
Seattle,,6544,Park Ave,47.58913388272625,-122.2899226909277,OSM
Seattle,,7517,Main St,47.64038669626202,-122.3784959593739,OSM
Seattle,,1051,Elm St,47.61453725551498,-122.33220822562235,OSM
Seattle,,9824,Washington Blvd,47.64524431915118,-122.31347217148245,OSM
Seattle,,6963,Elm St,47.623315442029316,-122.33292750488327,OSM
Seattle,,7392,Park Ave,47.60382652030911,-122.37407034728864,OSM
Seattle,,1616,Washington Blvd,47.578486811940685,-122.31995463781199,OSM
Seattle,,2654,Park Ave,47.58758783141168,-122.29166869720763,OSM
Seattle,,6504,Park Ave,47.62438226834235,-122.35835363554315,OSM
Seattle,,8755,Park Ave,47.57142627763291,-122.37850644299971,OSM
Seattle,,594,Washington Blvd,47.584692032967894,-122.32573349474582,OSM
Seattle,,212,Elm St,47.62055367801433,-122.31869624465567,OSM
Seattle,,4801,Elm St,47.619426626290185,-122.35820525566768,OSM
Seattle,,3782,Park Ave,47.569644329551025,-122.30352874061664,OSM
Seattle,,7567,Main St,47.575233127225495,-122.35788908732944,OSM
Seattle,,3823,Park Ave,47.620168880928965,-122.32433441147958,OSM
Seattle,,8508,Maple Dr,47.616409181129846,-122.34419057167243,OSM
Seattle,,9659,Washington Blvd,47.616620810822106,-122.3226077106002,OSM
Seattle,,5212,Elm St,47.63361429374833,-122.29929352367024,OSM
Seattle,,95,Maple Dr,47.56043179649634,-122.35455748307785,OSM
Seattle,,2877,Oak Ave,47.649926107614775,-122.30586636379698,OSM
Seattle,,5734,Oak Ave,47.635559221925945,-122.3648377421213,OSM
Seattle,,2857,Park Ave,47.56553534223284,-122.28550592131556,OSM
Seattle,,7891,Washington Blvd,47.62313696802851,-122.31199682615532,OSM
Seattle,,1105,Maple Dr,47.63517208715026,-122.28794883141487,OSM
Seattle,,7921,Park Ave,47.592369540299146,-122.32258692628663,OSM
Seattle,,1857,Elm St,47.640593475973624,-122.33231439413142,OSM
Seattle,,3114,Oak Ave,47.62925119098345,-122.33991791133144,OSM
Seattle,,8736,Elm St,47.653515539039574,-122.37752264288085,OSM
Seattle,,2062,Oak Ave,47.55905918447698,-122.34340070022009,OSM
Seattle,,644,Washington Blvd,47.604874299522955,-122.3107614238705,OSM
Seattle,,5799,Oak Ave,47.581177357987656,-122.34100417477359,OSM
Seattle,,8903,Maple Dr,47.58657058126566,-122.29190087827786,OSM
Seattle,,5977,Elm St,47.644544845463685,-122.30957760903611,OSM
Seattle,,4390,Maple Dr,47.65148131031405,-122.32886772161977,OSM
Seattle,,7485,Main St,47.65152055933725,-122.34074715969999,OSM
Seattle,,4652,Maple Dr,47.56892022135691,-122.28574964403619,OSM
Seattle,,3705,Park Ave,47.638917433305345,-122.33186793822553,OSM
Seattle,,2689,Washington Blvd,47.56981299163639,-122.33306515701157,OSM
Seattle,,1432,Park Ave,47.59716014019215,-122.35145443266912,OSM
Seattle,,9546,Washington Blvd,47.56618753267885,-122.34750422090994,OSM
Seattle,,4268,Washington Blvd,47.62258732867489,-122.28568537488566,OSM
Seattle,,3101,Maple Dr,47.55903262979761,-122.32767579244522,OSM
Seattle,,5751,Washington Blvd,47.622593346495975,-122.38045421436259,OSM
Seattle,,9286,Oak Ave,47.63502150181526,-122.38091251407603,OSM
Seattle,,7760,Oak Ave,47.57172851055238,-122.28522160835203,OSM
Seattle,,8069,Washington Blvd,47.61112555277906,-122.38124404241464,OSM
Seattle,,2908,Oak Ave,47.61447095322835,-122.29151834543754,OSM
Seattle,,9752,Main St,47.64750907909737,-122.28982699177965,OSM
Seattle,,1889,Maple Dr,47.65543561027013,-122.34276458172559,OSM
Seattle,,5076,Park Ave,47.64410563873326,-122.34272632596964,OSM
Seattle,,3441,Oak Ave,47.583422315218,-122.28488368116017,OSM
Seattle,,2139,Park Ave,47.57175010279471,-122.28705706763466,OSM
Seattle,,6669,Park Ave,47.56045620647235,-122.29624415427715,OSM
Seattle,,6047,Elm St,47.599047961200974,-122.28668933405318,OSM
Seattle,,441,Washington Blvd,47.652075938787895,-122.31619692130133,OSM
Seattle,,5060,Elm St,47.556707763644965,-122.29399823154621,OSM
Seattle,,9332,Elm St,47.62832302696197,-122.35116120984472,OSM
Seattle,,8146,Main St,47.63659057599075,-122.32165126831563,OSM
Seattle,,4524,Main St,47.60441375435759,-122.2965946428008,OSM
Seattle,,5031,Maple Dr,47.563436438334364,-122.36834943041872,OSM
Seattle,,9215,Washington Blvd,47.640844220044535,-122.31574977879428,OSM
Seattle,,3465,Park Ave,47.55852601954004,-122.30767614789939,OSM
Seattle,,2898,Maple Dr,47.62474332579381,-122.31782998361419,OSM
Seattle,,7168,Maple Dr,47.565231737457744,-122.3506502450451,OSM
Seattle,,5434,Oak Ave,47.613378439687246,-122.36529654188561,OSM
Seattle,,3206,Elm St,47.61632085182225,-122.28777310777437,OSM
Seattle,,1400,Main St,47.626132770897534,-122.33080630529888,OSM
Seattle,,5298,Oak Ave,47.62619065229332,-122.35791275037879,OSM
Seattle,,5227,Washington Blvd,47.60146451461121,-122.37807049468277,OSM
Seattle,,5407,Washington Blvd,47.62874403252007,-122.29536959563362,OSM
Seattle,,3519,Main St,47.64397543912012,-122.31399824518604,OSM
Seattle,,7553,Park Ave,47.62932454966695,-122.29773634344025,OSM
Seattle,,9002,Washington Blvd,47.560129703739584,-122.31230064328716,OSM
Seattle,,6578,Oak Ave,47.59865058986642,-122.34998678625892,OSM
Seattle,,8778,Oak Ave,47.59051942775574,-122.35819233449645,OSM
Seattle,,4357,Park Ave,47.64911588318626,-122.35911215430579,OSM
Seattle,,8844,Washington Blvd,47.572026263150654,-122.3819091444937,OSM
Seattle,,708,Maple Dr,47.58824110804702,-122.29160182507133,OSM
Seattle,,6792,Main St,47.56125973232621,-122.29861754816977,OSM
Seattle,,753,Washington Blvd,47.55777149041717,-122.37473169193932,OSM
Seattle,,547,Main St,47.56248425225194,-122.38020149633002,OSM
Seattle,,3288,Oak Ave,47.601602804499706,-122.32600473378781,OSM
Seattle,,5751,Park Ave,47.60926072451607,-122.34194227896471,OSM
Seattle,,5500,Oak Ave,47.60622096586836,-122.33880074330152,OSM
Seattle,,2580,Main St,47.64573472128523,-122.30385116821667,OSM
Seattle,,5608,Main St,47.61012188807385,-122.37420101965363,OSM
Seattle,,6377,Elm St,47.59860933748341,-122.2943317515136,OSM
Seattle,,6257,Washington Blvd,47.63319817387288,-122.28989037915022,OSM
Seattle,,8699,Elm St,47.59184371450916,-122.31553959492003,OSM
Seattle,,8466,Washington Blvd,47.58588638101511,-122.34746547191094,OSM
Seattle,,948,Maple Dr,47.61149639629409,-122.30319315896341,OSM
Seattle,,7671,Maple Dr,47.64158974729106,-122.31592123514908,OSM
Seattle,,9327,Park Ave,47.62928653447915,-122.2958552322147,OSM
Seattle,,8904,Maple Dr,47.57505219327887,-122.29409031147247,OSM
Seattle,,5264,Washington Blvd,47.62927210689381,-122.37472215653837,OSM
Seattle,,8428,Washington Blvd,47.63628283203345,-122.28559677464766,OSM
Seattle,,6685,Park Ave,47.65198160845427,-122.29740846694678,OSM
Seattle,,3135,Oak Ave,47.56247801929251,-122.37160103441822,OSM
Seattle,,3151,Washington Blvd,47.60776977359069,-122.36623778792193,OSM
Seattle,,2208,Elm St,47.61074769405014,-122.28270758494048,OSM
Seattle,,6484,Maple Dr,47.60250407858322,-122.30737987155713,OSM
Seattle,,8371,Maple Dr,47.63188653709083,-122.31442340753809,OSM
Seattle,,547,Main St,47.62300354943191,-122.36437289536924,OSM
Seattle,,3026,Maple Dr,47.56638195746194,-122.28688061632297,OSM
Seattle,,8170,Washington Blvd,47.556332514234775,-122.34208641178216,OSM
Seattle,,1719,Elm St,47.60728222520649,-122.34399805099353,OSM
Seattle,,3306,Oak Ave,47.63948428259126,-122.32928910977178,OSM
Seattle,,3378,Oak Ave,47.586220558646104,-122.36666692929725,OSM
Seattle,,688,Park Ave,47.558399086323575,-122.29307614115162,OSM
Seattle,,5081,Oak Ave,47.57683319404394,-122.29479655620827,OSM
Seattle,,5854,Maple Dr,47.60240444495853,-122.37608410789606,OSM
Seattle,,4688,Main St,47.60251931036523,-122.38140516759091,OSM
Seattle,,2218,Oak Ave,47.59996629196675,-122.35181465725857,OSM
Seattle,,3384,Park Ave,47.57224759983115,-122.32036516354033,OSM
Seattle,,2014,Oak Ave,47.6416405821544,-122.32112989976952,OSM
Seattle,,6126,Washington Blvd,47.617602321192166,-122.32177465700546,OSM
Seattle,,3929,Main St,47.57610313144344,-122.32766667204633,OSM
Seattle,,6026,Washington Blvd,47.63008727447381,-122.36516965898451,OSM
Seattle,,7462,Maple Dr,47.5566832418888,-122.28984399577861,OSM
Seattle,,2501,Elm St,47.58511528960647,-122.35613296316488,OSM
Seattle,,7683,Maple Dr,47.59423255811342,-122.31971140599654,OSM
Seattle,,3588,Park Ave,47.590815872934115,-122.32414894948845,OSM
Seattle,,9273,Oak Ave,47.58589170490129,-122.34550580503338,OSM
Seattle,,5493,Maple Dr,47.559609658728306,-122.33034363373322,OSM
Seattle,,3447,Maple Dr,47.64620844287145,-122.3615005857162,OSM
Seattle,,9867,Oak Ave,47.64022509761601,-122.33159032427236,OSM
Seattle,,8527,Main St,47.61359708976509,-122.36997511440953,OSM
Seattle,,6654,Elm St,47.579606035284556,-122.29791198737787,OSM
Seattle,,4843,Main St,47.58871931467316,-122.29028590426114,OSM
Seattle,,3369,Elm St,47.59904203388114,-122.32938562589865,OSM
Seattle,,7343,Park Ave,47.582816925311384,-122.32132436866559,OSM
Seattle,,768,Park Ave,47.59907677236951,-122.3230222082692,OSM
Seattle,,2911,Maple Dr,47.55899659504693,-122.29845984297033,OSM
Seattle,,3016,Main St,47.64191798971524,-122.36241844056116,OSM
Seattle,,9278,Washington Blvd,47.581061987418835,-122.35846209503907,OSM
Seattle,,4482,Maple Dr,47.57806878349045,-122.3119438836708,OSM
Seattle,,6297,Washington Blvd,47.64271002970763,-122.36488414258882,OSM
Seattle,,9487,Washington Blvd,47.59190665495851,-122.30127362272813,OSM
Seattle,,9955,Maple Dr,47.63659271406858,-122.35061815006291,OSM
Seattle,,9169,Maple Dr,47.578096477275274,-122.37160981705432,OSM
Seattle,,1400,Park Ave,47.62186247121497,-122.33201166230022,OSM
Seattle,,8104,Park Ave,47.629574834413404,-122.28966688223196,OSM
Seattle,,9649,Oak Ave,47.644753649485295,-122.30520458399124,OSM
Seattle,,4941,Elm St,47.588260769338866,-122.34997575916343,OSM
Seattle,,1528,Main St,47.568491807174404,-122.2938780590143,OSM
Seattle,,604,Maple Dr,47.62293735753502,-122.37723380251856,OSM
Seattle,,6928,Oak Ave,47.65158770355114,-122.29450176994591,OSM
Seattle,,4228,Washington Blvd,47.62542145245018,-122.37820104537963,OSM
Seattle,,9686,Maple Dr,47.629560161552455,-122.35150879441007,OSM
Seattle,,3399,Elm St,47.56082196226873,-122.33910996843848,OSM
Seattle,,9085,Washington Blvd,47.62318596053868,-122.33097533845375,OSM
Seattle,,3895,Park Ave,47.612754205208894,-122.28396470801506,OSM
Seattle,,7548,Oak Ave,47.6507907952559,-122.36108340197825,OSM
Seattle,,335,Maple Dr,47.65244586217516,-122.28476038742623,OSM
Seattle,,4044,Washington Blvd,47.6194761415597,-122.3678915207499,OSM
Seattle,,5965,Main St,47.59061749373521,-122.37942082805543,OSM
Seattle,,7266,Park Ave,47.59654933545908,-122.32318035502608,OSM
Seattle,,9952,Washington Blvd,47.621008149203924,-122.35564842668823,OSM
Seattle,,1047,Washington Blvd,47.61135888188597,-122.30939401989941,OSM
Seattle,,8847,Oak Ave,47.56264702075128,-122.34031687081203,OSM
Seattle,,4218,Park Ave,47.566843866258,-122.29391221460986,OSM
Seattle,,1578,Oak Ave,47.58237595962403,-122.34814443676488,OSM
Seattle,,4847,Maple Dr,47.609611623126675,-122.3375688519381,OSM
Seattle,,5638,Elm St,47.62604797617601,-122.33827261393643,OSM
Seattle,,9892,Washington Blvd,47.59425795656866,-122.34351773185779,OSM
Seattle,,1885,Washington Blvd,47.583922308595454,-122.31502199981264,OSM
Seattle,,2942,Washington Blvd,47.583688168119544,-122.2839265967626,OSM
Seattle,,227,Oak Ave,47.605870252995665,-122.33128874467324,OSM
Seattle,,74,Washington Blvd,47.632965926466035,-122.31453249034988,OSM
Seattle,,2308,Maple Dr,47.589188100558,-122.35765112305052,OSM
Seattle,,3110,Washington Blvd,47.634888333950606,-122.38160252153355,OSM
Seattle,,3696,Main St,47.58952971816967,-122.34729100927493,OSM
Seattle,,8103,Maple Dr,47.61526188076814,-122.33879819267139,OSM
Seattle,,9481,Maple Dr,47.617030955357166,-122.35917602707478,OSM
Seattle,,8434,Main St,47.614511450262874,-122.32780168481054,OSM
Seattle,,6138,Elm St,47.63553360546884,-122.37406794354844,OSM
Seattle,,475,Park Ave,47.57542315361263,-122.33266537629224,OSM
Seattle,,230,Park Ave,47.6366344058357,-122.3679788707821,OSM
Seattle,,7435,Washington Blvd,47.64675070687812,-122.3293153174808,OSM
Seattle,,8681,Elm St,47.61036245065407,-122.35788783690396,OSM
Seattle,,3126,Maple Dr,47.613719766759246,-122.329211628165,OSM
Seattle,,8227,Oak Ave,47.58269807549139,-122.31857325586711,OSM
Seattle,,475,Maple Dr,47.563699866375806,-122.31197471426825,OSM
Seattle,,5085,Washington Blvd,47.57280768268679,-122.28916839387671,OSM
Seattle,,5680,Elm St,47.62931508842686,-122.28945370143906,OSM
Seattle,,460,Oak Ave,47.594861840993644,-122.3796332901606,OSM
Seattle,,174,Park Ave,47.57486122906087,-122.31059607741473,OSM
Seattle,,8208,Oak Ave,47.64363663262519,-122.36018166042999,OSM
Seattle,,1520,Maple Dr,47.653235025104216,-122.29787564769154,OSM
Seattle,,255,Park Ave,47.64875921388799,-122.3472925323898,OSM
Seattle,,6886,Elm St,47.57639286115593,-122.34711107754677,OSM
Seattle,,2118,Main St,47.62671019479169,-122.36261783345647,OSM
Seattle,,936,Oak Ave,47.590713180939545,-122.28805293890746,OSM
Seattle,,1681,Elm St,47.62306963810251,-122.38106337452281,OSM
Seattle,,5645,Maple Dr,47.563926662035634,-122.34085423791092,OSM
Seattle,,7407,Washington Blvd,47.615594376744696,-122.30887732102029,OSM
Seattle,,7360,Main St,47.58760012515808,-122.33135169820083,OSM
Seattle,,7142,Maple Dr,47.652301509154384,-122.34760222810205,OSM
Seattle,,4431,Elm St,47.63409380227016,-122.36731159598776,OSM
Seattle,,6954,Maple Dr,47.64243179727506,-122.32909439028433,OSM
Seattle,,6822,Oak Ave,47.60567849742893,-122.3194528421246,OSM
Seattle,,2644,Main St,47.613742335804275,-122.37332105031358,OSM
Seattle,,4499,Washington Blvd,47.60629281540678,-122.30332218649541,OSM
Seattle,,6209,Washington Blvd,47.62416552824303,-122.36393967322886,OSM
Seattle,,5827,Washington Blvd,47.563737778283844,-122.33357324807318,OSM
Seattle,,4679,Oak Ave,47.6386951026037,-122.30093408672087,OSM
Seattle,,9944,Main St,47.58514211230882,-122.28900584737833,OSM
Seattle,,2927,Main St,47.629207964925996,-122.30046456135551,OSM
Seattle,,814,Main St,47.61157621485903,-122.31365310748998,OSM
Seattle,,7874,Oak Ave,47.653049735336175,-122.32668927734127,OSM
Seattle,,1971,Elm St,47.647504036301875,-122.31543246197124,OSM
Seattle,,9487,Oak Ave,47.60139108074608,-122.38186907755806,OSM
Seattle,,7414,Washington Blvd,47.653842665313064,-122.28783815867125,OSM
Seattle,,2165,Elm St,47.61001825221049,-122.32186774599917,OSM
Seattle,,6383,Main St,47.61485552846802,-122.2902411999988,OSM
Seattle,,7211,Washington Blvd,47.63766617721199,-122.3054333603551,OSM
Seattle,,3244,Oak Ave,47.56611910528571,-122.34109703836722,OSM
Seattle,,5778,Maple Dr,47.64246013442588,-122.29725467946757,OSM
Seattle,,7460,Park Ave,47.65166114333596,-122.33383722758123,OSM
Seattle,,8617,Park Ave,47.56521766636726,-122.3039164132498,OSM
Seattle,,9171,Maple Dr,47.63784677888055,-122.31627341049075,OSM
Seattle,,9108,Maple Dr,47.62546223089599,-122.35603224277808,OSM
Seattle,,2865,Main St,47.653514708323236,-122.32342384052757,OSM
Seattle,,5594,Washington Blvd,47.62084423152219,-122.35014296971866,OSM
Seattle,,7750,Elm St,47.566287001711444,-122.29442395989703,OSM
Seattle,,5529,Elm St,47.58953651523727,-122.32020474987466,OSM
Seattle,,7989,Park Ave,47.57034010673329,-122.29065319721198,OSM
Seattle,,519,Park Ave,47.58226774087798,-122.34199184663423,OSM
Seattle,,6848,Washington Blvd,47.64110748060419,-122.28928959166511,OSM
Seattle,,3319,Oak Ave,47.60427710796519,-122.34783116172679,OSM
Seattle,,6602,Oak Ave,47.593717224562546,-122.3031368991893,OSM
Seattle,,8304,Washington Blvd,47.5586769100077,-122.3061847068657,OSM
Seattle,,6121,Oak Ave,47.558999430411845,-122.37265170422427,OSM
Seattle,,6069,Washington Blvd,47.6180071675348,-122.37572772544847,OSM
Seattle,,4481,Elm St,47.62479555565357,-122.32980266595031,OSM
Seattle,,6060,Oak Ave,47.65126215348563,-122.32667723938086,OSM
Seattle,,8810,Maple Dr,47.64904318489429,-122.28893543389792,OSM
Seattle,,5152,Main St,47.57944534249027,-122.37714492462744,OSM
Seattle,,1198,Elm St,47.557364856430674,-122.3114036873654,OSM
Seattle,,2685,Main St,47.60370864976367,-122.29615630978083,OSM
Seattle,,4106,Oak Ave,47.558362366501285,-122.37562849521704,OSM
Seattle,,906,Main St,47.559467548459104,-122.36112563628687,OSM
Seattle,,8577,Washington Blvd,47.65534148679298,-122.30097617005971,OSM
Seattle,,8555,Maple Dr,47.6291344186333,-122.30389279422049,OSM
Seattle,,3294,Washington Blvd,47.592047843187885,-122.32323809126997,OSM
Seattle,,1023,Washington Blvd,47.604320365511526,-122.32048138898625,OSM
Seattle,,7480,Elm St,47.578551602485774,-122.33008142804543,OSM
Seattle,,7461,Oak Ave,47.65163799150623,-122.29609556954293,OSM
Seattle,,4734,Maple Dr,47.58688772927656,-122.33440754387651,OSM
Seattle,,3272,Washington Blvd,47.57249216597965,-122.35175657740042,OSM
Seattle,,5210,Maple Dr,47.57630222104073,-122.28659486584367,OSM
Seattle,,9609,Maple Dr,47.596989945823466,-122.30495644306508,OSM
Seattle,,8267,Maple Dr,47.62739323162756,-122.37529422613926,OSM
Seattle,,5532,Maple Dr,47.58758590813011,-122.32883844803732,OSM
Seattle,,3616,Maple Dr,47.62288531368603,-122.38119630756033,OSM
Seattle,,9677,Main St,47.602498636714074,-122.373368526758,OSM
Seattle,,1450,Main St,47.595817171427925,-122.34241140821348,OSM
Seattle,,9678,Maple Dr,47.59626680813312,-122.28823278574744,OSM
Seattle,,6748,Maple Dr,47.610905561118095,-122.31947604001877,OSM
Seattle,,4255,Washington Blvd,47.61444495583273,-122.29167997317096,OSM
Seattle,,3952,Maple Dr,47.644982856936714,-122.30387011157524,OSM
Seattle,,7841,Maple Dr,47.615227430530716,-122.31487289481666,OSM
Seattle,,504,Oak Ave,47.64063272390573,-122.31627202781793,OSM
Seattle,,3051,Maple Dr,47.65490099568747,-122.29249248021264,OSM
Seattle,,3800,Washington Blvd,47.57092588371416,-122.29322126221444,OSM
Seattle,,4283,Washington Blvd,47.63542765096293,-122.29230301707081,OSM
Seattle,,887,Maple Dr,47.60857738636354,-122.33131785144916,OSM
Seattle,,4190,Main St,47.62409667026229,-122.29345515909624,OSM
Seattle,,9539,Oak Ave,47.599490620678786,-122.31750049712058,OSM
Seattle,,1065,Main St,47.57956400430058,-122.35611410519319,OSM
Seattle,,3985,Main St,47.61857549683456,-122.32943460719542,OSM
Seattle,,7242,Elm St,47.65261797105042,-122.32561069578445,OSM
Seattle,,2566,Main St,47.578460151352715,-122.33014937193107,OSM
Seattle,,7832,Oak Ave,47.55701536382139,-122.31100176755633,OSM
Seattle,,1586,Park Ave,47.59643343526515,-122.35995365090997,OSM
Seattle,,2815,Maple Dr,47.582604513933234,-122.28757079206517,OSM
Seattle,,9758,Washington Blvd,47.617044528834626,-122.29121556886004,OSM
Seattle,,3976,Maple Dr,47.616623455148705,-122.33764290629482,OSM
Seattle,,7239,Maple Dr,47.618325228833015,-122.34164713423134,OSM
Seattle,,5325,Elm St,47.591972791594344,-122.36915447564536,OSM
Seattle,,2875,Park Ave,47.57754649105748,-122.34080588029934,OSM
Seattle,,1013,Main St,47.64974246170656,-122.32709771089539,OSM
Seattle,,5413,Main St,47.60901379704827,-122.36580083109192,OSM
Seattle,,5356,Park Ave,47.61466145936761,-122.29290444028447,OSM
Seattle,,6617,Elm St,47.59334556318035,-122.29831867118068,OSM
Seattle,,8912,Elm St,47.60228395531424,-122.37757045844725,OSM
Seattle,,7806,Oak Ave,47.652970965315205,-122.36516203451211,OSM
Seattle,,4524,Elm St,47.581093186400956,-122.28234908890767,OSM
Seattle,,5674,Washington Blvd,47.63979326650107,-122.29451005928729,OSM
Seattle,,5543,Oak Ave,47.56070116503631,-122.30946176720904,OSM
Seattle,,3850,Maple Dr,47.63390118299569,-122.34058923782051,OSM
Seattle,,7031,Elm St,47.646099882493736,-122.38172240964104,OSM
Seattle,,7374,Main St,47.56814421759479,-122.3454428801457,OSM
Seattle,,1676,Main St,47.64595172719208,-122.29744240777845,OSM
Seattle,,170,Park Ave,47.56425267278621,-122.37407860408143,OSM
Seattle,,9737,Main St,47.59318168185053,-122.36992125561925,OSM
Seattle,,1078,Oak Ave,47.60480076169912,-122.29771409142634,OSM
Seattle,,2231,Main St,47.64226367488267,-122.29438205106831,OSM
Seattle,,5178,Oak Ave,47.5880329527709,-122.35643466678206,OSM
Seattle,,8358,Main St,47.61881375054176,-122.32181014557595,OSM
Seattle,,7582,Elm St,47.652060258320326,-122.31759478133176,OSM
Seattle,,1342,Maple Dr,47.60739923816718,-122.33332880134034,OSM
Seattle,,8395,Park Ave,47.64232778523922,-122.30020273264337,OSM
Seattle,,7230,Elm St,47.65508338542771,-122.29265876506585,OSM
Seattle,,7052,Oak Ave,47.56639857616726,-122.33926184609403,OSM
Seattle,,8396,Park Ave,47.64344598766102,-122.34961800238345,OSM
Seattle,,7641,Main St,47.64781326321741,-122.29644045495388,OSM
Seattle,,426,Washington Blvd,47.583019988114735,-122.28937024530994,OSM
Seattle,,4148,Park Ave,47.58553637440192,-122.35378899660596,OSM
Seattle,,4011,Elm St,47.627263137872994,-122.34565070964827,OSM
Seattle,,8241,Main St,47.61884143796949,-122.33651627315189,OSM
Seattle,,7425,Elm St,47.6513661568634,-122.30544066736446,OSM
Seattle,,7474,Park Ave,47.57610608008656,-122.34428227843536,OSM
Seattle,,7952,Main St,47.57065271370991,-122.31814299867318,OSM
Seattle,,9968,Oak Ave,47.62346672132766,-122.35467864092175,OSM
Seattle,,3772,Main St,47.56002492389342,-122.32992239066556,OSM
Seattle,,8876,Main St,47.57432954354481,-122.33646527519855,OSM
Seattle,,8940,Maple Dr,47.55672146053707,-122.32387363977341,OSM
Seattle,,4828,Elm St,47.64017393700921,-122.35033645282176,OSM
Seattle,,4931,Washington Blvd,47.586316010194636,-122.3115741987044,OSM
Seattle,,986,Maple Dr,47.61398537936483,-122.32181653352265,OSM
Seattle,,2610,Main St,47.614678573474286,-122.36176456708141,OSM
Seattle,,4815,Main St,47.61771580550571,-122.36962221789403,OSM
Seattle,,631,Maple Dr,47.6449297230752,-122.34363161590187,OSM
Seattle,,6612,Oak Ave,47.610592531508466,-122.31014270838439,OSM
Seattle,,1316,Maple Dr,47.58202440988714,-122.28919176064237,OSM
Seattle,,5831,Main St,47.645063515389666,-122.3235663098815,OSM
Seattle,,9736,Main St,47.5581397487168,-122.29032527614893,OSM
Seattle,,9328,Park Ave,47.602281570025724,-122.34216270016059,OSM
Seattle,,9901,Washington Blvd,47.63642919881205,-122.33599360831006,OSM
Seattle,,8509,Washington Blvd,47.60360848284152,-122.33707394479855,OSM
Seattle,,861,Main St,47.589491953022254,-122.36579049845811,OSM
Seattle,,423,Oak Ave,47.58896496544736,-122.33578145606094,OSM
Seattle,,196,Elm St,47.58494340570447,-122.33614625749124,OSM
Seattle,,7332,Park Ave,47.60750559381335,-122.3792482047392,OSM
Seattle,,3053,Main St,47.606515895384234,-122.33559431762397,OSM
Seattle,,6911,Elm St,47.57635339932627,-122.33636817418802,OSM
Seattle,,8941,Washington Blvd,47.62885153085883,-122.28366080045512,OSM
Seattle,,583,Elm St,47.58388313395081,-122.33738337252912,OSM
Seattle,,4120,Oak Ave,47.610219434818404,-122.30901003392063,OSM
Seattle,,7043,Elm St,47.61158593661095,-122.34087089775485,OSM
Seattle,,5973,Park Ave,47.62893754894579,-122.34285673581975,OSM
Seattle,,844,Park Ave,47.58108301397935,-122.29318423085142,OSM
Seattle,,8386,Main St,47.64662587457795,-122.38007147748654,OSM
Seattle,,5791,Main St,47.65485061388337,-122.36793747876476,OSM
Seattle,,6275,Park Ave,47.62299127739072,-122.29005398287413,OSM
Seattle,,8027,Maple Dr,47.60885712659985,-122.30847640324107,OSM
Seattle,,7627,Main St,47.613288136070416,-122.33807252060045,OSM
Seattle,,5616,Park Ave,47.61640023974987,-122.34165413508691,OSM
Seattle,,2600,Oak Ave,47.5877432283951,-122.34957493903964,OSM
Seattle,,1869,Park Ave,47.651494001332324,-122.29188860170869,OSM
Seattle,,5976,Washington Blvd,47.57447065465379,-122.33269689062354,OSM
Seattle,,323,Maple Dr,47.57559886248665,-122.3341770919363,OSM
Seattle,,5436,Park Ave,47.61024283593378,-122.28233468564368,OSM
Seattle,,6981,Maple Dr,47.576873725056004,-122.32121225978214,OSM
Seattle,,5535,Park Ave,47.61156930412514,-122.37350327782563,OSM
Seattle,,5713,Oak Ave,47.581482626583046,-122.33493016604693,OSM
Seattle,,5760,Maple Dr,47.62853955083885,-122.29596941063228,OSM
Seattle,,6433,Elm St,47.56666052122493,-122.3201996064702,OSM
Seattle,,6948,Park Ave,47.63248113928568,-122.36071228436823,OSM
Seattle,,778,Oak Ave,47.5876726241393,-122.3756129948211,OSM
Seattle,,2942,Park Ave,47.5826259369268,-122.3003657346325,OSM
Seattle,,9179,Main St,47.57798180127597,-122.3811026274293,OSM
Seattle,,4123,Main St,47.611665989456974,-122.35511712206791,OSM
Seattle,,6307,Maple Dr,47.650899695937945,-122.29261639373047,OSM
Seattle,,5112,Elm St,47.62194061003908,-122.33867684044174,OSM
Seattle,,5800,Park Ave,47.58009987443859,-122.33647961141259,OSM
Seattle,,5317,Maple Dr,47.584470014683355,-122.31277665891801,OSM
Seattle,,3200,Maple Dr,47.588485680281984,-122.37700641702739,OSM
Seattle,,3821,Maple Dr,47.57568462983926,-122.30146205911858,OSM
Seattle,,246,Elm St,47.558944289942694,-122.38062794927444,OSM
Seattle,,4070,Oak Ave,47.64745644275739,-122.29435859733434,OSM
Seattle,,6177,Main St,47.65198120361863,-122.36730940877585,OSM
Seattle,,2813,Main St,47.64094697324098,-122.33473702132427,OSM
Seattle,,3702,Main St,47.570225224245654,-122.33409428254654,OSM
Seattle,,3887,Oak Ave,47.64713421548146,-122.36165499658118,OSM
Seattle,,1152,Main St,47.559786784142425,-122.3817400976002,OSM
Seattle,,9287,Maple Dr,47.64792452052899,-122.3659676621715,OSM
Seattle,,431,Washington Blvd,47.58038903243556,-122.33006467543544,OSM
Seattle,,5552,Washington Blvd,47.6507232794532,-122.36116668730534,OSM
Seattle,,3994,Elm St,47.605338760823784,-122.30329033480497,OSM
Seattle,,3666,Washington Blvd,47.55845288357434,-122.358942179847,OSM
Seattle,,9859,Elm St,47.60310873208772,-122.304120290687,OSM
Seattle,,2065,Washington Blvd,47.590913275930674,-122.37099330081733,OSM
Seattle,,7640,Maple Dr,47.602139004008706,-122.3284827908046,OSM
Seattle,,4812,Park Ave,47.63708692616491,-122.34573310043453,OSM
Seattle,,1287,Main St,47.58409323643526,-122.33213785795836,OSM
Seattle,,5347,Maple Dr,47.63792898853454,-122.32501955404291,OSM
Seattle,,4140,Oak Ave,47.573217961827204,-122.34812826793745,OSM
Seattle,,2926,Maple Dr,47.56717424741889,-122.32804365111201,OSM
Seattle,,7542,Park Ave,47.631363616490674,-122.37175009781645,OSM
Seattle,,9967,Elm St,47.62889874901532,-122.3635002938196,OSM
Seattle,,2071,Main St,47.601236233074545,-122.31615398030222,OSM
Seattle,,7180,Oak Ave,47.58163673362413,-122.30732050569848,OSM
Seattle,,4017,Park Ave,47.64140567513481,-122.28410302494468,OSM
Seattle,,1972,Maple Dr,47.607825270619664,-122.34743374893414,OSM
Seattle,,60,Main St,47.627313274453286,-122.3724384281595,OSM
Seattle,,4778,Oak Ave,47.62425306709276,-122.32546552479897,OSM
Seattle,,3360,Maple Dr,47.56005467788395,-122.3383216506471,OSM
Seattle,,4932,Elm St,47.59382236806262,-122.37140265144633,OSM
Seattle,,9321,Main St,47.55903817395876,-122.32983714409032,OSM
Seattle,,5338,Park Ave,47.61084881154498,-122.37539374931787,OSM
Seattle,,6875,Park Ave,47.650596810428766,-122.3765986436223,OSM
Seattle,,7249,Elm St,47.58537144509003,-122.30629546297799,OSM
Seattle,,6444,Park Ave,47.61870947272478,-122.3517570636189,OSM
Seattle,,59,Main St,47.60278118755995,-122.30646462359599,OSM
Seattle,,3452,Maple Dr,47.590599895744816,-122.29342816809752,OSM
Seattle,,903,Oak Ave,47.60177180360674,-122.31502541954823,OSM
Seattle,,1867,Park Ave,47.619782032005006,-122.28888961555955,OSM
Seattle,,6929,Maple Dr,47.607337291710294,-122.35688214044167,OSM
Seattle,,5598,Maple Dr,47.628816639961094,-122.2844589399726,OSM
Seattle,,4229,Maple Dr,47.5980994051012,-122.28498901066916,OSM
Seattle,,9643,Elm St,47.59527424692218,-122.31916724766447,OSM
Seattle,,9374,Oak Ave,47.62403626411192,-122.34288725067246,OSM
Seattle,,1812,Maple Dr,47.620070430890145,-122.35865790334445,OSM
Seattle,,5738,Park Ave,47.58596144752851,-122.33461423479345,OSM
Seattle,,5302,Park Ave,47.58786454266767,-122.33752274624314,OSM
Seattle,,8397,Main St,47.641148421391435,-122.36293377327559,OSM
Seattle,,4607,Park Ave,47.57229707909242,-122.36825819024554,OSM
Seattle,,132,Park Ave,47.63840585463281,-122.34517500192278,OSM
Seattle,,4394,Main St,47.570568477846514,-122.29052715033274,OSM
Seattle,,3536,Maple Dr,47.6336403041959,-122.28673002878513,OSM
Seattle,,3880,Main St,47.64261849122779,-122.33537404703426,OSM
Seattle,,1252,Washington Blvd,47.6443973682227,-122.29071678796738,OSM
Seattle,,8094,Park Ave,47.63731609924325,-122.33302604690613,OSM
Seattle,,1392,Park Ave,47.595374039764685,-122.3001768249344,OSM
Seattle,,2679,Oak Ave,47.56070337755135,-122.28664707385984,OSM
Seattle,,7920,Main St,47.59199965225139,-122.32680337549851,OSM
Seattle,,2925,Maple Dr,47.57708667624632,-122.29367715476022,OSM
Seattle,,7798,Elm St,47.56058726715557,-122.36192495334186,OSM
Seattle,,7717,Park Ave,47.64975448189556,-122.36398365615,OSM
Seattle,,6449,Park Ave,47.65144562253978,-122.35941230695556,OSM
Seattle,,624,Park Ave,47.579906312738125,-122.37573909000488,OSM
Seattle,,1685,Elm St,47.65417915686724,-122.34352976643316,OSM
Seattle,,6767,Main St,47.62740347559441,-122.38136904323625,OSM
Seattle,,666,Maple Dr,47.58821580276686,-122.3350697354745,OSM
Seattle,,7871,Main St,47.61106698930479,-122.32747643984054,OSM
Seattle,,8673,Elm St,47.619389604086145,-122.30517095631478,OSM
Seattle,,2372,Park Ave,47.62044421538968,-122.30620747635216,OSM
Seattle,,431,Park Ave,47.59357065983182,-122.3489028852221,OSM
Seattle,,4414,Park Ave,47.632555773462855,-122.32393710115595,OSM
Seattle,,6513,Elm St,47.57724520334151,-122.33219276964242,OSM
Seattle,,3831,Elm St,47.60029503579619,-122.3245176043776,OSM
Seattle,,3387,Main St,47.59406856950715,-122.2883070293365,OSM
Seattle,,3792,Park Ave,47.64197290712373,-122.31355937095165,OSM
Seattle,,4022,Park Ave,47.613981301998585,-122.28922170755833,OSM
Seattle,,8528,Washington Blvd,47.620756941643776,-122.31162291708722,OSM
Seattle,,2199,Park Ave,47.62840847713755,-122.33123235057153,OSM
Seattle,,9634,Oak Ave,47.59789843823718,-122.33303561269508,OSM
Seattle,,4602,Main St,47.596816704098906,-122.34559565223778,OSM
Seattle,,3311,Elm St,47.59889019756721,-122.29284830457082,OSM
Seattle,,7731,Main St,47.577404365447855,-122.29716209494826,OSM
Seattle,,4414,Maple Dr,47.58636444329569,-122.36197151768302,OSM
Seattle,,3122,Oak Ave,47.60123901159286,-122.35463590453205,OSM
Seattle,,6793,Oak Ave,47.61337595244597,-122.3290638250729,OSM
Seattle,,4400,Main St,47.625130091068435,-122.29919688733989,OSM
Seattle,,3212,Main St,47.59151394319125,-122.34273076063543,OSM
Seattle,,8555,Main St,47.635759626543305,-122.28931033908154,OSM
Seattle,,5435,Washington Blvd,47.58101020283239,-122.34876698585273,OSM
Seattle,,3581,Maple Dr,47.646725757218086,-122.36603533311728,OSM
Seattle,,3006,Washington Blvd,47.649192040831956,-122.34652708591524,OSM
Seattle,,5173,Oak Ave,47.556861976221136,-122.28501958183138,OSM
Seattle,,6680,Maple Dr,47.641616444211216,-122.36828249761416,OSM
Seattle,,4940,Washington Blvd,47.63576807527705,-122.28813695260445,OSM
Seattle,,6391,Elm St,47.57274249956859,-122.35779825229734,OSM
Seattle,,9242,Park Ave,47.625707797628706,-122.34622186495969,OSM
Seattle,,3093,Park Ave,47.582061224991804,-122.36033583739481,OSM
Seattle,,5371,Oak Ave,47.60423991458698,-122.36973626532784,OSM
Seattle,,5050,Washington Blvd,47.5922692601417,-122.28551132653958,OSM
Seattle,,5932,Maple Dr,47.58024061440074,-122.35415456398128,OSM
Seattle,,8775,Oak Ave,47.637667529602744,-122.36370197420663,OSM
Seattle,,3960,Maple Dr,47.577173757644765,-122.33961487775164,OSM
Seattle,,1158,Park Ave,47.63360394525637,-122.32385864493182,OSM
Seattle,,9747,Park Ave,47.63747572547207,-122.29842712412518,OSM
Seattle,,4481,Washington Blvd,47.64347789259463,-122.31545527512507,OSM
Seattle,,849,Oak Ave,47.623311555670696,-122.31150503231966,OSM
Seattle,,2661,Maple Dr,47.61904094164008,-122.28604378021824,OSM
Seattle,,2797,Washington Blvd,47.60642921808515,-122.35168776424047,OSM
Seattle,,392,Main St,47.57831162330922,-122.34920182059697,OSM
Seattle,,9036,Oak Ave,47.56960131410128,-122.35377121413052,OSM
Seattle,,6861,Elm St,47.64780384606394,-122.33559033450916,OSM
Seattle,,7674,Maple Dr,47.61331245445484,-122.37430131452335,OSM
Seattle,,2524,Oak Ave,47.62418971379,-122.34928759293341,OSM
Seattle,,7931,Park Ave,47.56847216333371,-122.3384747898867,OSM
Seattle,,1590,Main St,47.57664260090273,-122.36865443341243,OSM
Seattle,,3718,Park Ave,47.599439606966016,-122.37775358763481,OSM
Seattle,,7057,Maple Dr,47.63927364675569,-122.34934189709925,OSM
Seattle,,3410,Elm St,47.6230560385565,-122.32334902358554,OSM
Seattle,,7595,Park Ave,47.64765396555011,-122.35752523930377,OSM
Seattle,,2357,Main St,47.57196355385521,-122.37109350472555,OSM
Seattle,,2830,Elm St,47.61721110867306,-122.31397196995864,OSM
Seattle,,4250,Main St,47.582884582435284,-122.29019485896504,OSM
Seattle,,9955,Oak Ave,47.64235861000609,-122.28318646578506,OSM
Seattle,,767,Washington Blvd,47.65149456325091,-122.30983165926018,OSM
Seattle,,6385,Elm St,47.63926434561527,-122.36780202487114,OSM
Seattle,,9002,Maple Dr,47.637978914776404,-122.34873824542267,OSM
Seattle,,7852,Elm St,47.59795582872412,-122.28545618586844,OSM
Seattle,,7968,Park Ave,47.60436054331967,-122.2857563650499,OSM
Seattle,,8076,Elm St,47.62422060787078,-122.35743163111542,OSM
Seattle,,3484,Oak Ave,47.63741324214769,-122.35030555090121,OSM
Seattle,,7639,Park Ave,47.635538640563965,-122.3690944567186,OSM
Seattle,,6717,Maple Dr,47.652472310698656,-122.30426530793227,OSM
Seattle,,2091,Maple Dr,47.56859404946064,-122.31975881290425,OSM
Seattle,,5527,Park Ave,47.60464051725181,-122.3620030395201,OSM
Seattle,,9007,Park Ave,47.63106116101984,-122.30114319975105,OSM
Seattle,,9341,Elm St,47.64553940454436,-122.38150988525366,OSM
Seattle,,8805,Oak Ave,47.64207042922038,-122.31361514433745,OSM
Seattle,,8810,Park Ave,47.649404113212306,-122.3704521165545,OSM
Seattle,,2759,Oak Ave,47.59365510761008,-122.34650251223309,OSM
Seattle,,4794,Oak Ave,47.57944049690642,-122.36521416195602,OSM
Seattle,,2925,Maple Dr,47.58053556683708,-122.31338961490732,OSM
Seattle,,817,Oak Ave,47.606934606251656,-122.31912824695287,OSM
Seattle,,9334,Main St,47.560939008896156,-122.35743316509692,OSM
Seattle,,8511,Maple Dr,47.57822963825135,-122.29226339158869,OSM
Seattle,,2860,Main St,47.63095696145679,-122.3437728232927,OSM
Seattle,,6380,Elm St,47.59379343857315,-122.31970381112149,OSM
Seattle,,6744,Park Ave,47.573355830420425,-122.3290474993428,OSM
Seattle,,7480,Washington Blvd,47.647722088845,-122.28799217200805,OSM
Seattle,,4012,Oak Ave,47.611970066961675,-122.34465364821527,OSM
Seattle,,725,Washington Blvd,47.59128606913683,-122.36372960559207,OSM
Seattle,,9821,Park Ave,47.57757081687594,-122.3323641562191,OSM
Seattle,,5779,Main St,47.57103076828093,-122.3563378294134,OSM
Seattle,,6055,Park Ave,47.62989473221495,-122.29727746426866,OSM
Seattle,,4863,Oak Ave,47.59922658290574,-122.284646772385,OSM
Seattle,,2750,Oak Ave,47.61850793018093,-122.34922878001798,OSM
Seattle,,8738,Washington Blvd,47.652658662852865,-122.32897873211668,OSM
Seattle,,9861,Oak Ave,47.61414322442196,-122.35157521983561,OSM
Seattle,,6127,Maple Dr,47.63762884893551,-122.30477077681775,OSM
Seattle,,5406,Washington Blvd,47.636631712584325,-122.33909169951123,OSM
Seattle,,311,Elm St,47.61340647816048,-122.3533493261733,OSM
Seattle,,9713,Elm St,47.587033793318035,-122.34811319726667,OSM
Seattle,,5687,Main St,47.654428015079745,-122.30180021784305,OSM
Seattle,,8055,Washington Blvd,47.63087653474575,-122.31322102330432,OSM
Seattle,,7365,Park Ave,47.63460563311921,-122.31910975644699,OSM
Seattle,,9944,Oak Ave,47.584559590747865,-122.31169302125063,OSM
Seattle,,2042,Oak Ave,47.57164999841161,-122.37094233954465,OSM
Seattle,,849,Maple Dr,47.560754235875166,-122.28385477096923,OSM
Seattle,,1852,Main St,47.560050314270185,-122.37149401070235,OSM
Seattle,,1370,Maple Dr,47.56797867446307,-122.38123701305928,OSM
Seattle,,7130,Maple Dr,47.625685479562904,-122.35974663596913,OSM
Seattle,,2198,Washington Blvd,47.59297374091038,-122.31918656468788,OSM
Seattle,,2634,Maple Dr,47.60941768500844,-122.31032208400379,OSM
Seattle,,6314,Oak Ave,47.64404483353086,-122.30958691896696,OSM
Seattle,,601,Washington Blvd,47.585890581735164,-122.314141300728,OSM
Seattle,,3514,Park Ave,47.649782607393846,-122.3382830375707,OSM
Seattle,,2590,Maple Dr,47.58021912147887,-122.34464327668509,OSM
Seattle,,3869,Washington Blvd,47.596603506452,-122.2905757394996,OSM
Seattle,,5816,Elm St,47.570580464872414,-122.29801970814329,OSM
Seattle,,3669,Oak Ave,47.61124184624587,-122.36417811485201,OSM
Seattle,,2646,Maple Dr,47.56477371714251,-122.32627791393067,OSM
Seattle,,8432,Washington Blvd,47.584699242739624,-122.28886866155028,OSM
Seattle,,8915,Park Ave,47.5954695391695,-122.31488203523988,OSM
Seattle,,6053,Washington Blvd,47.61367152019367,-122.30807136091461,OSM
Seattle,,397,Maple Dr,47.567006575808314,-122.34730143518293,OSM
Seattle,,2745,Washington Blvd,47.650143802488515,-122.31596423543235,OSM
Seattle,,3986,Maple Dr,47.568979929017495,-122.37136631258137,OSM
Seattle,,928,Elm St,47.63760471407218,-122.36363108760031,OSM
Seattle,,8044,Oak Ave,47.58428385261434,-122.37898022619905,OSM
Seattle,,9792,Main St,47.620031910615175,-122.3616007755846,OSM
Seattle,,3149,Maple Dr,47.57776236390322,-122.33245817494536,OSM
Seattle,,1524,Elm St,47.623738194920996,-122.3295127440598,OSM
Seattle,,3535,Park Ave,47.63958251760543,-122.36291024655037,OSM
Seattle,,6624,Park Ave,47.56765455402721,-122.30959320140035,OSM
Seattle,,8673,Elm St,47.62328890722282,-122.33135098929455,OSM
Seattle,,4665,Washington Blvd,47.64326538079941,-122.28214803085983,OSM
Seattle,,5683,Main St,47.562886308502335,-122.3689086758971,OSM
Seattle,,1576,Elm St,47.6227634697504,-122.33752469390207,OSM
Seattle,,9782,Maple Dr,47.63410553868665,-122.37280392680674,OSM
Seattle,,6686,Oak Ave,47.57004305229273,-122.31806364856735,OSM
Seattle,,527,Washington Blvd,47.647419442041375,-122.34504846236189,OSM
Seattle,,2525,Park Ave,47.591823585034895,-122.31375887306375,OSM
Seattle,,1974,Maple Dr,47.59373643331346,-122.35440388644926,OSM
Seattle,,1405,Maple Dr,47.646569230006115,-122.35398651637878,OSM
Seattle,,1594,Main St,47.62722333805701,-122.30024919430505,OSM
Seattle,,5198,Maple Dr,47.63093891292796,-122.28461972521553,OSM
Seattle,,9606,Main St,47.64939042513673,-122.28383941232038,OSM
Seattle,,3773,Washington Blvd,47.59745762159471,-122.31794762125797,OSM
Seattle,,4583,Main St,47.58698884143101,-122.35321813051992,OSM
Seattle,,1321,Main St,47.59944865609953,-122.35561845979106,OSM
Seattle,,9540,Park Ave,47.6461577762284,-122.36671009804911,OSM
Seattle,,9211,Main St,47.63941026774255,-122.378986805251,OSM
Seattle,,5838,Main St,47.613662561907184,-122.34942799087855,OSM
Seattle,,1790,Washington Blvd,47.57522630882376,-122.37139368038193,OSM
Seattle,,7887,Oak Ave,47.567019866491265,-122.34943106559919,OSM
Seattle,,2962,Elm St,47.63949395359143,-122.37595492090522,OSM
Seattle,,1799,Washington Blvd,47.56287470896855,-122.34804766384974,OSM
Seattle,,6697,Elm St,47.5878397071977,-122.34187686627669,OSM
Seattle,,7296,Oak Ave,47.64095584136869,-122.28928494371655,OSM
Seattle,,2268,Park Ave,47.56883193038599,-122.3506683717823,OSM
Seattle,,9497,Washington Blvd,47.574164677267774,-122.29425331480869,OSM
Seattle,,1009,Main St,47.597596800532706,-122.3449518344664,OSM
Seattle,,7448,Main St,47.565578780031295,-122.29902371043028,OSM
Seattle,,4363,Main St,47.58662497048736,-122.2916979576769,OSM
Seattle,,7129,Park Ave,47.56404989849131,-122.35106386504414,OSM
Seattle,,8252,Maple Dr,47.643629482924915,-122.3725365541698,OSM
Seattle,,3415,Main St,47.61486684454328,-122.37322773474283,OSM
Seattle,,9885,Elm St,47.62747669066682,-122.37872018396828,OSM
Seattle,,8553,Park Ave,47.588665811612756,-122.36220565399815,OSM
Seattle,,2596,Washington Blvd,47.595745592884924,-122.3208971620982,OSM
Seattle,,5744,Oak Ave,47.65495247201896,-122.37357490136439,OSM
Seattle,,5184,Elm St,47.603520158841164,-122.33168449619392,OSM
Seattle,,6653,Park Ave,47.59891509304768,-122.28934908069374,OSM
Seattle,,7731,Washington Blvd,47.586398707760594,-122.3236447495903,OSM
Seattle,,3888,Elm St,47.60696822737723,-122.33955773719653,OSM
Seattle,,874,Washington Blvd,47.630652177529164,-122.34567869493522,OSM
Seattle,,1872,Maple Dr,47.64304052821745,-122.3695810346123,OSM
Seattle,,6075,Washington Blvd,47.61962043021918,-122.33045918284824,OSM
Seattle,,7273,Maple Dr,47.607361100112016,-122.30307516796108,OSM
Seattle,,6586,Maple Dr,47.62380119479922,-122.32806322886309,OSM
Seattle,,3631,Main St,47.59643838379205,-122.30364651733993,OSM
Seattle,,6085,Maple Dr,47.65347711705169,-122.35965488072783,OSM
Seattle,,6114,Oak Ave,47.61368922959317,-122.34023747213575,OSM
Seattle,,7024,Washington Blvd,47.649507375611684,-122.3643137393273,OSM
Seattle,,8549,Maple Dr,47.63694818578458,-122.35570064772601,OSM
Seattle,,188,Main St,47.57071677553668,-122.28431825629649,OSM
Seattle,,8294,Main St,47.598527890523286,-122.33382470815056,OSM
Seattle,,3423,Park Ave,47.60947271521846,-122.36871499943877,OSM
Seattle,,7729,Oak Ave,47.60847318181328,-122.35895064963275,OSM
Seattle,,7833,Washington Blvd,47.63787327923532,-122.37094256839377,OSM
Seattle,,9706,Washington Blvd,47.64912341294356,-122.3722749901992,OSM
Seattle,,8303,Oak Ave,47.55847313211872,-122.28503609747229,OSM
Seattle,,1087,Park Ave,47.609650370574776,-122.3740272197746,OSM
Seattle,,653,Main St,47.62366881882413,-122.34560749884093,OSM
Seattle,,5333,Oak Ave,47.574031637988966,-122.36662310439017,OSM
Seattle,,6705,Maple Dr,47.60992252003596,-122.328207237669,OSM
Seattle,,9431,Park Ave,47.64962524645037,-122.30082190770067,OSM
Seattle,,162,Elm St,47.621998327455,-122.34917789959516,OSM
Seattle,,3099,Maple Dr,47.5762668996692,-122.38127873002423,OSM
Seattle,,8281,Maple Dr,47.62309153786316,-122.30627624275212,OSM
Seattle,,3259,Main St,47.57279784154069,-122.35994413990382,OSM
Seattle,,6030,Maple Dr,47.60412348126262,-122.29469894584857,OSM
Seattle,,4819,Park Ave,47.62229197587571,-122.32414783596737,OSM
Seattle,,4298,Washington Blvd,47.56999081309208,-122.29902537513354,OSM
Seattle,,5881,Maple Dr,47.592910030288756,-122.34988314518783,OSM
Seattle,,2345,Park Ave,47.62107181611421,-122.3040335521972,OSM
Seattle,,3095,Washington Blvd,47.63202557122393,-122.30004702070396,OSM
Seattle,,5367,Oak Ave,47.6097144340279,-122.3471602631515,OSM
Seattle,,1274,Maple Dr,47.57616710018132,-122.29140233490807,OSM
Seattle,,2099,Maple Dr,47.55734540213312,-122.31527985000882,OSM
Seattle,,1557,Oak Ave,47.61610070686437,-122.31008758891066,OSM
Seattle,,5671,Oak Ave,47.61034570511254,-122.34529142826685,OSM
Seattle,,6982,Oak Ave,47.5590374950523,-122.37394088273805,OSM
Seattle,,5228,Elm St,47.616133817265435,-122.35942818408358,OSM
Seattle,,9255,Oak Ave,47.60909724837887,-122.3000726883614,OSM
Seattle,,2819,Maple Dr,47.60318788028323,-122.3799961630571,OSM
Seattle,,1676,Maple Dr,47.583675787626674,-122.31663208233097,OSM
Seattle,,3512,Washington Blvd,47.57549025104183,-122.30853942069741,OSM
Seattle,,9120,Washington Blvd,47.604856543056094,-122.30962375052407,OSM
Seattle,,8404,Washington Blvd,47.604473947932526,-122.36943292555411,OSM
Seattle,,812,Park Ave,47.644230097044655,-122.38207807488936,OSM
Seattle,,7302,Elm St,47.612155495288036,-122.37290482831705,OSM
Seattle,,146,Washington Blvd,47.59427221772117,-122.37361626127363,OSM
Seattle,,5225,Oak Ave,47.58211131460514,-122.2840249852378,OSM
Seattle,,8924,Oak Ave,47.60793099790365,-122.28494605096971,OSM
Seattle,,4528,Park Ave,47.57140705031489,-122.28488232243993,OSM
Seattle,,7042,Main St,47.632353076564264,-122.32379369010211,OSM
Seattle,,3289,Park Ave,47.58371818300595,-122.37919754124354,OSM
Seattle,,697,Main St,47.64696069149557,-122.37245592321243,OSM
Seattle,,9359,Washington Blvd,47.561874733105725,-122.30551299432605,OSM
Seattle,,1069,Washington Blvd,47.6323161695282,-122.34606089130047,OSM
Seattle,,583,Oak Ave,47.59182903546667,-122.28751340438312,OSM
Seattle,,6722,Elm St,47.61774645323783,-122.3053504193439,OSM
Seattle,,1487,Park Ave,47.643624884240005,-122.34805579781863,OSM
Seattle,,4981,Oak Ave,47.581831474759184,-122.37966082772671,OSM
Seattle,,9830,Main St,47.56498860883647,-122.36824480778004,OSM
Seattle,,8983,Maple Dr,47.56911773142742,-122.3765592176771,OSM
Seattle,,8808,Park Ave,47.64865991186884,-122.35316129747875,OSM
Seattle,,1656,Oak Ave,47.573846961347165,-122.37947142291961,OSM
Seattle,,5022,Elm St,47.58539326119523,-122.33670412892829,OSM
Seattle,,5034,Maple Dr,47.625976130133864,-122.35181083136689,OSM
Seattle,,9706,Park Ave,47.63081153472034,-122.36541128511672,OSM
Seattle,,6716,Oak Ave,47.6156319161663,-122.3508964610554,OSM
Seattle,,8273,Oak Ave,47.63618957771502,-122.28569077535707,OSM
Seattle,,115,Elm St,47.65039456027593,-122.31638686144996,OSM
Seattle,,4346,Washington Blvd,47.65043460528295,-122.31636408785391,OSM
Seattle,,1665,Washington Blvd,47.62490813234011,-122.33860706689835,OSM
Seattle,,5838,Oak Ave,47.56500300942479,-122.31901494329163,OSM
Seattle,,935,Oak Ave,47.61966443635048,-122.29865312819531,OSM
Seattle,,8528,Maple Dr,47.60340786226858,-122.38201244972281,OSM
Seattle,,5515,Oak Ave,47.616045016188686,-122.33934418791782,OSM
Seattle,,2649,Elm St,47.61319880003813,-122.35031814896831,OSM
Seattle,,9098,Oak Ave,47.582888512174286,-122.3329777349552,OSM
Seattle,,3144,Main St,47.641024552041515,-122.36886085051627,OSM
Seattle,,7739,Washington Blvd,47.628478550915965,-122.35297015211675,OSM
Seattle,,9930,Park Ave,47.598957492813206,-122.3820977158319,OSM
Seattle,,3426,Washington Blvd,47.585670122194244,-122.28463958791099,OSM
Seattle,,4739,Elm St,47.57215004721986,-122.30598945604869,OSM
Seattle,,8441,Main St,47.5911187277533,-122.3689688073196,OSM
Seattle,,1257,Main St,47.56636703852985,-122.34399871649728,OSM
Seattle,,4874,Park Ave,47.6130477123595,-122.34301705912434,OSM
Seattle,,294,Elm St,47.62548917166218,-122.33677452404709,OSM
Seattle,,9438,Park Ave,47.572313687912526,-122.35836173468681,OSM
Seattle,,5628,Oak Ave,47.62845875161314,-122.32487423256411,OSM
Seattle,,1697,Main St,47.56513479082686,-122.2831760984542,OSM
Seattle,,7417,Elm St,47.562967478190096,-122.32788203034819,OSM
Seattle,,7463,Maple Dr,47.616805222717346,-122.33703910901096,OSM
Seattle,,4593,Park Ave,47.63723372866272,-122.37038166774086,OSM
Seattle,,5992,Park Ave,47.64111781515665,-122.31083096615262,OSM
Seattle,,9353,Elm St,47.560162404572864,-122.37199934089753,OSM
Seattle,,9974,Washington Blvd,47.63700169515375,-122.33922482602641,OSM
Seattle,,3648,Elm St,47.6003580016585,-122.3440058016686,OSM
Seattle,,6563,Washington Blvd,47.59865785526181,-122.3675310495771,OSM
Seattle,,4330,Maple Dr,47.60407462391234,-122.28349005452648,OSM
Seattle,,5392,Main St,47.65140873675676,-122.37089337478935,OSM
Seattle,,5798,Maple Dr,47.57201137060024,-122.36764194584886,OSM
Seattle,,9854,Oak Ave,47.60554000141077,-122.341003990773,OSM
Seattle,,8229,Maple Dr,47.61833191372997,-122.28801996413185,OSM
Seattle,,1529,Main St,47.594705741842525,-122.36568433785034,OSM
Seattle,,2458,Maple Dr,47.57180966437382,-122.32570171335098,OSM
Seattle,,5217,Park Ave,47.64879746670186,-122.31912935331343,OSM
Seattle,,6122,Maple Dr,47.61760080767258,-122.30844064865482,OSM
Seattle,,184,Washington Blvd,47.60776824360699,-122.28745394232898,OSM
Seattle,,3880,Washington Blvd,47.63038842520308,-122.37048783800309,OSM
Seattle,,7697,Park Ave,47.57547388607628,-122.35784118418225,OSM
Seattle,,8555,Main St,47.55824214661135,-122.3517757268419,OSM
Seattle,,8845,Elm St,47.596645212098956,-122.3664936723414,OSM
Seattle,,7420,Elm St,47.57237746690061,-122.30299997665456,OSM
Seattle,,7406,Maple Dr,47.62357344766315,-122.3060371092677,OSM
Seattle,,4704,Main St,47.59400242003479,-122.32309523194623,OSM
Seattle,,4776,Elm St,47.61586079106498,-122.3129234956458,OSM
Seattle,,4529,Oak Ave,47.59534372635507,-122.35032277553655,OSM
Seattle,,5810,Main St,47.604648393570656,-122.36327072769151,OSM
Seattle,,1594,Elm St,47.636439926448,-122.30427726765055,OSM
Seattle,,968,Oak Ave,47.58484150913141,-122.37612992724758,OSM
Seattle,,1530,Elm St,47.60743880072249,-122.33515855415592,OSM
Seattle,,5627,Maple Dr,47.598788326662856,-122.37457648719416,OSM
Seattle,,3748,Main St,47.591802748936416,-122.32092090604125,OSM
Seattle,,122,Main St,47.57841235288469,-122.37428953776391,OSM
Seattle,,8849,Oak Ave,47.58112834218794,-122.37310939352943,OSM
Seattle,,4607,Main St,47.637234259237005,-122.37645102345034,OSM
Seattle,,9374,Elm St,47.610789298477414,-122.30895442332346,OSM
Seattle,,2484,Oak Ave,47.60468700531977,-122.3178785583511,OSM
Seattle,,6782,Oak Ave,47.61401731180097,-122.3811278063016,OSM
Seattle,,3643,Maple Dr,47.59107519090385,-122.28327156583622,OSM
Seattle,,5970,Elm St,47.60303440466887,-122.35186617328715,OSM
Seattle,,9072,Park Ave,47.64214845493981,-122.3108494330929,OSM
Seattle,,736,Main St,47.63006285790758,-122.3764744697909,OSM
Seattle,,3589,Maple Dr,47.56473421529103,-122.30394558942052,OSM
Seattle,,7801,Washington Blvd,47.655367484779426,-122.36500093224521,OSM
Seattle,,3802,Oak Ave,47.58366022064762,-122.35497385672373,OSM
Seattle,,9509,Oak Ave,47.62703349165394,-122.3565404182445,OSM
Seattle,,861,Washington Blvd,47.5603532174968,-122.36601831124602,OSM
Seattle,,7926,Maple Dr,47.64226815088476,-122.32041076629018,OSM
Seattle,,7867,Main St,47.592855244598915,-122.31539470409169,OSM
Seattle,,277,Elm St,47.63121997607322,-122.35564886845675,OSM
Seattle,,3915,Park Ave,47.64803042210089,-122.31477793485053,OSM
Seattle,,9277,Washington Blvd,47.59087716833006,-122.3145063278828,OSM
Seattle,,8827,Elm St,47.64135253815782,-122.28421655548013,OSM
Seattle,,972,Maple Dr,47.58035415699865,-122.34697360242389,OSM
Seattle,,1058,Main St,47.60185358494169,-122.32893098062766,OSM
Seattle,,7563,Washington Blvd,47.559429641303005,-122.32668921918292,OSM
Seattle,,2139,Oak Ave,47.61884590520327,-122.28784922978687,OSM
Seattle,,6265,Washington Blvd,47.56204441123573,-122.37911899395664,OSM
Seattle,,7997,Washington Blvd,47.5688365088695,-122.31091869488435,OSM
Seattle,,3281,Washington Blvd,47.62807176876205,-122.32767442087155,OSM
Seattle,,8763,Main St,47.62755413836946,-122.3056458724537,OSM
Seattle,,6829,Oak Ave,47.57516805147155,-122.2903286965281,OSM
Seattle,,6677,Washington Blvd,47.607248476539645,-122.34232411453043,OSM
Seattle,,8995,Main St,47.60162417486293,-122.34282576396097,OSM
Seattle,,3113,Elm St,47.61317316184183,-122.34733747062826,OSM
Seattle,,2227,Park Ave,47.64036603298783,-122.35838811515244,OSM
Seattle,,6700,Maple Dr,47.61988422959628,-122.34934836956809,OSM
Seattle,,5875,Oak Ave,47.58689034914936,-122.34451882533594,OSM
Seattle,,4716,Elm St,47.64108114169606,-122.30365972382629,OSM
Seattle,,6342,Main St,47.5932669265988,-122.31683196308576,OSM
Seattle,,817,Elm St,47.60405337008243,-122.28960580521785,OSM
Seattle,,8209,Washington Blvd,47.579052533608134,-122.3515237586242,OSM
Seattle,,2394,Elm St,47.56014303093031,-122.28493155720572,OSM
Seattle,,1393,Washington Blvd,47.55804435640818,-122.37422328272639,OSM
Seattle,,1617,Park Ave,47.63448634343943,-122.29285510595679,OSM
Seattle,,6452,Maple Dr,47.60224424988998,-122.28343606378249,OSM
Seattle,,1276,Maple Dr,47.60095702798273,-122.36853955601421,OSM
Seattle,,8026,Main St,47.57050075873289,-122.36121954149681,OSM
Seattle,,7133,Oak Ave,47.60943747096669,-122.28867371366832,OSM
Seattle,,1316,Maple Dr,47.57581688647838,-122.31795905606349,OSM
Seattle,,1476,Oak Ave,47.619117563775006,-122.36371506802884,OSM
Seattle,,354,Elm St,47.58886103986032,-122.30950827816874,OSM
Seattle,,5217,Oak Ave,47.590846181246114,-122.34320554609624,OSM
Seattle,,4827,Elm St,47.59466448236328,-122.37476110256223,OSM
Seattle,,6918,Park Ave,47.62200601549929,-122.32488273155595,OSM
Seattle,,6147,Main St,47.60690035897388,-122.3189302839594,OSM
Seattle,,2671,Maple Dr,47.602220272128406,-122.34248951923097,OSM
Seattle,,6546,Oak Ave,47.628618754741595,-122.3501045302295,OSM
Seattle,,4702,Main St,47.62752878394319,-122.37196300378459,OSM
Seattle,,9562,Maple Dr,47.55846994697976,-122.29193589668273,OSM
Seattle,,6013,Main St,47.59213386754057,-122.30904648811794,OSM
Seattle,,5495,Washington Blvd,47.611048574942394,-122.33303590867175,OSM
Seattle,,5089,Washington Blvd,47.620885955788985,-122.3146504715887,OSM
Seattle,,1183,Maple Dr,47.55696322088897,-122.31027426716842,OSM
Seattle,,3217,Park Ave,47.63561435736761,-122.3439637654873,OSM
Seattle,,6383,Elm St,47.637160465975406,-122.361180765333,OSM
Seattle,,4199,Main St,47.6035313155865,-122.32925329748704,OSM
Seattle,,7144,Oak Ave,47.600990679023745,-122.310318484757,OSM
Seattle,,2941,Park Ave,47.59348734650466,-122.34761902718924,OSM
Seattle,,7426,Maple Dr,47.62282411702184,-122.28357767984919,OSM
Seattle,,6398,Maple Dr,47.563291279834615,-122.30493699013344,OSM
Seattle,,8110,Maple Dr,47.61285580961966,-122.30639453228821,OSM
Seattle,,7255,Maple Dr,47.5760380525495,-122.34494896486348,OSM
Seattle,,3244,Maple Dr,47.59974455232893,-122.31076555507786,OSM
Seattle,,9167,Oak Ave,47.6250539374585,-122.35082159418552,OSM
Seattle,,3510,Elm St,47.56668854694088,-122.3662543392843,OSM
Seattle,,3397,Maple Dr,47.60925386288418,-122.28386929535853,OSM
Seattle,,534,Main St,47.6033115465349,-122.30408973530017,OSM
Seattle,,4177,Park Ave,47.62026773738241,-122.29199708246051,OSM
Seattle,,4305,Elm St,47.6299911968491,-122.28850523730881,OSM
Seattle,,658,Main St,47.56554046156798,-122.30814273599108,OSM
Seattle,,3354,Park Ave,47.6144488090663,-122.37724622451175,OSM
Seattle,,2732,Elm St,47.58239873293568,-122.36235265958915,OSM
Seattle,,7551,Maple Dr,47.57946335229956,-122.337890623067,OSM
Seattle,,9148,Maple Dr,47.63102528950714,-122.35921034714941,OSM
Seattle,,4811,Elm St,47.59160452415335,-122.35716343969705,OSM
Seattle,,3811,Maple Dr,47.64073476859094,-122.35794340581714,OSM
Seattle,,3021,Washington Blvd,47.63854176344218,-122.36849029929319,OSM
Seattle,,2812,Park Ave,47.63743176496362,-122.32610073492803,OSM
Seattle,,1377,Maple Dr,47.568007213027464,-122.29570820896214,OSM
Seattle,,9586,Main St,47.63399035659728,-122.30858946943113,OSM
Seattle,,1577,Elm St,47.61501439627222,-122.34072508915858,OSM
Seattle,,5530,Oak Ave,47.5855153383468,-122.32576651955527,OSM
Seattle,,9503,Main St,47.65327785208784,-122.35186885485874,OSM
Seattle,,4531,Elm St,47.57067245443425,-122.36088641258574,OSM
Seattle,,1450,Maple Dr,47.65155651286577,-122.28456876632228,OSM
Seattle,,7683,Park Ave,47.63278379363374,-122.30859248681244,OSM
